"LOAD_BATCH_ID","ROW_ID","ORDER_ID","ORDER_DATE","SHIP_DATE","SHIP_MODE","CUSTOMER_ID","CUSTOMER_NAME","SEGMENT","COUNTRY","CITY","STATE_PROVINCE","POSTAL_CODE","REGION","PRODUCT_ID","CATEGORY","SUB_CATEGORY","PRODUCT_NAME","SALES","QUANTITY","DISCOUNT","PROFIT","RETURNED"
"1","1","US-2023-103800","2023-01-03","2023-01-07","Standard Class","DP-13000","Darren Powers","Consumer","United States","Houston","Texas","77095","Central","OFF-PA-10000174","Office Supplies","Paper","Message Book, Wirebound, Four 5 1/2"" X 4"" Forms/Pg., 200 Dupl. Sets/Book","16.448","2","0.2","5.551199999999998","No"
"1","2","US-2023-112326","2023-01-04","2023-01-08","Standard Class","PO-19195","Phillina Ober","Home Office","United States","Naperville","Illinois","60540","Central","OFF-BI-10004094","Office Supplies","Binders","GBC Standard Plastic Binding Systems Combs","3.539999999999999","2","0.8","-5.487","No"
"1","3","US-2023-112326","2023-01-04","2023-01-08","Standard Class","PO-19195","Phillina Ober","Home Office","United States","Naperville","Illinois","60540","Central","OFF-LA-10003223","Office Supplies","Labels","Avery 508","11.784","3","0.2","4.271699999999999","No"
"1","4","US-2023-112326","2023-01-04","2023-01-08","Standard Class","PO-19195","Phillina Ober","Home Office","United States","Naperville","Illinois","60540","Central","OFF-ST-10002743","Office Supplies","Storage","SAFCO Boltless Steel Shelving","272.736","3","0.2","-64.77480000000001","No"
"1","5","US-2023-141817","2023-01-05","2023-01-12","Standard Class","MB-18085","Mick Brown","Consumer","United States","Philadelphia","Pennsylvania","19143","East","OFF-AR-10003478","Office Supplies","Art","Avery Hi-Liter EverBold Pen Style Fluorescent Highlighters, 4/Pack","19.536","3","0.2","4.884","No"
"1","6","US-2023-167199","2023-01-06","2023-01-10","Standard Class","ME-17320","Maria Etezadi","Home Office","United States","Henderson","Kentucky","42420","South","FUR-CH-10004063","Furniture","Chairs","Global Deluxe High-Back Manager's Chair","2573.82","9","0.0","746.4077999999997","No"
"1","7","US-2023-167199","2023-01-06","2023-01-10","Standard Class","ME-17320","Maria Etezadi","Home Office","United States","Henderson","Kentucky","42420","South","OFF-AR-10001662","Office Supplies","Art","Rogers Handheld Barrel Pencil Sharpener","5.48","2","0.0","1.4796000000000005","No"
"1","8","US-2023-106054","2023-01-06","2023-01-07","First Class","JO-15145","Jack O'Briant","Corporate","United States","Athens","Georgia","30605","South","OFF-AR-10002399","Office Supplies","Art","Dixon Prang Watercolor Pencils, 10-Color Set with Brush","12.78","3","0.0","5.2398","No"
"1","9","US-2023-167199","2023-01-06","2023-01-10","Standard Class","ME-17320","Maria Etezadi","Home Office","United States","Henderson","Kentucky","42420","South","OFF-BI-10004632","Office Supplies","Binders","Ibico Hi-Tech Manual Binding System","609.98","2","0.0","274.491","No"
"1","10","US-2023-167199","2023-01-06","2023-01-10","Standard Class","ME-17320","Maria Etezadi","Home Office","United States","Henderson","Kentucky","42420","South","OFF-FA-10001883","Office Supplies","Fasteners","Alliance Super-Size Bands, Assorted Sizes","31.12","4","0.0","0.3111999999999995","No"
"1","11","US-2023-167199","2023-01-06","2023-01-10","Standard Class","ME-17320","Maria Etezadi","Home Office","United States","Henderson","Kentucky","42420","South","OFF-PA-10000955","Office Supplies","Paper","Southworth 25% Cotton Granite Paper & Envelopes","6.54","1","0.0","3.0084","No"
"1","12","US-2023-130813","2023-01-06","2023-01-08","Second Class","LS-17230","Lycoris Saunders","Consumer","United States","Los Angeles","California","90049","West","OFF-PA-10002005","Office Supplies","Paper","Xerox 225","19.44","3","0.0","9.3312","No"
"1","13","US-2023-167199","2023-01-06","2023-01-10","Standard Class","ME-17320","Maria Etezadi","Home Office","United States","Henderson","Kentucky","42420","South","TEC-PH-10004539","Technology","Phones","Wireless Extenders zBoost YX545 SOHO Signal Booster","755.96","4","0.0","204.1092","No"
"1","14","US-2023-167199","2023-01-06","2023-01-10","Standard Class","ME-17320","Maria Etezadi","Home Office","United States","Henderson","Kentucky","42420","South","TEC-PH-10004977","Technology","Phones","GE 30524EE4","391.98","2","0.0","113.67419999999998","No"
"1","15","US-2023-105417","2023-01-07","2023-01-12","Standard Class","VS-21820","Vivek Sundaresam","Consumer","United States","Huntsville","Texas","77340","Central","FUR-FU-10004864","Furniture","Furnishings","Howard Miller 14-1/2"" Diameter Chrome Round Wall Clock","76.72800000000001","3","0.6","-53.70959999999999","No"
"1","16","US-2023-105417","2023-01-07","2023-01-12","Standard Class","VS-21820","Vivek Sundaresam","Consumer","United States","Huntsville","Texas","77340","Central","OFF-BI-10003708","Office Supplies","Binders","Acco Four Pocket Poly Ring Binder with Label Holder, Smoke, 1""","10.429999999999998","7","0.8","-18.252500000000005","No"
"1","17","US-2023-135405","2023-01-09","2023-01-13","Standard Class","MS-17830","Melanie Seite","Consumer","United States","Laredo","Texas","78041","Central","OFF-AR-10004078","Office Supplies","Art","Newell 312","9.344","2","0.2","1.1679999999999997","No"
"1","18","US-2023-135405","2023-01-09","2023-01-13","Standard Class","MS-17830","Melanie Seite","Consumer","United States","Laredo","Texas","78041","Central","TEC-AC-10001266","Technology","Accessories","Memorex Micro Travel Drive 8 GB","31.200000000000003","3","0.2","9.749999999999996","No"
"1","19","US-2023-149020","2023-01-10","2023-01-15","Standard Class","AJ-10780","Anthony Jacobs","Corporate","United States","Springfield","Virginia","22153","South","FUR-FU-10000965","Furniture","Furnishings","Howard Miller 11-1/2"" Diameter Ridgewood Wall Clock","51.94","1","0.0","21.2954","No"
"1","20","US-2023-149020","2023-01-10","2023-01-15","Standard Class","AJ-10780","Anthony Jacobs","Corporate","United States","Springfield","Virginia","22153","South","OFF-LA-10004272","Office Supplies","Labels","Avery 482","2.89","1","0.0","1.3583","No"
"1","21","US-2023-130092","2023-01-11","2023-01-14","First Class","SV-20365","Seth Vernon","Consumer","United States","Dover","Delaware","19901","East","FUR-FU-10000010","Furniture","Furnishings","DAX Value U-Channel Document Frames, Easel Back","9.94","2","0.0","3.0813999999999995","No"
"1","22","US-2023-157147","2023-01-13","2023-01-18","Standard Class","BD-11605","Brian Dahlen","Consumer","United States","San Francisco","California","94109","West","FUR-BO-10003034","Furniture","Bookcases","O'Sullivan Elevations Bookcase, Cherry Finish","333.99899999999997","3","0.15","3.929400000000008","No"
"1","23","US-2023-109232","2023-01-13","2023-01-16","Second Class","ND-18370","Natalie DeCherney","Consumer","United States","Mount Pleasant","South Carolina","29464","South","FUR-CH-10000422","Furniture","Chairs","Global Highback Leather Tilter in Burgundy","545.9399999999999","6","0.0","87.35040000000004","No"
"1","24","US-2023-157147","2023-01-13","2023-01-18","Standard Class","BD-11605","Brian Dahlen","Consumer","United States","San Francisco","California","94109","West","OFF-AR-10003514","Office Supplies","Art","4009 Highlighters by Sanford","19.9","5","0.0","6.566999999999998","No"
"1","25","US-2023-118192","2023-01-13","2023-01-18","Standard Class","MM-17920","Michael Moore","Consumer","United States","Newark","Ohio","43055","East","OFF-BI-10003476","Office Supplies","Binders","Avery Metallic Poly Binders","3.4380000000000006","2","0.7","-2.5212000000000003","No"
"1","26","US-2023-162775","2023-01-13","2023-01-15","Second Class","CS-12250","Chris Selesnick","Corporate","United States","Bossier City","Louisiana","71111","South","OFF-BI-10004187","Office Supplies","Binders","3-ring staple pack","5.64","3","0.0","2.7071999999999994","No"
"1","27","US-2023-162775","2023-01-13","2023-01-15","Second Class","CS-12250","Chris Selesnick","Corporate","United States","Bossier City","Louisiana","71111","South","OFF-EN-10001532","Office Supplies","Envelopes","Brown Kraft Recycled Envelopes","50.94","3","0.0","25.47","No"
"1","28","US-2023-162775","2023-01-13","2023-01-15","Second Class","CS-12250","Chris Selesnick","Corporate","United States","Bossier City","Louisiana","71111","South","OFF-EN-10001990","Office Supplies","Envelopes","Staple envelope","11.36","2","0.0","5.339199999999999","No"
"1","29","US-2023-118192","2023-01-13","2023-01-18","Standard Class","MM-17920","Michael Moore","Consumer","United States","Newark","Ohio","43055","East","OFF-PA-10002947","Office Supplies","Paper","Xerox 1923","37.408","7","0.2","13.0928","No"
"1","30","US-2023-162775","2023-01-13","2023-01-15","Second Class","CS-12250","Chris Selesnick","Corporate","United States","Bossier City","Louisiana","71111","South","OFF-ST-10000025","Office Supplies","Storage","Fellowes Stor/Drawer Steel Plus Storage Drawers","572.58","6","0.0","34.354799999999955","No"
"1","31","US-2023-157147","2023-01-13","2023-01-18","Standard Class","BD-11605","Brian Dahlen","Consumer","United States","San Francisco","California","94109","West","OFF-ST-10000078","Office Supplies","Storage","Tennsco 6- and 18-Compartment Lockers","1325.85","5","0.0","238.6529999999999","No"
"1","32","US-2023-162775","2023-01-13","2023-01-15","Second Class","CS-12250","Chris Selesnick","Corporate","United States","Bossier City","Louisiana","71111","South","TEC-AC-10003174","Technology","Accessories","Plantronics S12 Corded Telephone Headset System","646.74","6","0.0","258.696","No"
"1","33","US-2023-149524","2023-01-14","2023-01-15","First Class","BS-11590","Brendan Sweed","Corporate","United States","Philadelphia","Pennsylvania","19140","East","FUR-BO-10003433","Furniture","Bookcases","Sauder Cornerstone Collection Library","61.96","4","0.5","-53.28560000000001","No"
"1","34","US-2023-103366","2023-01-15","2023-01-17","First Class","EH-13990","Erica Hackney","Consumer","United States","Roswell","Georgia","30076","South","TEC-AC-10003628","Technology","Accessories","Logitech 910-002974 M325 Wireless Mouse for Web Scrolling","149.95","5","0.0","65.97800000000001","No"
"1","35","US-2023-115791","2023-01-16","2023-01-18","Second Class","DL-13315","Delfina Latchford","Consumer","United States","Philadelphia","Pennsylvania","19134","East","FUR-FU-10001095","Furniture","Furnishings","DAX Black Cherry Wood-Tone Poster Frame","127.104","6","0.2","28.5984","No"
"1","36","US-2023-115791","2023-01-16","2023-01-18","Second Class","DL-13315","Delfina Latchford","Consumer","United States","Philadelphia","Pennsylvania","19134","East","OFF-BI-10001575","Office Supplies","Binders","GBC Linen Binding Covers","18.588000000000005","2","0.7","-13.6312","No"
"1","37","US-2023-115791","2023-01-16","2023-01-18","Second Class","DL-13315","Delfina Latchford","Consumer","United States","Philadelphia","Pennsylvania","19134","East","OFF-LA-10001074","Office Supplies","Labels","Round Specialty Laser Printer Labels","30.072000000000003","3","0.2","10.149299999999997","No"
"1","38","US-2023-115791","2023-01-16","2023-01-18","Second Class","DL-13315","Delfina Latchford","Consumer","United States","Philadelphia","Pennsylvania","19134","East","TEC-PH-10004614","Technology","Phones","AT&T 841000 Phone","124.2","3","0.4","-31.05000000000001","No"
"1","39","US-2023-123477","2023-01-18","2023-01-21","Second Class","DW-13195","David Wiener","Corporate","United States","Springfield","Oregon","97477","West","OFF-AP-10000692","Office Supplies","Appliances","Fellowes Mighty 8 Compact Surge Protector","64.864","4","0.2","6.486400000000003","No"
"1","40","US-2023-146591","2023-01-19","2023-01-20","First Class","TS-21340","Toby Swindell","Consumer","United States","Scottsdale","Arizona","85254","West","FUR-BO-10001972","Furniture","Bookcases","O'Sullivan 4-Shelf Bookcase in Odessa Pine","181.47000000000003","5","0.7","-320.597","No"
"1","41","US-2023-146591","2023-01-19","2023-01-20","First Class","TS-21340","Toby Swindell","Consumer","United States","Scottsdale","Arizona","85254","West","OFF-BI-10003676","Office Supplies","Binders","GBC Standard Recycled Report Covers, Clear Plastic Sheets","32.34","10","0.7","-23.716","No"
"1","42","US-2023-146591","2023-01-19","2023-01-20","First Class","TS-21340","Toby Swindell","Consumer","United States","Scottsdale","Arizona","85254","West","OFF-EN-10002504","Office Supplies","Envelopes","Tyvek  Top-Opening Peel & Seel Envelopes, Plain White","108.72","5","0.2","36.693","No"
"1","43","US-2023-146591","2023-01-19","2023-01-20","First Class","TS-21340","Toby Swindell","Consumer","United States","Scottsdale","Arizona","85254","West","OFF-PA-10000659","Office Supplies","Paper","TOPS Carbonless Receipt Book, Four 2-3/4 x 7-1/4 Money Receipts per Page","56.064","4","0.2","19.6224","No"
"1","44","US-2023-147627","2023-01-20","2023-01-26","Standard Class","HL-15040","Hunter Lopez","Consumer","United States","Jonesboro","Arkansas","72401","South","FUR-CH-10002331","Furniture","Chairs","Hon 4700 Series Mobuis Mid-Back Task Chairs with Adjustable Arms","1067.94","3","0.0","224.2673999999999","No"
"1","45","US-2023-167927","2023-01-20","2023-01-26","Standard Class","XP-21865","Xylona Preis","Consumer","United States","Westland","Michigan","48185","Central","FUR-FU-10002268","Furniture","Furnishings","Ultra Door Push Plate","14.73","3","0.0","4.860899999999999","No"
"1","46","US-2023-167927","2023-01-20","2023-01-26","Standard Class","XP-21865","Xylona Preis","Consumer","United States","Westland","Michigan","48185","Central","FUR-FU-10002918","Furniture","Furnishings","Eldon ClusterMat Chair Mat with Cordless Antistatic Protection","272.94","3","0.0","30.02340000000001","No"
"1","47","US-2023-147627","2023-01-20","2023-01-26","Standard Class","HL-15040","Hunter Lopez","Consumer","United States","Jonesboro","Arkansas","72401","South","FUR-FU-10003194","Furniture","Furnishings","Eldon Expressions Desk Accessory, Wood Pencil Holder, Oak","38.6","4","0.0","11.579999999999998","No"
"1","48","US-2023-148614","2023-01-20","2023-01-25","Standard Class","MV-17485","Mark Van Huff","Consumer","United States","Los Angeles","California","90049","West","FUR-FU-10003194","Furniture","Furnishings","Eldon Expressions Desk Accessory, Wood Pencil Holder, Oak","19.3","2","0.0","5.789999999999999","Yes"
"1","49","US-2023-167927","2023-01-20","2023-01-26","Standard Class","XP-21865","Xylona Preis","Consumer","United States","Westland","Michigan","48185","Central","OFF-AP-10002311","Office Supplies","Appliances","Holmes Replacement Filter for HEPA Air Cleaner, Very Large Room, HEPA Filter","247.716","4","0.1","93.5816","No"
"1","50","US-2023-147627","2023-01-20","2023-01-26","Standard Class","HL-15040","Hunter Lopez","Consumer","United States","Jonesboro","Arkansas","72401","South","OFF-AR-10002375","Office Supplies","Art","Newell 351","22.959999999999997","7","0.0","6.658399999999997","No"
"1","51","US-2023-147627","2023-01-20","2023-01-26","Standard Class","HL-15040","Hunter Lopez","Consumer","United States","Jonesboro","Arkansas","72401","South","OFF-AR-10003811","Office Supplies","Art","Newell 327","6.63","3","0.0","1.7901","No"
"1","52","US-2023-167927","2023-01-20","2023-01-26","Standard Class","XP-21865","Xylona Preis","Consumer","United States","Westland","Michigan","48185","Central","OFF-AR-10004456","Office Supplies","Art","Panasonic KP-4ABK Battery-Operated Pencil Sharpener","43.92","3","0.0","12.7368","No"
"1","53","US-2023-167927","2023-01-20","2023-01-26","Standard Class","XP-21865","Xylona Preis","Consumer","United States","Westland","Michigan","48185","Central","OFF-BI-10000605","Office Supplies","Binders","Acco Pressboard Covers with Storage Hooks, 9 1/2"" x 11"", Executive Red","19.05","5","0.0","8.953499999999998","No"
"1","54","US-2023-147774","2023-01-20","2023-01-26","Standard Class","MM-18280","Muhammed MacIntyre","Corporate","United States","Smyrna","Tennessee","37167","South","OFF-BI-10003091","Office Supplies","Binders","GBC DocuBind TL200 Manual Binding Machine","67.194","1","0.7","-51.515399999999985","No"
"1","55","US-2023-167927","2023-01-20","2023-01-26","Standard Class","XP-21865","Xylona Preis","Consumer","United States","Westland","Michigan","48185","Central","OFF-BI-10004364","Office Supplies","Binders","Storex Dura Pro Binders","29.700000000000003","5","0.0","13.365","No"
"1","56","US-2023-147627","2023-01-20","2023-01-26","Standard Class","HL-15040","Hunter Lopez","Consumer","United States","Jonesboro","Arkansas","72401","South","OFF-EN-10001539","Office Supplies","Envelopes","Staple envelope","23.34","3","0.0","10.9698","No"
"1","57","US-2023-148614","2023-01-20","2023-01-25","Standard Class","MV-17485","Mark Van Huff","Consumer","United States","Los Angeles","California","90049","West","OFF-PA-10002893","Office Supplies","Paper","Wirebound Service Call Books, 5 1/2"" x 4""","19.36","2","0.0","9.2928","Yes"
"1","58","US-2023-167927","2023-01-20","2023-01-26","Standard Class","XP-21865","Xylona Preis","Consumer","United States","Westland","Michigan","48185","Central","OFF-ST-10000760","Office Supplies","Storage","Eldon Fold 'N Roll Cart System","13.98","1","0.0","4.0542","No"
"1","59","US-2023-167927","2023-01-20","2023-01-26","Standard Class","XP-21865","Xylona Preis","Consumer","United States","Westland","Michigan","48185","Central","OFF-ST-10003123","Office Supplies","Storage","Fellowes Bases and Tops For Staxonsteel/High-Stak Systems","66.58","2","0.0","15.9792","No"
"1","60","US-2023-147627","2023-01-20","2023-01-26","Standard Class","HL-15040","Hunter Lopez","Consumer","United States","Jonesboro","Arkansas","72401","South","TEC-PH-10001061","Technology","Phones","Apple iPhone 5C","699.93","7","0.0","181.9818","No"
"1","61","US-2023-110422","2023-01-21","2023-01-23","Second Class","TB-21400","Tom Boeckenhauer","Consumer","United States","Miami","Florida","33180","South","FUR-FU-10001889","Furniture","Furnishings","Ultra Door Pull Handle","25.248","3","0.2","4.102799999999999","No"
"1","62","CA-2023-115238","2023-01-21","2023-01-24","Standard Class","JW-15220","Jane Waco","Corporate","Canada","Toronto","Ontario","M7A","East","FUR-FU-10001025","Furniture","Furnishings","Eldon Imàge Series Desk Accessories, Clear","24.3","5","0.0","10.45","No"
"1","63","CA-2023-115238","2023-01-21","2023-01-24","Standard Class","JW-15220","Jane Waco","Corporate","Canada","Toronto","Ontario","M7A","East","FUR-FU-10002445","Furniture","Furnishings","DAX Two-Tone Rosewood/Black Document Frame, Desktop, 5 x 7","9.48","1","0.0","3.79","No"
"1","64","CA-2023-115238","2023-01-21","2023-01-24","Standard Class","JW-15220","Jane Waco","Corporate","Canada","Toronto","Ontario","M7A","East","FUR-FU-10002960","Furniture","Furnishings","Eldon 200 Class Desk Accessories, Burgundy","31.4","5","0.0","13.19","No"
"1","65","CA-2023-115238","2023-01-21","2023-01-24","Standard Class","JW-15220","Jane Waco","Corporate","Canada","Toronto","Ontario","M7A","East","OFF-PA-10002689","Office Supplies","Paper","Weyerhaeuser First Choice Laser/Copy Paper (20Lb. and 88 Bright)","6.48","1","0.0","3.11","No"
"1","66","CA-2023-115238","2023-01-21","2023-01-24","Standard Class","JW-15220","Jane Waco","Corporate","Canada","Toronto","Ontario","M7A","East","TEC-PH-10001300","Technology","Phones","iKross Bluetooth Portable Keyboard + Cell Phone Stand Holder + Brush for Apple iPhone 5S 5C 5, 4S 4","209.5","10","0.0","58.66","No"
"1","67","US-2023-146997","2023-01-23","2023-01-27","Standard Class","SG-20605","Speros Goranitis","Consumer","United States","Lafayette","Indiana","47905","Central","OFF-FA-10003467","Office Supplies","Fasteners","Alliance Big Bands Rubber Bands, 12/Pack","5.9399999999999995","3","0.0","0.0","No"
"1","68","US-2023-102645","2023-01-23","2023-01-28","Standard Class","IM-15055","Ionia McGrath","Consumer","United States","Las Vegas","Nevada","89115","West","OFF-PA-10001804","Office Supplies","Paper","Xerox 195","40.08","6","0.0","19.2384","No"
"1","69","US-2023-167997","2023-01-26","2023-01-29","First Class","CA-11965","Carol Adams","Corporate","United States","Rapid City","South Dakota","57701","Central","FUR-BO-10004409","Furniture","Bookcases","Safco Value Mate Series Steel Bookcases, Baked Enamel Finish on Steel, Gray","141.96","2","0.0","39.7488","No"
"1","70","US-2023-155502","2023-01-26","2023-01-31","Standard Class","SD-20485","Shirley Daniels","Home Office","United States","Alexandria","Virginia","22304","South","FUR-FU-10001847","Furniture","Furnishings","Eldon Image Series Black Desk Accessories","12.419999999999998","3","0.0","4.4712","No"
"1","71","US-2023-155502","2023-01-26","2023-01-31","Standard Class","SD-20485","Shirley Daniels","Home Office","United States","Alexandria","Virginia","22304","South","FUR-FU-10004587","Furniture","Furnishings","GE General Use Halogen Bulbs, 100 Watts, 1 Bulb per Pack","62.82000000000001","3","0.0","30.7818","No"
"1","72","US-2023-167997","2023-01-26","2023-01-29","First Class","CA-11965","Carol Adams","Corporate","United States","Rapid City","South Dakota","57701","Central","OFF-BI-10001758","Office Supplies","Binders","Wilson Jones 14 Line Acrylic Coated Pressboard Data Binders","10.68","2","0.0","5.0196","No"
"1","73","US-2023-155502","2023-01-26","2023-01-31","Standard Class","SD-20485","Shirley Daniels","Home Office","United States","Alexandria","Virginia","22304","South","OFF-PA-10000380","Office Supplies","Paper","REDIFORM Incoming/Outgoing Call Register, 11"" X 8 1/2"", 100 Messages","16.68","2","0.0","8.34","No"
"1","74","US-2023-155502","2023-01-26","2023-01-31","Standard Class","SD-20485","Shirley Daniels","Home Office","United States","Alexandria","Virginia","22304","South","OFF-PA-10003072","Office Supplies","Paper","Eureka Recycled Copy Paper 8 1/2"" x 11"", Ream","19.44","3","0.0","9.3312","No"
"1","75","US-2023-155502","2023-01-26","2023-01-31","Standard Class","SD-20485","Shirley Daniels","Home Office","United States","Alexandria","Virginia","22304","South","OFF-ST-10004337","Office Supplies","Storage","SAFCO Commercial Wire Shelving, 72h","489.92","8","0.0","0.0","No"
"1","76","US-2023-155502","2023-01-26","2023-01-31","Standard Class","SD-20485","Shirley Daniels","Home Office","United States","Alexandria","Virginia","22304","South","TEC-PH-10002103","Technology","Phones","Jabra SPEAK 410","187.98","2","0.0","52.6344","No"
"1","77","US-2023-155502","2023-01-26","2023-01-31","Standard Class","SD-20485","Shirley Daniels","Home Office","United States","Alexandria","Virginia","22304","South","TEC-PH-10004833","Technology","Phones","Macally Suction Cup Mount","155.35","13","0.0","0.0","No"
"1","78","US-2023-117163","2023-01-27","2023-02-02","Standard Class","EJ-13720","Ed Jacobs","Consumer","United States","San Diego","California","92037","West","FUR-TA-10003469","Furniture","Tables","Balt Split Level Computer Training Table","333.0","3","0.2","-16.64999999999999","No"
"1","79","US-2023-117163","2023-01-27","2023-02-02","Standard Class","EJ-13720","Ed Jacobs","Consumer","United States","San Diego","California","92037","West","OFF-AR-10003179","Office Supplies","Art","Dixon Ticonderoga Core-Lock Colored Pencils","36.44","4","0.0","12.025199999999998","No"
"1","80","US-2023-117163","2023-01-27","2023-02-02","Standard Class","EJ-13720","Ed Jacobs","Consumer","United States","San Diego","California","92037","West","OFF-ST-10003692","Office Supplies","Storage","Recycled Steel Personal File for Hanging File Folders","57.23","1","0.0","14.307499999999996","No"
"1","81","US-2023-100328","2023-01-28","2023-02-03","Standard Class","JC-15340","Jasper Cacioppo","Consumer","United States","New York City","New York","10024","East","OFF-BI-10000343","Office Supplies","Binders","Pressboard Covers with Storage Hooks, 9 1/2"" x 11"", Light Blue","3.928","1","0.2","1.3257","No"
"1","82","US-2023-134103","2023-01-30","2023-02-04","Standard Class","MV-18190","Mike Vittorini","Consumer","United States","Detroit","Michigan","48234","Central","OFF-PA-10001204","Office Supplies","Paper","Xerox 1972","10.56","2","0.0","4.752","No"
"1","83","US-2023-134103","2023-01-30","2023-02-04","Standard Class","MV-18190","Mike Vittorini","Consumer","United States","Detroit","Michigan","48234","Central","OFF-ST-10000991","Office Supplies","Storage","Space Solutions HD Industrial Steel Shelving.","229.94","2","0.0","6.898200000000003","No"
"1","84","US-2023-115161","2023-01-31","2023-02-02","First Class","LC-17050","Liz Carlisle","Consumer","United States","Mission Viejo","California","92691","West","FUR-BO-10003966","Furniture","Bookcases","Sauder Facets Collection Library, Sky Alder Finish","290.666","2","0.15","3.4195999999999884","No"
"1","85","US-2023-140795","2023-02-01","2023-02-03","First Class","BD-11500","Bradley Drucker","Consumer","United States","Green Bay","Wisconsin","54302","Central","TEC-AC-10001432","Technology","Accessories","Enermax Aurora Lite Keyboard","468.9","6","0.0","206.3160000000001","No"
"1","86","US-2023-123400","2023-02-02","2023-02-09","Standard Class","EB-13930","Eric Barreto","Consumer","United States","Saint Petersburg","Florida","33710","South","OFF-BI-10000666","Office Supplies","Binders","Surelock Post Binders","18.336","2","0.7","-12.224","No"
"1","87","US-2023-139857","2023-02-02","2023-02-06","Standard Class","CD-12790","Cynthia Delaney","Home Office","United States","San Diego","California","92037","West","OFF-FA-10001843","Office Supplies","Fasteners","Staples","12.35","5","0.0","5.8045","No"
"1","88","US-2023-123400","2023-02-02","2023-02-09","Standard Class","EB-13930","Eric Barreto","Consumer","United States","Saint Petersburg","Florida","33710","South","TEC-PH-10002890","Technology","Phones","AT&T 17929 Lendline Telephone","180.96","5","0.2","13.571999999999996","No"
"1","89","US-2023-111059","2023-02-03","2023-02-06","Second Class","TB-21400","Tom Boeckenhauer","Consumer","United States","Seattle","Washington","98105","West","OFF-BI-10002827","Office Supplies","Binders","Avery Durable Poly Binders","13.272000000000002","3","0.2","4.3134","No"
"1","90","US-2023-111059","2023-02-03","2023-02-06","Second Class","TB-21400","Tom Boeckenhauer","Consumer","United States","Seattle","Washington","98105","West","OFF-BI-10004593","Office Supplies","Binders","Ibico Laser Imprintable Binding System Covers","83.84","2","0.2","27.248","No"
"1","91","US-2023-104808","2023-02-04","2023-02-08","Second Class","MH-17440","Mark Haberlin","Corporate","United States","Escondido","California","92025","West","OFF-BI-10003676","Office Supplies","Binders","GBC Standard Recycled Report Covers, Clear Plastic Sheets","17.248","2","0.2","6.036799999999999","No"
"1","92","US-2023-107181","2023-02-04","2023-02-08","Standard Class","DB-13270","Deborah Brumfield","Home Office","United States","San Diego","California","92024","West","OFF-BI-10004230","Office Supplies","Binders","GBC Recycled Grain Textured Covers","82.896","3","0.2","29.0136","No"
"1","93","US-2023-107181","2023-02-04","2023-02-08","Standard Class","DB-13270","Deborah Brumfield","Home Office","United States","San Diego","California","92024","West","OFF-PA-10000350","Office Supplies","Paper","Message Book, Standard Line ""While You Were Out"", 5 1/2"" X 4"", 200 Sets/Book","34.24","4","0.0","16.0928","No"
"1","94","US-2023-108182","2023-02-06","2023-02-10","Second Class","DL-13315","Delfina Latchford","Consumer","United States","Romeoville","Illinois","60441","Central","OFF-BI-10001196","Office Supplies","Binders","Avery Flip-Chart Easel Binder, Black","8.951999999999998","2","0.8","-14.7708","No"
"1","95","US-2023-131905","2023-02-06","2023-02-09","First Class","ND-18460","Neil Ducich","Corporate","United States","Chesapeake","Virginia","23320","South","OFF-LA-10002787","Office Supplies","Labels","Avery 480","15.0","4","0.0","7.199999999999999","No"
"1","96","US-2023-131905","2023-02-06","2023-02-09","First Class","ND-18460","Neil Ducich","Corporate","United States","Chesapeake","Virginia","23320","South","TEC-PH-10001615","Technology","Phones","AT&T CL82213","144.95","5","0.0","42.035499999999985","No"
"1","97","US-2023-131905","2023-02-06","2023-02-09","First Class","ND-18460","Neil Ducich","Corporate","United States","Chesapeake","Virginia","23320","South","TEC-PH-10003645","Technology","Phones","Aastra 57i VoIP phone","161.61","1","0.0","42.018600000000006","No"
"1","98","US-2023-169390","2023-02-07","2023-02-10","Second Class","CS-12250","Chris Selesnick","Corporate","United States","New York City","New York","10024","East","OFF-ST-10001558","Office Supplies","Storage","Acco Perma 4000 Stacking Storage Drawers","64.96","4","0.0","9.744","No"
"1","99","US-2023-107755","2023-02-07","2023-02-12","Standard Class","CK-12760","Cyma Kinney","Corporate","United States","Linden","New Jersey","7036","East","TEC-AC-10000710","Technology","Accessories","Maxell DVD-RAM Discs","115.36","7","0.0","49.60480000000001","No"
"1","100","US-2023-125759","2023-02-08","2023-02-09","First Class","NM-18445","Nathan Mautz","Home Office","United States","North Las Vegas","Nevada","89031","West","FUR-FU-10002111","Furniture","Furnishings","Master Caster Door Stop, Large Brown","14.56","2","0.0","5.5328","No"
"1","101","US-2023-168368","2023-02-11","2023-02-15","Second Class","GA-14725","Guy Armstrong","Consumer","United States","Columbia","Missouri","65203","Central","FUR-CH-10001146","Furniture","Chairs","Global Value Mid-Back Manager's Chair, Gray","60.89","1","0.0","15.222499999999997","No"
"1","102","US-2023-168368","2023-02-11","2023-02-15","Second Class","GA-14725","Guy Armstrong","Consumer","United States","Columbia","Missouri","65203","Central","FUR-FU-10002298","Furniture","Furnishings","Rubbermaid ClusterMat Chairmats, Mat Size- 66"" x 60"", Lip 20"" x 11"" -90 Degree Angle","332.94","3","0.0","53.270399999999995","No"
"1","103","US-2023-127614","2023-02-11","2023-02-15","Standard Class","NF-18385","Natalie Fritzler","Consumer","United States","Chesapeake","Virginia","23320","South","FUR-TA-10003715","Furniture","Tables","Hon 2111 Invitation Series Corner Table","1256.22","6","0.0","75.37319999999994","No"
"1","104","US-2023-127614","2023-02-11","2023-02-15","Standard Class","NF-18385","Natalie Fritzler","Consumer","United States","Chesapeake","Virginia","23320","South","OFF-BI-10003291","Office Supplies","Binders","Wilson Jones Leather-Like Binders with DublLock Round Rings","17.46","2","0.0","8.206199999999999","No"
"1","105","US-2023-168368","2023-02-11","2023-02-15","Second Class","GA-14725","Guy Armstrong","Consumer","United States","Columbia","Missouri","65203","Central","OFF-BI-10004654","Office Supplies","Binders","VariCap6 Expandable Binder","51.900000000000006","3","0.0","24.393","No"
"1","106","US-2023-168368","2023-02-11","2023-02-15","Second Class","GA-14725","Guy Armstrong","Consumer","United States","Columbia","Missouri","65203","Central","OFF-BI-10004728","Office Supplies","Binders","Wilson Jones Turn Tabs Binder Tool for Ring Binders","9.64","2","0.0","4.4344","No"
"1","107","US-2023-168368","2023-02-11","2023-02-15","Second Class","GA-14725","Guy Armstrong","Consumer","United States","Columbia","Missouri","65203","Central","OFF-LA-10004853","Office Supplies","Labels","Avery 483","14.94","3","0.0","6.8724","No"
"1","108","US-2023-168368","2023-02-11","2023-02-15","Second Class","GA-14725","Guy Armstrong","Consumer","United States","Columbia","Missouri","65203","Central","OFF-ST-10002583","Office Supplies","Storage","Fellowes Neat Ideas Storage Cubes","64.96","2","0.0","2.598399999999998","No"
"1","109","US-2023-127614","2023-02-11","2023-02-15","Standard Class","NF-18385","Natalie Fritzler","Consumer","United States","Chesapeake","Virginia","23320","South","TEC-AC-10001432","Technology","Accessories","Enermax Aurora Lite Keyboard","234.45","3","0.0","103.15800000000004","No"
"1","110","US-2023-110674","2023-02-12","2023-02-18","Standard Class","SC-20095","Sanjit Chand","Consumer","United States","Concord","California","94521","West","FUR-CH-10000225","Furniture","Chairs","Global Geo Office Task Chair, Gray","129.568","2","0.2","-24.29400000000002","No"
"1","111","US-2023-121762","2023-02-14","2023-02-18","Standard Class","ML-17395","Marina Lichtenstein","Corporate","United States","Seattle","Washington","98103","West","OFF-AP-10001293","Office Supplies","Appliances","Belkin 8 Outlet Surge Protector","81.96","2","0.0","22.9488","No"
"1","112","US-2023-107706","2023-02-14","2023-02-19","Second Class","ST-20530","Shui Tom","Consumer","United States","Houston","Texas","77095","Central","OFF-PA-10000466","Office Supplies","Paper","Memo Book, 100 Message Capacity, 5 3/8” x 11”","16.176000000000002","3","0.2","6.065999999999999","No"
"1","113","US-2023-121762","2023-02-14","2023-02-18","Standard Class","ML-17395","Marina Lichtenstein","Corporate","United States","Seattle","Washington","98103","West","OFF-SU-10000157","Office Supplies","Supplies","Compact Automatic Electric Letter Opener","238.62","2","0.0","4.772400000000005","No"
"1","114","US-2023-121762","2023-02-14","2023-02-18","Standard Class","ML-17395","Marina Lichtenstein","Corporate","United States","Seattle","Washington","98103","West","TEC-AC-10000736","Technology","Accessories","Logitech G600 MMO Gaming Mouse","239.96999999999997","3","0.0","86.38919999999999","No"
"1","115","US-2023-165568","2023-02-15","2023-02-19","Standard Class","BF-11020","Barry Französisch","Corporate","United States","Seattle","Washington","98105","West","OFF-BI-10001031","Office Supplies","Binders","Pressboard Data Binders by Wilson Jones","21.36","5","0.2","7.209","No"
"1","116","US-2023-122567","2023-02-16","2023-02-21","Standard Class","MN-17935","Michael Nguyen","Consumer","United States","Dallas","Texas","75220","Central","OFF-AP-10001303","Office Supplies","Appliances","Holmes Cool Mist Humidifier for the Whole House with 8-Gallon Output per Day, Extended Life Filter","7.959999999999997","2","0.8","-13.930000000000003","No"
"1","117","US-2023-122567","2023-02-16","2023-02-21","Standard Class","MN-17935","Michael Nguyen","Consumer","United States","Dallas","Texas","75220","Central","OFF-BI-10002012","Office Supplies","Binders","Wilson Jones Easy Flow II Sheet Lifters","1.0799999999999998","3","0.8","-1.7280000000000002","No"
"1","118","US-2023-154165","2023-02-17","2023-02-24","Standard Class","DL-13315","Delfina Latchford","Consumer","United States","Chicago","Illinois","60653","Central","OFF-AR-10003631","Office Supplies","Art","Staples in misc. colors","54.208","14","0.2","8.808799999999998","No"
"1","119","US-2023-165589","2023-02-18","2023-02-18","Same Day","TB-21595","Troy Blackwell","Consumer","United States","Lubbock","Texas","79424","Central","FUR-FU-10002396","Furniture","Furnishings","DAX Copper Panel Document Frame, 5 x 7 Size","25.16","5","0.6","-11.322","No"
"1","120","US-2023-152905","2023-02-18","2023-02-24","Standard Class","AB-10015","Aaron Bergman","Consumer","United States","Arlington","Texas","76017","Central","OFF-ST-10000321","Office Supplies","Storage","Akro Stacking Bins","12.624","2","0.2","-2.524800000000002","No"
"1","121","US-2023-109491","2023-02-20","2023-02-26","Standard Class","LC-16930","Linda Cazamias","Corporate","United States","Richmond","Indiana","47374","Central","FUR-FU-10000221","Furniture","Furnishings","Master Caster Door Stop, Brown","20.32","4","0.0","6.908799999999999","No"
"1","122","US-2023-164903","2023-02-20","2023-02-24","Standard Class","SR-20740","Steven Roelle","Home Office","United States","Los Angeles","California","90049","West","OFF-PA-10003363","Office Supplies","Paper","Xerox 204","12.96","2","0.0","6.2208000000000006","No"
"1","123","US-2023-109491","2023-02-20","2023-02-26","Standard Class","LC-16930","Linda Cazamias","Corporate","United States","Richmond","Indiana","47374","Central","TEC-AC-10001284","Technology","Accessories","Enermax Briskie RF Wireless Keyboard and Mouse Combo","62.31","3","0.0","22.4316","No"
"1","124","US-2023-165540","2023-02-21","2023-02-25","Standard Class","TM-21010","Tamara Manning","Consumer","United States","Woodstock","Illinois","60098","Central","OFF-BI-10004094","Office Supplies","Binders","GBC Standard Plastic Binding Systems Combs","8.849999999999998","5","0.8","-13.717499999999998","No"
"1","125","US-2023-133354","2023-02-22","2023-02-24","First Class","SA-20830","Sue Ann Reed","Consumer","United States","Moreno Valley","California","92553","West","OFF-PA-10001800","Office Supplies","Paper","Xerox 220","19.44","3","0.0","9.3312","No"
"1","126","US-2023-103744","2023-02-23","2023-02-27","Standard Class","MG-17875","Michael Grace","Home Office","United States","El Paso","Texas","79907","Central","OFF-BI-10000320","Office Supplies","Binders","GBC Plastic Binding Combs","4.427999999999999","3","0.8","-6.863399999999999","Yes"
"1","127","US-2023-103744","2023-02-23","2023-02-27","Standard Class","MG-17875","Michael Grace","Home Office","United States","El Paso","Texas","79907","Central","OFF-LA-10004425","Office Supplies","Labels","Staple-on labels","6.936000000000001","3","0.2","2.3409000000000004","Yes"
"1","128","US-2023-137680","2023-02-24","2023-03-02","Standard Class","JH-15430","Jennifer Halladay","Consumer","United States","Medford","Oregon","97504","West","OFF-PA-10000069","Office Supplies","Paper","TOPS 4 x 6 Fluorescent Color Memo Sheets, 500 Sheets per Pack","22.776000000000003","3","0.2","7.6869","No"
"1","129","US-2023-137680","2023-02-24","2023-03-02","Standard Class","JH-15430","Jennifer Halladay","Consumer","United States","Medford","Oregon","97504","West","OFF-PA-10000174","Office Supplies","Paper","Message Book, Wirebound, Four 5 1/2"" X 4"" Forms/Pg., 200 Dupl. Sets/Book","32.896","4","0.2","11.102399999999996","No"
"1","130","US-2023-156545","2023-02-27","2023-03-03","First Class","JS-16030","Joy Smith","Consumer","United States","Columbus","Ohio","43229","East","OFF-AR-10003560","Office Supplies","Art","Zebra Zazzle Fluorescent Highlighters","19.456000000000003","4","0.2","3.404799999999998","No"
"1","131","US-2023-113880","2023-03-01","2023-03-05","Standard Class","VF-21715","Vicky Freymann","Home Office","United States","Elmhurst","Illinois","60126","Central","FUR-CH-10000863","Furniture","Chairs","Novimex Swivel Fabric Task Chair","634.116","6","0.3","-172.11720000000005","No"
"1","132","US-2023-131009","2023-03-01","2023-03-05","Standard Class","SC-20380","Shahid Collister","Consumer","United States","El Paso","Texas","79907","Central","FUR-CH-10001270","Furniture","Chairs","Harbour Creations Steel Folding Chair","362.24999999999994","6","0.3","0.0","No"
"1","133","US-2023-104269","2023-03-01","2023-03-06","Second Class","DB-13060","Dave Brooks","Consumer","United States","Seattle","Washington","98115","West","FUR-CH-10004063","Furniture","Chairs","Global Deluxe High-Back Manager's Chair","457.568","2","0.2","51.47639999999994","No"
"1","134","US-2023-131009","2023-03-01","2023-03-05","Standard Class","SC-20380","Shahid Collister","Consumer","United States","El Paso","Texas","79907","Central","FUR-FU-10001095","Furniture","Furnishings","DAX Black Cherry Wood-Tone Poster Frame","63.55200000000001","6","0.6","-34.9536","No"
"1","135","US-2023-168312","2023-03-01","2023-03-07","Standard Class","GW-14605","Giulietta Weimer","Consumer","United States","Houston","Texas","77036","Central","FUR-TA-10001866","Furniture","Tables","Bevis Round Conference Room Tables and Bases","376.509","3","0.3","-43.029600000000045","No"
"1","136","US-2023-131009","2023-03-01","2023-03-05","Standard Class","SC-20380","Shahid Collister","Consumer","United States","El Paso","Texas","79907","Central","OFF-FA-10004395","Office Supplies","Fasteners","Plymouth Boxed Rubber Bands by Plymouth","18.84","5","0.2","-3.5325","No"
"1","137","US-2023-113880","2023-03-01","2023-03-05","Standard Class","VF-21715","Vicky Freymann","Home Office","United States","Elmhurst","Illinois","60126","Central","OFF-PA-10003036","Office Supplies","Paper","Black Print Carbonless 8 1/2"" x 8 1/4"" Rapid Memo Book","17.472","3","0.2","5.678399999999998","No"
"1","138","US-2023-131009","2023-03-01","2023-03-05","Standard Class","SC-20380","Shahid Collister","Consumer","United States","El Paso","Texas","79907","Central","OFF-ST-10001469","Office Supplies","Storage","Fellowes Bankers Box Recycled Super Stor/Drawer","129.552","3","0.2","-22.671600000000005","No"
"1","139","US-2023-168312","2023-03-01","2023-03-07","Standard Class","GW-14605","Giulietta Weimer","Consumer","United States","Houston","Texas","77036","Central","OFF-ST-10003692","Office Supplies","Storage","Recycled Steel Personal File for Hanging File Folders","137.352","3","0.2","8.584499999999991","No"
"1","140","US-2023-143707","2023-03-01","2023-03-05","Standard Class","HR-14770","Hallie Redmond","Home Office","United States","New York City","New York","10035","East","TEC-PH-10003655","Technology","Phones","Sannysis Cute Owl Design Soft Skin Case Cover for Samsung Galaxy S4","5.9399999999999995","3","0.0","1.6038","No"
"1","141","US-2023-107524","2023-03-02","2023-03-08","Standard Class","KN-16705","Kristina Nunn","Home Office","United States","New York City","New York","10009","East","OFF-EN-10001990","Office Supplies","Envelopes","Staple envelope","11.36","2","0.0","5.339199999999999","No"
"1","142","US-2023-111157","2023-03-02","2023-03-06","Standard Class","NH-18610","Nicole Hansen","Corporate","United States","Philadelphia","Pennsylvania","19120","East","OFF-PA-10000327","Office Supplies","Paper","Xerox 1971","3.4240000000000004","1","0.2","1.0699999999999996","No"
"1","143","US-2023-107524","2023-03-02","2023-03-08","Standard Class","KN-16705","Kristina Nunn","Home Office","United States","New York City","New York","10009","East","OFF-PA-10000587","Office Supplies","Paper","Array Parchment Paper, Assorted Colors","36.4","5","0.0","17.472","No"
"1","144","US-2023-111157","2023-03-02","2023-03-06","Standard Class","NH-18610","Nicole Hansen","Corporate","United States","Philadelphia","Pennsylvania","19120","East","TEC-AC-10004353","Technology","Accessories","Hypercom P1300 Pinpad","151.20000000000002","3","0.2","32.13","No"
"1","145","US-2023-127978","2023-03-03","2023-03-08","Standard Class","JS-15595","Jill Stevenson","Corporate","United States","Columbus","Ohio","43229","East","FUR-BO-10001972","Furniture","Bookcases","O'Sullivan 4-Shelf Bookcase in Odessa Pine","302.45","5","0.5","-199.617","No"
"1","146","US-2023-105648","2023-03-03","2023-03-07","Standard Class","EJ-14155","Eva Jacobs","Consumer","United States","San Diego","California","92037","West","FUR-TA-10002958","Furniture","Tables","Bevis Oval Conference Table, Walnut","626.3520000000001","3","0.2","-23.48820000000009","No"
"1","147","US-2023-130421","2023-03-03","2023-03-07","Standard Class","SC-20020","Sam Craven","Consumer","United States","Houston","Texas","77095","Central","OFF-AP-10002534","Office Supplies","Appliances","3.6 Cubic Foot Counter Height Office Refrigerator","176.77199999999996","3","0.8","-459.6072","No"
"1","148","US-2023-155852","2023-03-03","2023-03-07","Second Class","AJ-10945","Ashley Jarboe","Consumer","United States","Wilmington","North Carolina","28403","South","OFF-AR-10003560","Office Supplies","Art","Zebra Zazzle Fluorescent Highlighters","19.456000000000003","4","0.2","3.404799999999998","No"
"1","149","US-2023-127964","2023-03-03","2023-03-08","Standard Class","AP-10720","Anne Pryor","Home Office","United States","New York City","New York","10035","East","OFF-BI-10003429","Office Supplies","Binders","Cardinal HOLDit! Binder Insert Strips,Extra Strips","25.32","5","0.2","9.1785","No"
"1","150","US-2023-127964","2023-03-03","2023-03-08","Standard Class","AP-10720","Anne Pryor","Home Office","United States","New York City","New York","10035","East","OFF-BI-10004593","Office Supplies","Binders","Ibico Laser Imprintable Binding System Covers","125.76","3","0.2","40.872","No"
"1","151","US-2023-127978","2023-03-03","2023-03-08","Standard Class","JS-15595","Jill Stevenson","Corporate","United States","Columbus","Ohio","43229","East","OFF-LA-10000305","Office Supplies","Labels","Avery 495","15.12","3","0.2","4.913999999999999","No"
"1","152","US-2023-127978","2023-03-03","2023-03-08","Standard Class","JS-15595","Jill Stevenson","Corporate","United States","Columbus","Ohio","43229","East","OFF-ST-10002486","Office Supplies","Storage","Eldon Shelf Savers Cubes and Bins","44.672","8","0.2","-10.051200000000003","No"
"1","153","US-2023-127964","2023-03-03","2023-03-08","Standard Class","AP-10720","Anne Pryor","Home Office","United States","New York City","New York","10035","East","TEC-PH-10004700","Technology","Phones","PowerGen Dual USB Car Charger","9.99","1","0.0","4.5954","No"
"1","154","US-2023-117016","2023-03-04","2023-03-09","Standard Class","SC-20095","Sanjit Chand","Consumer","United States","Margate","Florida","33063","South","OFF-AR-10001374","Office Supplies","Art","BIC Brite Liner Highlighters, Chisel Tip","15.552000000000003","3","0.2","2.332799999999999","No"
"1","155","US-2023-116239","2023-03-04","2023-03-04","Same Day","CL-12565","Clay Ludtke","Consumer","United States","Columbia","South Carolina","29203","South","OFF-ST-10001370","Office Supplies","Storage","Sensible Storage WireTech Storage Systems","354.90000000000003","5","0.0","17.744999999999962","No"
"1","156","US-2023-169061","2023-03-05","2023-03-08","Second Class","AB-10150","Aimee Bixby","Consumer","United States","Yonkers","New York","10701","East","OFF-AR-10000588","Office Supplies","Art","Newell 345","59.52","3","0.0","15.4752","No"
"1","157","US-2023-169061","2023-03-05","2023-03-08","Second Class","AB-10150","Aimee Bixby","Consumer","United States","Yonkers","New York","10701","East","OFF-BI-10001617","Office Supplies","Binders","GBC Wire Binding Combs","49.632000000000005","6","0.2","16.750799999999998","No"
"1","158","US-2023-169061","2023-03-05","2023-03-08","Second Class","AB-10150","Aimee Bixby","Consumer","United States","Yonkers","New York","10701","East","OFF-PA-10001878","Office Supplies","Paper","Xerox 1891","97.82","2","0.0","45.97539999999999","No"
"1","159","US-2023-169061","2023-03-05","2023-03-08","Second Class","AB-10150","Aimee Bixby","Consumer","United States","Yonkers","New York","10701","East","OFF-SU-10000381","Office Supplies","Supplies","Acme Forged Steel Scissors with Black Enamel Handles","18.62","2","0.0","5.399799999999999","No"
"1","160","US-2023-169061","2023-03-05","2023-03-08","Second Class","AB-10150","Aimee Bixby","Consumer","United States","Yonkers","New York","10701","East","TEC-AC-10002001","Technology","Accessories","Logitech Wireless Gaming Headset G930","479.97","3","0.0","177.58890000000002","No"
"1","161","US-2023-104563","2023-03-07","2023-03-12","Standard Class","CM-12715","Craig Molinari","Corporate","United States","Seattle","Washington","98103","West","FUR-CH-10002780","Furniture","Chairs","Office Star - Task Chair with Contemporary Loop Arms","436.70400000000006","6","0.2","21.835199999999983","No"
"1","162","US-2023-156587","2023-03-07","2023-03-08","First Class","AB-10015","Aaron Bergman","Consumer","United States","Seattle","Washington","98103","West","FUR-CH-10004477","Furniture","Chairs","Global Push Button Manager's Chair, Indigo","48.712","1","0.2","5.480099999999997","No"
"1","163","US-2023-104563","2023-03-07","2023-03-12","Standard Class","CM-12715","Craig Molinari","Corporate","United States","Seattle","Washington","98103","West","FUR-CH-10004495","Furniture","Chairs","Global Leather and Oak Executive Chair, Black","481.568","2","0.2","54.17639999999993","No"
"1","164","US-2023-104563","2023-03-07","2023-03-12","Standard Class","CM-12715","Craig Molinari","Corporate","United States","Seattle","Washington","98103","West","OFF-AR-10000390","Office Supplies","Art","Newell Chalk Holder","20.65","5","0.0","9.499","No"
"1","165","US-2023-156587","2023-03-07","2023-03-08","First Class","AB-10015","Aaron Bergman","Consumer","United States","Seattle","Washington","98103","West","OFF-AR-10001427","Office Supplies","Art","Newell 330","17.94","3","0.0","4.6644000000000005","No"
"1","166","US-2023-131982","2023-03-07","2023-03-11","Second Class","NP-18685","Nora Pelletier","Home Office","United States","Des Moines","Washington","98198","West","OFF-BI-10004224","Office Supplies","Binders","Catalog Binders with Expanding Posts","107.648","2","0.2","33.639999999999986","No"
"1","167","US-2023-104563","2023-03-07","2023-03-12","Standard Class","CM-12715","Craig Molinari","Corporate","United States","Seattle","Washington","98103","West","OFF-ST-10000934","Office Supplies","Storage","Contico 72""H Heavy-Duty Storage System","204.9","5","0.0","0.0","No"
"1","168","US-2023-156587","2023-03-07","2023-03-08","First Class","AB-10015","Aaron Bergman","Consumer","United States","Seattle","Washington","98103","West","OFF-ST-10002344","Office Supplies","Storage","Carina 42""Hx23 3/4""W Media Storage Unit","242.94","3","0.0","4.858800000000016","No"
"1","169","US-2023-140116","2023-03-10","2023-03-17","Standard Class","KT-16480","Kean Thornton","Consumer","United States","Denver","Colorado","80219","West","OFF-AR-10001044","Office Supplies","Art","BOSTON Ranger #55 Pencil Sharpener, Black","83.168","4","0.2","9.356399999999994","No"
"1","170","US-2023-100279","2023-03-10","2023-03-14","Standard Class","SW-20275","Scott Williamson","Consumer","United States","Royal Oak","Michigan","48073","Central","OFF-PA-10002259","Office Supplies","Paper","Geographics Note Cards, Blank, White, 8 1/2"" x 11""","22.38","2","0.0","10.7424","No"
"1","171","US-2023-140116","2023-03-10","2023-03-17","Standard Class","KT-16480","Kean Thornton","Consumer","United States","Denver","Colorado","80219","West","OFF-ST-10000078","Office Supplies","Storage","Tennsco 6- and 18-Compartment Lockers","636.4080000000001","3","0.2","-15.910200000000088","No"
"1","172","US-2023-166884","2023-03-11","2023-03-16","Second Class","CK-12205","Chloris Kastensmidt","Consumer","United States","Columbus","Ohio","43229","East","FUR-FU-10003981","Furniture","Furnishings","Eldon Wave Desk Accessories","8.32","5","0.2","2.2880000000000003","No"
"1","173","US-2023-114790","2023-03-11","2023-03-13","Second Class","FM-14215","Filia McAdams","Corporate","United States","Richmond","Kentucky","40475","South","OFF-AP-10002578","Office Supplies","Appliances","Fellowes Premier Superior Surge Suppressor, 10-Outlet, With Phone and Remote","146.76","3","0.0","38.1576","No"
"1","174","US-2023-103338","2023-03-11","2023-03-15","Standard Class","RB-19435","Richard Bierner","Consumer","United States","Roseville","California","95661","West","OFF-AR-10001770","Office Supplies","Art","Economy #2 Pencils","7.98","3","0.0","2.0748","No"
"1","175","US-2023-166884","2023-03-11","2023-03-16","Second Class","CK-12205","Chloris Kastensmidt","Consumer","United States","Columbus","Ohio","43229","East","OFF-FA-10001561","Office Supplies","Fasteners","Stockwell Push Pins","10.464000000000002","6","0.2","1.7003999999999992","No"
"1","176","US-2023-114790","2023-03-11","2023-03-13","Second Class","FM-14215","Filia McAdams","Corporate","United States","Richmond","Kentucky","40475","South","OFF-PA-10000213","Office Supplies","Paper","Xerox 198","14.94","3","0.0","7.021800000000001","No"
"1","177","US-2023-158337","2023-03-11","2023-03-14","Second Class","KA-16525","Kelly Andreada","Consumer","United States","New York City","New York","10024","East","OFF-PA-10002137","Office Supplies","Paper","Southworth 100% Résumé Paper, 24lb.","108.92","14","0.0","49.014","No"
"1","178","US-2023-114790","2023-03-11","2023-03-13","Second Class","FM-14215","Filia McAdams","Corporate","United States","Richmond","Kentucky","40475","South","TEC-AC-10000710","Technology","Accessories","Maxell DVD-RAM Discs","32.96","2","0.0","14.172800000000002","No"
"1","179","US-2023-114790","2023-03-11","2023-03-13","Second Class","FM-14215","Filia McAdams","Corporate","United States","Richmond","Kentucky","40475","South","TEC-PH-10000984","Technology","Phones","Panasonic KX-TG9471B","587.97","3","0.0","164.63160000000005","No"
"1","180","CA-2023-139675","2023-03-13","2023-03-18","Second Class","NF-18595","Nicole Fjeld","Home Office","Canada","Calgary","Alberta","T2C","West","FUR-CH-10004063","Furniture","Chairs","Global Deluxe High-Back Manager's Chair","915.14","4","0.2","102.95","No"
"1","181","CA-2023-139675","2023-03-13","2023-03-18","Second Class","NF-18595","Nicole Fjeld","Home Office","Canada","Calgary","Alberta","T2C","West","FUR-FU-10001979","Furniture","Furnishings","Dana Halogen Swing-Arm Architect Lamp","327.76","8","0.0","91.77","No"
"1","182","US-2023-125521","2023-03-14","2023-03-19","Standard Class","CK-12325","Christine Kargatis","Home Office","United States","Chesapeake","Virginia","23320","South","FUR-CH-10003379","Furniture","Chairs","Global Commerce Series High-Back Swivel/Tilt Chairs","1139.92","4","0.0","284.98","No"
"1","183","US-2023-157623","2023-03-14","2023-03-18","Standard Class","DK-13225","Dean Katz","Corporate","United States","Huntington Beach","California","92646","West","OFF-AR-10003723","Office Supplies","Art","Avery Hi-Liter Fluorescent Desk Style Markers","3.38","1","0.0","1.2506","No"
"1","184","US-2023-114510","2023-03-14","2023-03-19","Standard Class","JF-15295","Jason Fortune-","Consumer","United States","Logan","Utah","84321","West","OFF-BI-10001617","Office Supplies","Binders","GBC Wire Binding Combs","33.088","4","0.2","11.1672","No"
"1","185","US-2023-114510","2023-03-14","2023-03-19","Standard Class","JF-15295","Jason Fortune-","Consumer","United States","Logan","Utah","84321","West","OFF-BI-10003007","Office Supplies","Binders","Premium Transparent Presentation Covers, No Pattern/Clear, 8 1/2"" x 11""","62.048","2","0.2","20.1656","No"
"1","186","US-2023-100293","2023-03-14","2023-03-18","Standard Class","NF-18475","Neil Französisch","Home Office","United States","Jacksonville","Florida","32216","South","OFF-PA-10000176","Office Supplies","Paper","Xerox 1887","91.056","6","0.2","31.869599999999995","No"
"1","187","US-2023-157623","2023-03-14","2023-03-18","Standard Class","DK-13225","Dean Katz","Corporate","United States","Huntington Beach","California","92646","West","OFF-PA-10001204","Office Supplies","Paper","Xerox 1972","10.56","2","0.0","4.752","No"
"1","188","US-2023-152618","2023-03-14","2023-03-17","First Class","RB-19465","Rick Bensley","Home Office","United States","Chicago","Illinois","60653","Central","OFF-PA-10001215","Office Supplies","Paper","Xerox 1963","8.448","2","0.2","2.6399999999999997","No"
"1","189","US-2023-114510","2023-03-14","2023-03-19","Standard Class","JF-15295","Jason Fortune-","Consumer","United States","Logan","Utah","84321","West","OFF-ST-10000736","Office Supplies","Storage","Carina Double Wide Media Storage Towers in Natural & Black","80.98","1","0.0","3.2391999999999967","No"
"1","190","US-2023-114510","2023-03-14","2023-03-19","Standard Class","JF-15295","Jason Fortune-","Consumer","United States","Logan","Utah","84321","West","OFF-ST-10003221","Office Supplies","Storage","Staple magnet","21.36","2","0.0","5.767200000000001","No"
"1","191","US-2023-114510","2023-03-14","2023-03-19","Standard Class","JF-15295","Jason Fortune-","Consumer","United States","Logan","Utah","84321","West","TEC-AC-10004877","Technology","Accessories","Imation 30456 USB Flash Drive 8GB","82.80000000000001","12","0.0","6.623999999999995","No"
"1","192","US-2023-152618","2023-03-14","2023-03-17","First Class","RB-19465","Rick Bensley","Home Office","United States","Chicago","Illinois","60653","Central","TEC-MA-10003626","Technology","Machines","Hewlett-Packard Deskjet 6540 Color Inkjet Printer","574.91","2","0.3","156.04699999999997","No"
"1","193","US-2023-149958","2023-03-15","2023-03-19","Standard Class","AS-10240","Alan Shonely","Consumer","United States","Tampa","Florida","33614","South","FUR-FU-10001756","Furniture","Furnishings","Eldon Expressions Desk Accessory, Wood Photo Frame, Mahogany","45.696","3","0.2","5.140799999999992","No"
"1","194","US-2023-149958","2023-03-15","2023-03-19","Standard Class","AS-10240","Alan Shonely","Consumer","United States","Tampa","Florida","33614","South","OFF-BI-10000773","Office Supplies","Binders","Insertable Tab Post Binder Dividers","7.218","3","0.7","-5.533800000000001","No"
"1","195","US-2023-149958","2023-03-15","2023-03-19","Standard Class","AS-10240","Alan Shonely","Consumer","United States","Tampa","Florida","33614","South","OFF-BI-10001543","Office Supplies","Binders","GBC VeloBinder Manual Binding System","43.18800000000001","4","0.7","-31.6712","No"
"1","196","US-2023-149958","2023-03-15","2023-03-19","Standard Class","AS-10240","Alan Shonely","Consumer","United States","Tampa","Florida","33614","South","OFF-PA-10002120","Office Supplies","Paper","Xerox 1889","131.904","3","0.2","47.8152","No"
"1","197","US-2023-149958","2023-03-15","2023-03-19","Standard Class","AS-10240","Alan Shonely","Consumer","United States","Tampa","Florida","33614","South","OFF-ST-10001490","Office Supplies","Storage","Hot File 7-Pocket, Floor Stand","142.776","1","0.2","17.84699999999998","No"
"1","198","US-2023-157609","2023-03-16","2023-03-21","Second Class","KN-16705","Kristina Nunn","Home Office","United States","Raleigh","North Carolina","27604","South","TEC-PH-10002415","Technology","Phones","Polycom VoiceStation 500 Conference phone","471.92","2","0.2","29.49500000000002","No"
"1","199","US-2023-148838","2023-03-17","2023-03-21","Standard Class","CP-12340","Christine Phan","Corporate","United States","New York City","New York","10024","East","FUR-TA-10001950","Furniture","Tables","Balt Solid Wood Round Tables","1071.576","4","0.4","-553.6476","No"
"1","200","US-2023-148838","2023-03-17","2023-03-21","Standard Class","CP-12340","Christine Phan","Corporate","United States","New York City","New York","10024","East","FUR-TA-10003473","Furniture","Tables","Bretford Rectangular Conference Table Tops","1579.746","7","0.4","-447.5946999999999","No"
"1","201","US-2023-148838","2023-03-17","2023-03-21","Standard Class","CP-12340","Christine Phan","Corporate","United States","New York City","New York","10024","East","FUR-TA-10004175","Furniture","Tables","Hon 30"" x 60"" Table with Locking Drawer","613.908","3","0.4","-122.78160000000004","No"
"1","202","US-2023-118339","2023-03-17","2023-03-24","Standard Class","BN-11515","Bradley Nguyen","Consumer","United States","Lakeville","Minnesota","55044","Central","OFF-AP-10001154","Office Supplies","Appliances","Bionaire Personal Warm Mist Humidifier/Vaporizer","93.78","2","0.0","36.574200000000005","No"
"1","203","US-2023-164763","2023-03-17","2023-03-21","Standard Class","MH-17440","Mark Haberlin","Corporate","United States","Jackson","Mississippi","39212","South","OFF-AP-10003971","Office Supplies","Appliances","Belkin 6 Outlet Metallic Surge Strip","32.67","3","0.0","8.494200000000001","Yes"
"1","204","US-2023-158442","2023-03-17","2023-03-17","Same Day","AZ-10750","Annie Zypern","Consumer","United States","Dallas","Texas","75217","Central","OFF-AR-10003732","Office Supplies","Art","Newell 333","4.4479999999999995","2","0.2","0.3335999999999999","No"
"1","205","US-2023-118339","2023-03-17","2023-03-24","Standard Class","BN-11515","Bradley Nguyen","Consumer","United States","Lakeville","Minnesota","55044","Central","OFF-AR-10003829","Office Supplies","Art","Newell 35","19.68","6","0.0","5.707199999999998","No"
"1","206","US-2023-118339","2023-03-17","2023-03-24","Standard Class","BN-11515","Bradley Nguyen","Consumer","United States","Lakeville","Minnesota","55044","Central","OFF-BI-10000136","Office Supplies","Binders","Avery Non-Stick Heavy Duty View Round Locking Ring Binders","35.88","6","0.0","17.2224","No"
"1","207","US-2023-164763","2023-03-17","2023-03-21","Standard Class","MH-17440","Mark Haberlin","Corporate","United States","Jackson","Mississippi","39212","South","OFF-BI-10000309","Office Supplies","Binders","GBC Twin Loop Wire Binding Elements, 9/16"" Spine, Black","30.44","2","0.0","14.9156","Yes"
"1","208","US-2023-164763","2023-03-17","2023-03-21","Standard Class","MH-17440","Mark Haberlin","Corporate","United States","Jackson","Mississippi","39212","South","OFF-BI-10000605","Office Supplies","Binders","Acco Pressboard Covers with Storage Hooks, 9 1/2"" x 11"", Executive Red","11.43","3","0.0","5.3721","Yes"
"1","209","US-2023-118339","2023-03-17","2023-03-24","Standard Class","BN-11515","Bradley Nguyen","Consumer","United States","Lakeville","Minnesota","55044","Central","OFF-BI-10001758","Office Supplies","Binders","Wilson Jones 14 Line Acrylic Coated Pressboard Data Binders","53.4","10","0.0","25.098","No"
"1","210","US-2023-118339","2023-03-17","2023-03-24","Standard Class","BN-11515","Bradley Nguyen","Consumer","United States","Lakeville","Minnesota","55044","Central","OFF-PA-10000466","Office Supplies","Paper","Memo Book, 100 Message Capacity, 5 3/8” x 11”","47.18","7","0.0","23.59","No"
"1","211","US-2023-148838","2023-03-17","2023-03-21","Standard Class","CP-12340","Christine Phan","Corporate","United States","New York City","New York","10024","East","OFF-PA-10000919","Office Supplies","Paper","Xerox 1918","155.04","4","0.0","75.9696","No"
"1","212","US-2023-158442","2023-03-17","2023-03-17","Same Day","AZ-10750","Annie Zypern","Consumer","United States","Dallas","Texas","75217","Central","OFF-PA-10002195","Office Supplies","Paper","Xerox 1966","5.184000000000001","1","0.2","1.8792","No"
"1","213","US-2023-158442","2023-03-17","2023-03-17","Same Day","AZ-10750","Annie Zypern","Consumer","United States","Dallas","Texas","75217","Central","OFF-PA-10002365","Office Supplies","Paper","Xerox 1967","15.552000000000003","3","0.2","5.4432","No"
"1","214","US-2023-148838","2023-03-17","2023-03-21","Standard Class","CP-12340","Christine Phan","Corporate","United States","New York City","New York","10024","East","OFF-PA-10002960","Office Supplies","Paper","Xerox 1926","34.86","7","0.0","16.3842","No"
"1","215","US-2023-164763","2023-03-17","2023-03-21","Standard Class","MH-17440","Mark Haberlin","Corporate","United States","Jackson","Mississippi","39212","South","OFF-PA-10003063","Office Supplies","Paper","EcoTones Memo Sheets","16.0","4","0.0","7.68","Yes"
"1","216","US-2023-164763","2023-03-17","2023-03-21","Standard Class","MH-17440","Mark Haberlin","Corporate","United States","Jackson","Mississippi","39212","South","OFF-PA-10003349","Office Supplies","Paper","Xerox 1957","12.96","2","0.0","6.3504000000000005","Yes"
"1","217","US-2023-127859","2023-03-17","2023-03-20","Second Class","QJ-19255","Quincy Jones","Corporate","United States","Philadelphia","Pennsylvania","19134","East","OFF-PA-10003641","Office Supplies","Paper","Xerox 1909","126.624","6","0.2","41.15279999999999","No"
"1","218","US-2023-111871","2023-03-18","2023-03-21","Second Class","EK-13795","Eileen Kiefer","Home Office","United States","San Francisco","California","94110","West","FUR-BO-10004218","Furniture","Bookcases","Bush Heritage Pine Collection 5-Shelf Bookcase, Albany Pine Finish, *Special Order","1198.33","10","0.15","70.49000000000001","Yes"
"1","219","US-2023-145317","2023-03-18","2023-03-23","Standard Class","SM-20320","Sean Miller","Home Office","United States","Jacksonville","Florida","32216","South","FUR-FU-10001986","Furniture","Furnishings","Dana Fluorescent Magnifying Lamp, White, 36""","122.352","3","0.2","15.29399999999999","No"
"1","220","US-2023-145317","2023-03-18","2023-03-23","Standard Class","SM-20320","Sean Miller","Home Office","United States","Jacksonville","Florida","32216","South","FUR-FU-10004270","Furniture","Furnishings","Executive Impressions 13"" Clairmont Wall Clock","30.768","2","0.2","8.076600000000003","No"
"1","221","US-2023-131275","2023-03-18","2023-03-24","Standard Class","SC-20050","Sample Company A","Home Office","United States","Burbank","California","91505","West","FUR-FU-10004597","Furniture","Furnishings","Eldon Cleatmat Chair Mats for Medium Pile Carpets","111.0","2","0.0","14.430000000000009","No"
"1","222","US-2023-145317","2023-03-18","2023-03-23","Standard Class","SM-20320","Sean Miller","Home Office","United States","Jacksonville","Florida","32216","South","OFF-AR-10003183","Office Supplies","Art","Avery Fluorescent Highlighter Four-Color Set","8.016","3","0.2","1.0019999999999991","No"
"1","223","US-2023-145317","2023-03-18","2023-03-23","Standard Class","SM-20320","Sean Miller","Home Office","United States","Jacksonville","Florida","32216","South","OFF-FA-10003112","Office Supplies","Fasteners","Staples","18.936","3","0.2","5.917499999999999","No"
"1","224","US-2023-145317","2023-03-18","2023-03-23","Standard Class","SM-20320","Sean Miller","Home Office","United States","Jacksonville","Florida","32216","South","OFF-PA-10001804","Office Supplies","Paper","Xerox 195","21.376","4","0.2","7.481599999999999","No"
"1","225","US-2023-131275","2023-03-18","2023-03-24","Standard Class","SC-20050","Sample Company A","Home Office","United States","Burbank","California","91505","West","OFF-ST-10000078","Office Supplies","Storage","Tennsco 6- and 18-Compartment Lockers","1856.19","7","0.0","334.11419999999987","No"
"1","226","US-2023-131275","2023-03-18","2023-03-24","Standard Class","SC-20050","Sample Company A","Home Office","United States","Burbank","California","91505","West","TEC-MA-10001148","Technology","Machines","Swingline SM12-08 MicroCut Jam Free Shredder","1279.968","4","0.2","415.98959999999994","No"
"1","227","US-2023-145317","2023-03-18","2023-03-23","Standard Class","SM-20320","Sean Miller","Home Office","United States","Jacksonville","Florida","32216","South","TEC-MA-10002412","Technology","Machines","Cisco TelePresence System EX90 Videoconferencing Unit","22638.48","6","0.5","-1811.078400000002","No"
"1","228","US-2023-145317","2023-03-18","2023-03-23","Standard Class","SM-20320","Sean Miller","Home Office","United States","Jacksonville","Florida","32216","South","TEC-MA-10003626","Technology","Machines","Hewlett-Packard Deskjet 6540 Color Inkjet Printer","821.3","4","0.5","-16.426000000000045","No"
"1","229","US-2023-103989","2023-03-19","2023-03-21","First Class","MC-17605","Matt Connell","Corporate","United States","Lakeland","Florida","33801","South","FUR-FU-10002508","Furniture","Furnishings","Document Clip Frames","20.016","3","0.2","5.504400000000001","No"
"1","230","US-2023-103989","2023-03-19","2023-03-21","First Class","MC-17605","Matt Connell","Corporate","United States","Lakeland","Florida","33801","South","FUR-FU-10003981","Furniture","Furnishings","Eldon Wave Desk Accessories","4.992000000000001","3","0.2","1.3728000000000002","No"
"1","231","US-2023-103989","2023-03-19","2023-03-21","First Class","MC-17605","Matt Connell","Corporate","United States","Lakeland","Florida","33801","South","OFF-BI-10001196","Office Supplies","Binders","Avery Flip-Chart Easel Binder, Black","33.57","5","0.7","-25.737","No"
"1","232","US-2023-103989","2023-03-19","2023-03-21","First Class","MC-17605","Matt Connell","Corporate","United States","Lakeland","Florida","33801","South","OFF-LA-10000443","Office Supplies","Labels","Avery 501","11.808","4","0.2","3.9852","No"
"1","233","US-2023-103989","2023-03-19","2023-03-21","First Class","MC-17605","Matt Connell","Corporate","United States","Lakeland","Florida","33801","South","OFF-ST-10000918","Office Supplies","Storage","Crate-A-Files","26.160000000000004","3","0.2","1.961999999999998","No"
"1","234","US-2023-103989","2023-03-19","2023-03-21","First Class","MC-17605","Matt Connell","Corporate","United States","Lakeland","Florida","33801","South","TEC-AC-10002647","Technology","Accessories","Logitech Wireless Boombox Speaker - portable - wireless, wired","170.24","2","0.2","53.19999999999999","No"
"1","235","US-2023-103989","2023-03-19","2023-03-21","First Class","MC-17605","Matt Connell","Corporate","United States","Lakeland","Florida","33801","South","TEC-PH-10004667","Technology","Phones","Cisco 8x8 Inc. 6753i IP Business Phone System","323.97600000000006","3","0.2","28.34789999999998","No"
"1","236","US-2023-155544","2023-03-21","2023-03-25","Standard Class","GM-14440","Gary McGarr","Consumer","United States","Knoxville","Tennessee","37918","South","FUR-CH-10000422","Furniture","Chairs","Global Highback Leather Tilter in Burgundy","218.376","3","0.2","-10.918799999999983","No"
"1","237","US-2023-155544","2023-03-21","2023-03-25","Standard Class","GM-14440","Gary McGarr","Consumer","United States","Knoxville","Tennessee","37918","South","FUR-FU-10001473","Furniture","Furnishings","DAX Wood Document Frame","32.952000000000005","3","0.2","6.590399999999999","No"
"1","238","US-2023-163223","2023-03-21","2023-03-25","Standard Class","KH-16690","Kristen Hastings","Corporate","United States","Springfield","Virginia","22153","South","OFF-AR-10001573","Office Supplies","Art","American Pencil","9.32","4","0.0","2.702799999999999","No"
"1","239","US-2023-140004","2023-03-21","2023-03-25","Standard Class","CB-12025","Cassandra Brandow","Consumer","United States","Hamilton","Ohio","45011","East","OFF-AR-10004027","Office Supplies","Art","Binney & Smith inkTank Erasable Desk Highlighter, Chisel Tip, Yellow, 12/Box","6.048","3","0.2","1.5876000000000006","No"
"1","240","US-2023-140004","2023-03-21","2023-03-25","Standard Class","CB-12025","Cassandra Brandow","Consumer","United States","Hamilton","Ohio","45011","East","OFF-AR-10004685","Office Supplies","Art","Binney & Smith Crayola Metallic Colored Pencils, 8-Color Set","7.408","2","0.2","1.2037999999999995","No"
"1","241","US-2023-163223","2023-03-21","2023-03-25","Standard Class","KH-16690","Kristen Hastings","Corporate","United States","Springfield","Virginia","22153","South","OFF-BI-10001597","Office Supplies","Binders","Wilson Jones Ledger-Size, Piano-Hinge Binder, 2"", Blue","122.94","3","0.0","59.01119999999999","No"
"1","242","US-2023-163223","2023-03-21","2023-03-25","Standard Class","KH-16690","Kristen Hastings","Corporate","United States","Springfield","Virginia","22153","South","OFF-LA-10004409","Office Supplies","Labels","Avery 492","14.4","5","0.0","6.623999999999999","No"
"1","243","US-2023-155544","2023-03-21","2023-03-25","Standard Class","GM-14440","Gary McGarr","Consumer","United States","Knoxville","Tennessee","37918","South","OFF-LA-10004544","Office Supplies","Labels","Avery 505","59.20000000000001","5","0.2","22.199999999999996","No"
"1","244","US-2023-163223","2023-03-21","2023-03-25","Standard Class","KH-16690","Kristen Hastings","Corporate","United States","Springfield","Virginia","22153","South","OFF-PA-10000675","Office Supplies","Paper","Xerox 1919","122.97","3","0.0","60.255300000000005","No"
"1","245","US-2023-107405","2023-03-21","2023-03-25","Standard Class","TS-21205","Thomas Seio","Corporate","United States","Asheville","North Carolina","28806","South","OFF-ST-10002301","Office Supplies","Storage","Tennsco Commercial Shelving","16.272000000000002","1","0.2","-3.864600000000002","No"
"1","246","US-2023-163223","2023-03-21","2023-03-25","Standard Class","KH-16690","Kristen Hastings","Corporate","United States","Springfield","Virginia","22153","South","TEC-PH-10000730","Technology","Phones","Samsung Galaxy S4 Active","3499.9300000000003","7","0.0","909.9818000000002","No"
"1","247","US-2023-148040","2023-03-22","2023-03-26","Standard Class","BF-11275","Beth Fritzler","Corporate","United States","Tucson","Arizona","85705","West","FUR-CH-10001482","Furniture","Chairs","Office Star - Mesh Screen back chair with Vinyl seat","314.352","3","0.2","-35.36460000000001","No"
"1","248","US-2023-129609","2023-03-22","2023-03-22","Same Day","VM-21835","Vivian Mathis","Consumer","United States","Portage","Indiana","46368","Central","OFF-AR-10003478","Office Supplies","Art","Avery Hi-Liter EverBold Pen Style Fluorescent Highlighters, 4/Pack","16.28","2","0.0","6.5120000000000005","No"
"1","249","US-2023-158057","2023-03-22","2023-03-26","Standard Class","CC-12685","Craig Carroll","Consumer","United States","Greensboro","North Carolina","27405","South","OFF-BI-10002735","Office Supplies","Binders","GBC Prestige Therm-A-Bind Covers","51.46500000000002","5","0.7","-39.45649999999999","No"
"1","250","US-2023-158057","2023-03-22","2023-03-26","Standard Class","CC-12685","Craig Carroll","Consumer","United States","Greensboro","North Carolina","27405","South","OFF-BI-10004410","Office Supplies","Binders","C-Line Peel & Stick Add-On Filing Pockets, 8-3/4 x 5-1/8, 10/Pack","7.644000000000001","4","0.7","-5.8603999999999985","No"
"1","251","US-2023-148040","2023-03-22","2023-03-26","Standard Class","BF-11275","Beth Fritzler","Corporate","United States","Tucson","Arizona","85705","West","OFF-PA-10002581","Office Supplies","Paper","Xerox 1951","74.352","3","0.2","23.234999999999992","No"
"1","252","US-2023-164749","2023-03-23","2023-03-26","First Class","BG-11740","Bruce Geld","Consumer","United States","Delray Beach","Florida","33445","South","OFF-LA-10004484","Office Supplies","Labels","Avery 476","9.912","3","0.2","3.2213999999999996","No"
"1","253","US-2023-120838","2023-03-23","2023-03-26","Second Class","PO-18865","Patrick O'Donnell","Consumer","United States","Los Angeles","California","90036","West","OFF-ST-10000585","Office Supplies","Storage","Economy Rollaway Files","330.4","2","0.0","85.904","No"
"1","254","US-2023-120838","2023-03-23","2023-03-26","Second Class","PO-18865","Patrick O'Donnell","Consumer","United States","Los Angeles","California","90036","West","TEC-PH-10003484","Technology","Phones","Ooma Telo VoIP Home Phone System","604.752","6","0.2","37.797000000000025","No"
"1","255","US-2023-143637","2023-03-24","2023-03-29","Second Class","MS-17710","Maurice Satty","Consumer","United States","Fresno","California","93727","West","FUR-FU-10002813","Furniture","Furnishings","DAX Contemporary Wood Frame with Silver Metal Mat, Desktop, 11 x 14 Size","40.48","2","0.0","14.572799999999996","No"
"1","256","US-2023-147235","2023-03-24","2023-03-28","Standard Class","CD-11920","Carlos Daly","Consumer","United States","New York City","New York","10024","East","OFF-PA-10004948","Office Supplies","Paper","Xerox 190","24.9","5","0.0","11.703","No"
"1","257","US-2023-148586","2023-03-25","2023-04-01","Standard Class","AZ-10750","Annie Zypern","Consumer","United States","New York City","New York","10009","East","FUR-CH-10002439","Furniture","Chairs","Iceberg Nesting Folding Chair, 19w x 6d x 43h","366.786","7","0.1","65.2064","No"
"1","258","US-2023-128237","2023-03-25","2023-03-30","Standard Class","CA-12265","Christina Anderson","Consumer","United States","San Francisco","California","94110","West","OFF-AR-10000034","Office Supplies","Art","BIC Brite Liner Grip Highlighters, Assorted, 5/Pack","25.44","6","0.0","9.9216","No"
"1","259","US-2023-128237","2023-03-25","2023-03-30","Standard Class","CA-12265","Christina Anderson","Consumer","United States","San Francisco","California","94110","West","OFF-AR-10003338","Office Supplies","Art","Eberhard Faber 3 1/2"" Golf Pencils","14.88","2","0.0","3.7200000000000006","No"
"1","260","US-2023-128237","2023-03-25","2023-03-30","Standard Class","CA-12265","Christina Anderson","Consumer","United States","San Francisco","California","94110","West","OFF-AR-10003829","Office Supplies","Art","Newell 35","6.56","2","0.0","1.9023999999999992","No"
"1","261","US-2023-128237","2023-03-25","2023-03-30","Standard Class","CA-12265","Christina Anderson","Consumer","United States","San Francisco","California","94110","West","TEC-AC-10002558","Technology","Accessories","Imation Swivel Flash Drive USB flash drive - 8 GB","45.48","4","0.0","15.918","No"
"1","262","US-2023-141838","2023-03-26","2023-03-31","Second Class","DK-12835","Damala Kotsonis","Corporate","United States","San Francisco","California","94122","West","OFF-AR-10004272","Office Supplies","Art","Newell 308","3.36","2","0.0","0.8399999999999999","No"
"1","263","US-2023-141838","2023-03-26","2023-03-31","Second Class","DK-12835","Damala Kotsonis","Corporate","United States","San Francisco","California","94122","West","OFF-BI-10003291","Office Supplies","Binders","Wilson Jones Leather-Like Binders with DublLock Round Rings","27.936000000000003","4","0.2","9.428399999999996","No"
"1","264","US-2023-100860","2023-03-26","2023-03-30","Second Class","CS-12505","Cindy Stewart","Consumer","United States","Pomona","California","91767","West","OFF-LA-10001982","Office Supplies","Labels","Smead Alpha-Z Color-Coded Name Labels First Letter Starter Set","18.75","5","0.0","9.0","No"
"1","265","US-2023-138436","2023-03-26","2023-03-30","Standard Class","JD-15895","Jonathan Doherty","Corporate","United States","Los Angeles","California","90036","West","TEC-AC-10002323","Technology","Accessories","SanDisk Ultra 32 GB MicroSDHC Class 10 Memory Card","66.30000000000001","3","0.0","8.619000000000003","No"
"1","266","US-2023-141838","2023-03-26","2023-03-31","Second Class","DK-12835","Damala Kotsonis","Corporate","United States","San Francisco","California","94122","West","TEC-PH-10004100","Technology","Phones","Griffin GC17055 Auxiliary Audio Cable","28.784","2","0.2","2.878400000000001","No"
"1","267","US-2023-117380","2023-03-28","2023-04-03","Standard Class","MP-18175","Mike Pelletier","Home Office","United States","Springfield","Ohio","45503","East","FUR-TA-10000198","Furniture","Tables","Chromcraft Bull-Nose Wood Oval Conference Tables & Bases","330.588","1","0.4","-143.25480000000002","No"
"1","268","US-2023-137869","2023-03-28","2023-04-02","Standard Class","CV-12295","Christina VanderZanden","Consumer","United States","Des Moines","Iowa","50315","Central","FUR-TA-10003954","Furniture","Tables","Hon 94000 Series Round Tables","1184.72","4","0.0","106.62480000000004","No"
"1","269","US-2023-137869","2023-03-28","2023-04-02","Standard Class","CV-12295","Christina VanderZanden","Consumer","United States","Des Moines","Iowa","50315","Central","OFF-EN-10001509","Office Supplies","Envelopes","Poly String Tie Envelopes","6.12","3","0.0","2.8763999999999994","No"
"1","270","US-2023-100881","2023-03-28","2023-04-01","Standard Class","DR-12940","Daniel Raglin","Home Office","United States","Albuquerque","New Mexico","87105","West","TEC-PH-10003273","Technology","Phones","AT&T TR1909W","302.376","3","0.2","22.678200000000015","No"
"1","271","US-2023-137274","2023-03-29","2023-04-02","Standard Class","MG-18145","Mike Gockenbach","Consumer","United States","Plano","Texas","75023","Central","FUR-TA-10001889","Furniture","Tables","Bush Advantage Collection Racetrack Conference Table","890.8409999999999","3","0.3","-152.7156","No"
"1","272","US-2023-131247","2023-03-30","2023-04-04","Standard Class","GA-14725","Guy Armstrong","Consumer","United States","San Francisco","California","94110","West","FUR-BO-10001337","Furniture","Bookcases","O'Sullivan Living Dimensions 2-Shelf Bookcases","205.666","2","0.15","-12.098","No"
"1","273","US-2023-162089","2023-03-30","2023-04-01","First Class","MP-17470","Mark Packer","Home Office","United States","Brownsville","Texas","78521","Central","FUR-CH-10002304","Furniture","Chairs","Global Stack Chair without Arms, Black","127.302","7","0.3","-9.092999999999996","No"
"1","274","US-2023-105151","2023-03-30","2023-03-31","First Class","SG-20890","Susan Gilcrest","Corporate","United States","New York City","New York","10009","East","OFF-AR-10001231","Office Supplies","Art","Sanford EarthWrite Recycled Pencils, Medium Soft, #2","10.5","5","0.0","2.9400000000000004","No"
"1","275","US-2023-169033","2023-03-30","2023-04-03","Standard Class","KM-16720","Kunst Miller","Consumer","United States","Long Beach","New York","11561","East","OFF-AR-10001915","Office Supplies","Art","Peel-Off China Markers","49.65","5","0.0","20.853","No"
"1","276","US-2023-162089","2023-03-30","2023-04-01","First Class","MP-17470","Mark Packer","Home Office","United States","Brownsville","Texas","78521","Central","OFF-EN-10002230","Office Supplies","Envelopes","Airmail Envelopes","335.72","5","0.2","113.3055","No"
"1","277","US-2023-133424","2023-03-30","2023-04-04","Standard Class","Dl-13600","Dorris liebe","Corporate","United States","Seattle","Washington","98105","West","OFF-LA-10002312","Office Supplies","Labels","Avery 490","44.400000000000006","3","0.0","22.200000000000003","No"
"1","278","US-2023-113124","2023-03-30","2023-04-05","Standard Class","NC-18340","Nat Carroll","Consumer","United States","Apple Valley","Minnesota","55124","Central","OFF-ST-10001511","Office Supplies","Storage","Space Solutions Commercial Steel Shelving","129.3","2","0.0","6.464999999999989","No"
"1","279","US-2023-133424","2023-03-30","2023-04-04","Standard Class","Dl-13600","Dorris liebe","Corporate","United States","Seattle","Washington","98105","West","OFF-ST-10002957","Office Supplies","Storage","Sterilite Show Offs Storage Containers","15.84","3","0.0","0.0","No"
"1","280","US-2023-162089","2023-03-30","2023-04-01","First Class","MP-17470","Mark Packer","Home Office","United States","Brownsville","Texas","78521","Central","TEC-PH-10001819","Technology","Phones","Innergie mMini Combo Duo USB Travel Charging Kit","251.944","7","0.2","88.18039999999998","No"
"1","281","US-2023-130428","2023-03-31","2023-03-31","Same Day","TG-21640","Trudy Glocke","Consumer","United States","Tampa","Florida","33614","South","FUR-CH-10002965","Furniture","Chairs","Global Leather Highback Executive Chair with Pneumatic Height Adjustment, Black","1125.4879999999998","7","0.2","98.48020000000008","No"
"1","282","US-2023-128055","2023-03-31","2023-04-05","Standard Class","AA-10315","Alex Avila","Consumer","United States","San Francisco","California","94122","West","OFF-AP-10002765","Office Supplies","Appliances","Fellowes Advanced Computer Series Surge Protectors","52.98","2","0.0","14.834400000000002","No"
"1","283","US-2023-130428","2023-03-31","2023-03-31","Same Day","TG-21640","Trudy Glocke","Consumer","United States","Tampa","Florida","33614","South","OFF-AR-10004027","Office Supplies","Art","Binney & Smith inkTank Erasable Desk Highlighter, Chisel Tip, Yellow, 12/Box","4.032","2","0.2","1.0584000000000002","No"
"1","284","US-2023-101770","2023-03-31","2023-04-04","Standard Class","KB-16240","Karen Bern","Corporate","United States","Miami","Florida","33180","South","OFF-BI-10001097","Office Supplies","Binders","Avery Hole Reinforcements","1.8690000000000004","1","0.7","-1.3082999999999996","No"
"1","285","US-2023-130428","2023-03-31","2023-03-31","Same Day","TG-21640","Trudy Glocke","Consumer","United States","Tampa","Florida","33614","South","OFF-BI-10001636","Office Supplies","Binders","Ibico Plastic and Wire Spiral Binding Combs","12.645","5","0.7","-10.116","No"
"1","286","US-2023-104759","2023-03-31","2023-04-04","Standard Class","DD-13570","Dorothy Dickinson","Consumer","United States","Chicago","Illinois","60610","Central","OFF-BI-10002071","Office Supplies","Binders","Fellowes Black Plastic Comb Bindings","8.133999999999999","7","0.8","-13.827800000000003","No"
"1","287","US-2023-112403","2023-03-31","2023-03-31","Same Day","JO-15280","Jas O'Carroll","Consumer","United States","Philadelphia","Pennsylvania","19120","East","OFF-BI-10003529","Office Supplies","Binders","Avery Round Ring Poly Binders","0.8520000000000001","1","0.7","-0.5963999999999998","No"
"1","288","US-2023-128055","2023-03-31","2023-04-05","Standard Class","AA-10315","Alex Avila","Consumer","United States","San Francisco","California","94122","West","OFF-BI-10004390","Office Supplies","Binders","GBC DocuBind 200 Manual Binding Machine","673.5680000000001","2","0.2","252.588","No"
"1","289","US-2023-104759","2023-03-31","2023-04-04","Standard Class","DD-13570","Dorothy Dickinson","Consumer","United States","Chicago","Illinois","60610","Central","TEC-AC-10004901","Technology","Accessories","Kensington SlimBlade Notebook Wireless Mouse with Nano Receiver","79.98400000000001","2","0.2","13.9972","No"
"1","290","US-2023-157021","2023-04-01","2023-04-06","Second Class","KM-16720","Kunst Miller","Consumer","United States","Vallejo","California","94591","West","OFF-BI-10000042","Office Supplies","Binders","Pressboard Data Binder, Crimson, 12"" X 8 1/2""","17.088","4","0.2","5.553599999999999","No"
"1","291","US-2023-138359","2023-04-01","2023-04-06","Standard Class","KH-16330","Katharine Harms","Corporate","United States","Revere","Massachusetts","2151","East","OFF-BI-10000145","Office Supplies","Binders","Zipper Ring Binder Pockets","6.24","2","0.0","3.0576","No"
"1","292","US-2023-157021","2023-04-01","2023-04-06","Second Class","KM-16720","Kunst Miller","Consumer","United States","Vallejo","California","94591","West","OFF-LA-10002312","Office Supplies","Labels","Avery 490","29.6","2","0.0","14.8","No"
"1","293","US-2023-138359","2023-04-01","2023-04-06","Standard Class","KH-16330","Katharine Harms","Corporate","United States","Revere","Massachusetts","2151","East","OFF-ST-10000636","Office Supplies","Storage","Rogers Profile Extra Capacity Storage Tub","66.96","4","0.0","2.6783999999999963","No"
"1","294","US-2023-160276","2023-04-02","2023-04-08","Standard Class","AH-10690","Anna Häberlin","Corporate","United States","Virginia Beach","Virginia","23464","South","FUR-FU-10003192","Furniture","Furnishings","Luxo Adjustable Task Clamp Lamp","177.68","2","0.0","46.1968","No"
"1","295","US-2023-164315","2023-04-02","2023-04-08","Standard Class","RD-19585","Rob Dowd","Consumer","United States","Athens","Georgia","30605","South","OFF-AP-10003842","Office Supplies","Appliances","Euro-Pro Shark Turbo Vacuum","154.9","5","0.0","40.274","No"
"1","296","US-2023-157847","2023-04-02","2023-04-06","Second Class","SC-20020","Sam Craven","Consumer","United States","Houston","Texas","77095","Central","OFF-PA-10001593","Office Supplies","Paper","Xerox 1947","33.48800000000001","7","0.2","10.464999999999998","No"
"1","297","US-2023-157847","2023-04-02","2023-04-06","Second Class","SC-20020","Sam Craven","Consumer","United States","Houston","Texas","77095","Central","OFF-PA-10002986","Office Supplies","Paper","Xerox 1898","26.72","5","0.2","9.352","No"
"1","298","US-2023-164315","2023-04-02","2023-04-08","Standard Class","RD-19585","Rob Dowd","Consumer","United States","Athens","Georgia","30605","South","OFF-PA-10004248","Office Supplies","Paper","Xerox 1990","15.84","3","0.0","7.128","No"
"1","299","US-2023-164315","2023-04-02","2023-04-08","Standard Class","RD-19585","Rob Dowd","Consumer","United States","Athens","Georgia","30605","South","TEC-PH-10001128","Technology","Phones","Motorola Droid Maxx","1049.93","7","0.0","293.98040000000003","No"
"1","300","US-2023-112291","2023-04-03","2023-04-08","Standard Class","KE-16420","Katrina Edelman","Corporate","United States","Los Angeles","California","90008","West","OFF-EN-10001415","Office Supplies","Envelopes","Staple envelope","11.16","2","0.0","5.58","No"
"1","301","US-2023-112291","2023-04-03","2023-04-08","Standard Class","KE-16420","Katrina Edelman","Corporate","United States","Los Angeles","California","90008","West","TEC-AC-10000736","Technology","Accessories","Logitech G600 MMO Gaming Mouse","159.98","2","0.0","57.5928","No"
"1","302","US-2023-112291","2023-04-03","2023-04-08","Standard Class","KE-16420","Katrina Edelman","Corporate","United States","Los Angeles","California","90008","West","TEC-AC-10001284","Technology","Accessories","Enermax Briskie RF Wireless Keyboard and Mouse Combo","62.31","3","0.0","22.4316","No"
"1","303","US-2023-133228","2023-04-04","2023-04-09","Standard Class","MS-17710","Maurice Satty","Consumer","United States","Detroit","Michigan","48205","Central","FUR-FU-10004020","Furniture","Furnishings","Advantus Panel Wall Acrylic Frame","5.47","1","0.0","2.3521","No"
"1","304","US-2023-133228","2023-04-04","2023-04-09","Standard Class","MS-17710","Maurice Satty","Consumer","United States","Detroit","Michigan","48205","Central","OFF-AR-10001955","Office Supplies","Art","Newell 319","79.36","4","0.0","23.807999999999993","No"
"1","305","US-2023-128685","2023-04-04","2023-04-05","First Class","MZ-17515","Mary Zewe","Corporate","United States","Los Angeles","California","90008","West","OFF-BI-10004140","Office Supplies","Binders","Avery Non-Stick Binders","7.184000000000001","2","0.2","2.244999999999999","No"
"1","306","US-2023-105172","2023-04-04","2023-04-09","Standard Class","PK-18910","Paul Knutson","Home Office","United States","San Francisco","California","94109","West","OFF-LA-10001641","Office Supplies","Labels","Avery 518","18.9","6","0.0","9.072","No"
"1","307","US-2023-149538","2023-04-04","2023-04-08","Standard Class","KB-16585","Ken Black","Corporate","United States","Lafayette","Louisiana","70506","South","OFF-PA-10002195","Office Supplies","Paper","Xerox 1966","12.96","2","0.0","6.3504000000000005","No"
"1","308","US-2023-149538","2023-04-04","2023-04-08","Standard Class","KB-16585","Ken Black","Corporate","United States","Lafayette","Louisiana","70506","South","OFF-PA-10003797","Office Supplies","Paper","Xerox 209","19.44","3","0.0","9.3312","No"
"1","309","US-2023-149538","2023-04-04","2023-04-08","Standard Class","KB-16585","Ken Black","Corporate","United States","Lafayette","Louisiana","70506","South","OFF-ST-10004180","Office Supplies","Storage","Safco Commercial Shelving","232.55","5","0.0","9.301999999999992","No"
"1","310","US-2023-149538","2023-04-04","2023-04-08","Standard Class","KB-16585","Ken Black","Corporate","United States","Lafayette","Louisiana","70506","South","TEC-AC-10002926","Technology","Accessories","Logitech Wireless Marathon Mouse M705","99.98","2","0.0","42.991400000000006","No"
"1","311","US-2023-102988","2023-04-05","2023-04-09","Second Class","GM-14695","Greg Maxwell","Corporate","United States","Alexandria","Virginia","22304","South","OFF-AR-10000127","Office Supplies","Art","Newell 321","22.959999999999997","7","0.0","6.658399999999997","No"
"1","312","US-2023-149104","2023-04-05","2023-04-07","Second Class","RD-19900","Ruben Dartt","Consumer","United States","Dearborn Heights","Michigan","48127","Central","OFF-AR-10002952","Office Supplies","Art","Stanley Contemporary Battery Pencil Sharpeners","26.7","2","0.0","7.475999999999999","No"
"1","313","US-2023-149104","2023-04-05","2023-04-07","Second Class","RD-19900","Ruben Dartt","Consumer","United States","Dearborn Heights","Michigan","48127","Central","OFF-AR-10004685","Office Supplies","Art","Binney & Smith Crayola Metallic Colored Pencils, 8-Color Set","13.89","3","0.0","4.583699999999999","No"
"1","314","US-2023-102988","2023-04-05","2023-04-09","Second Class","GM-14695","Greg Maxwell","Corporate","United States","Alexandria","Virginia","22304","South","OFF-AR-10004757","Office Supplies","Art","Crayola Colored Pencils","22.959999999999997","7","0.0","7.576799999999999","No"
"1","315","US-2023-157231","2023-04-05","2023-04-09","Standard Class","RP-19855","Roy Phan","Corporate","United States","Richmond","Kentucky","40475","South","OFF-BI-10002852","Office Supplies","Binders","Ibico Standard Transparent Covers","115.36","7","0.0","56.5264","No"
"1","316","US-2023-149104","2023-04-05","2023-04-07","Second Class","RD-19900","Ruben Dartt","Consumer","United States","Dearborn Heights","Michigan","48127","Central","OFF-BI-10004209","Office Supplies","Binders","Fellowes Twister Kit, Gray/Clear, 3/pkg","40.2","5","0.0","18.089999999999996","No"
"1","317","US-2023-102988","2023-04-05","2023-04-09","Second Class","GM-14695","Greg Maxwell","Corporate","United States","Alexandria","Virginia","22304","South","OFF-PA-10003349","Office Supplies","Paper","Xerox 1957","12.96","2","0.0","6.3504000000000005","No"
"1","318","US-2023-113887","2023-04-05","2023-04-07","First Class","TH-21550","Tracy Hopkins","Home Office","United States","New York City","New York","10035","East","OFF-PA-10004071","Office Supplies","Paper","Eaton Premium Continuous-Feed Paper, 25% Cotton, Letter Size, White, 1000 Shts/Box","55.48","1","0.0","26.6304","No"
"1","319","US-2023-149104","2023-04-05","2023-04-07","Second Class","RD-19900","Ruben Dartt","Consumer","United States","Dearborn Heights","Michigan","48127","Central","OFF-ST-10000991","Office Supplies","Storage","Space Solutions HD Industrial Steel Shelving.","689.8199999999999","6","0.0","20.69460000000001","No"
"1","320","US-2023-151001","2023-04-05","2023-04-07","First Class","JG-15805","John Grady","Corporate","United States","Decatur","Illinois","62521","Central","OFF-ST-10001031","Office Supplies","Storage","Adjustable Personal File Tote","52.096","4","0.2","3.907200000000003","No"
"1","321","US-2023-151001","2023-04-05","2023-04-07","First Class","JG-15805","John Grady","Corporate","United States","Decatur","Illinois","62521","Central","OFF-ST-10003455","Office Supplies","Storage","Tenex File Box, Personal Filing Tote with Lid, Black","49.632000000000005","4","0.2","3.7224","No"
"1","322","US-2023-102988","2023-04-05","2023-04-09","Second Class","GM-14695","Greg Maxwell","Corporate","United States","Alexandria","Virginia","22304","South","OFF-SU-10002881","Office Supplies","Supplies","Martin Yale Chadless Opener Electric Letter Opener","4164.049999999999","5","0.0","83.28100000000006","No"
"1","323","US-2023-102988","2023-04-05","2023-04-09","Second Class","GM-14695","Greg Maxwell","Corporate","United States","Alexandria","Virginia","22304","South","TEC-PH-10001615","Technology","Phones","AT&T CL82213","28.99","1","0.0","8.407099999999996","No"
"1","324","US-2023-102652","2023-04-06","2023-04-12","Standard Class","AY-10555","Andy Yotov","Corporate","United States","Los Angeles","California","90049","West","FUR-FU-10000747","Furniture","Furnishings","Tenex B1-RE Series Chair Mats for Low Pile Carpets","91.96","2","0.0","15.633199999999988","Yes"
"1","325","US-2023-102652","2023-04-06","2023-04-12","Standard Class","AY-10555","Andy Yotov","Corporate","United States","Los Angeles","California","90049","West","FUR-FU-10001918","Furniture","Furnishings","C-Line Cubicle Keepers Polyproplyene Holder With Velcro Backings","33.11","7","0.0","12.912900000000004","Yes"
"1","326","US-2023-169803","2023-04-06","2023-04-12","Standard Class","SC-20260","Scott Cohen","Corporate","United States","Seattle","Washington","98115","West","FUR-TA-10000688","Furniture","Tables","Chromcraft Bull-Nose Wood Round Conference Table Top, Wood Base","653.55","3","0.0","111.10349999999994","No"
"1","327","US-2023-118486","2023-04-06","2023-04-08","First Class","SD-20485","Shirley Daniels","Home Office","United States","Philadelphia","Pennsylvania","19143","East","FUR-TA-10001039","Furniture","Tables","KI Adjustable-Height Table","154.764","3","0.4","-36.11160000000001","No"
"1","328","US-2023-153808","2023-04-06","2023-04-10","Second Class","FH-14275","Frank Hawley","Corporate","United States","Los Angeles","California","90004","West","OFF-AR-10001725","Office Supplies","Art","Boston Home & Office Model 2000 Electric Pencil Sharpeners","70.94999999999999","3","0.0","18.447000000000003","No"
"1","329","US-2023-153808","2023-04-06","2023-04-10","Second Class","FH-14275","Frank Hawley","Corporate","United States","Los Angeles","California","90004","West","OFF-BI-10002794","Office Supplies","Binders","Avery Trapezoid Ring Binder, 3"" Capacity, Black, 1040 sheets","65.568","2","0.2","23.768399999999996","No"
"1","330","US-2023-136742","2023-04-06","2023-04-10","Standard Class","GP-14740","Guy Phonely","Corporate","United States","Lancaster","Pennsylvania","17602","East","OFF-BI-10003719","Office Supplies","Binders","Large Capacity Hanging Post Binders","44.91000000000001","6","0.7","-35.928","No"
"1","331","US-2023-102652","2023-04-06","2023-04-12","Standard Class","AY-10555","Andy Yotov","Corporate","United States","Los Angeles","California","90049","West","OFF-PA-10001977","Office Supplies","Paper","Xerox 194","55.48","1","0.0","26.6304","Yes"
"1","332","US-2023-102652","2023-04-06","2023-04-12","Standard Class","AY-10555","Andy Yotov","Corporate","United States","Los Angeles","California","90049","West","OFF-PA-10003309","Office Supplies","Paper","Xerox 211","19.44","3","0.0","9.3312","Yes"
"1","333","US-2023-118486","2023-04-06","2023-04-08","First Class","SD-20485","Shirley Daniels","Home Office","United States","Philadelphia","Pennsylvania","19143","East","OFF-SU-10004498","Office Supplies","Supplies","Martin-Yale Premier Letter Opener","10.304000000000002","1","0.2","-2.1896000000000004","No"
"1","334","US-2023-169803","2023-04-06","2023-04-12","Standard Class","SC-20260","Scott Cohen","Corporate","United States","Seattle","Washington","98115","West","TEC-AC-10003441","Technology","Accessories","Kingston Digital DataTraveler 32GB USB 2.0","33.9","2","0.0","2.033999999999999","No"
"1","335","US-2023-153808","2023-04-06","2023-04-10","Second Class","FH-14275","Frank Hawley","Corporate","United States","Los Angeles","California","90004","West","TEC-AC-10004171","Technology","Accessories","Razer Kraken 7.1 Surround Sound Over Ear USB Gaming Headset","299.96999999999997","3","0.0","131.98680000000002","No"
"1","336","US-2023-118486","2023-04-06","2023-04-08","First Class","SD-20485","Shirley Daniels","Home Office","United States","Philadelphia","Pennsylvania","19143","East","TEC-AC-10004659","Technology","Accessories","Imation Secure+ Hardware Encrypted USB 2.0 Flash Drive; 16GB","116.784","2","0.2","21.89699999999999","No"
"1","337","US-2023-124023","2023-04-07","2023-04-10","First Class","PJ-19015","Pauline Johnson","Consumer","United States","Mobile","Alabama","36608","South","FUR-FU-10004415","Furniture","Furnishings","Stacking Tray, Side-Loading, Legal, Smoke","8.96","2","0.0","2.7775999999999996","No"
"1","338","US-2023-128846","2023-04-07","2023-04-12","Standard Class","RS-19765","Roland Schwarz","Corporate","United States","Columbia","South Carolina","29203","South","OFF-PA-10000100","Office Supplies","Paper","Xerox 1945","122.97","3","0.0","60.255300000000005","No"
"1","339","US-2023-165806","2023-04-07","2023-04-07","Same Day","VM-21685","Valerie Mitchum","Home Office","United States","Marietta","Georgia","30062","South","OFF-PA-10003441","Office Supplies","Paper","Xerox 226","58.32000000000001","9","0.0","27.9936","No"
"1","340","US-2023-128846","2023-04-07","2023-04-12","Standard Class","RS-19765","Roland Schwarz","Corporate","United States","Columbia","South Carolina","29203","South","TEC-PH-10003273","Technology","Phones","AT&T TR1909W","629.9499999999999","5","0.0","163.78700000000003","No"
"1","341","US-2023-165806","2023-04-07","2023-04-07","Same Day","VM-21685","Valerie Mitchum","Home Office","United States","Marietta","Georgia","30062","South","TEC-PH-10004922","Technology","Phones","RCA Visys Integrated PBX 8-Line Router","200.96999999999997","3","0.0","50.24250000000001","No"
"1","342","US-2023-118997","2023-04-08","2023-04-12","Standard Class","RA-19885","Ruben Ausman","Corporate","United States","Decatur","Alabama","35601","South","FUR-TA-10001086","Furniture","Tables","SAFCO PlanMaster Boards, 60w x 37-1/2d, White Melamine","1215.92","8","0.0","316.1392000000001","No"
"1","343","US-2023-150581","2023-04-08","2023-04-12","Standard Class","NM-18445","Nathan Mautz","Home Office","United States","Concord","California","94521","West","FUR-TA-10003748","Furniture","Tables","Bevis 36 x 72 Conference Tables","99.592","1","0.2","2.489799999999999","No"
"1","344","US-2023-121769","2023-04-08","2023-04-12","Standard Class","JS-15880","John Stevenson","Consumer","United States","Toledo","Ohio","43615","East","FUR-TA-10004442","Furniture","Tables","Riverside Furniture Stanwyck Manor Table Series","172.11","1","0.4","-94.6605","No"
"1","345","US-2023-100363","2023-04-08","2023-04-15","Standard Class","JM-15655","Jim Mitchum","Corporate","United States","Glendale","Arizona","85301","West","OFF-FA-10000611","Office Supplies","Fasteners","Binder Clips by OIC","2.368","2","0.2","0.8287999999999999","No"
"1","346","US-2023-163797","2023-04-08","2023-04-13","Standard Class","PC-19000","Pauline Chand","Home Office","United States","Chandler","Arizona","85224","West","OFF-FA-10001883","Office Supplies","Fasteners","Alliance Super-Size Bands, Assorted Sizes","49.792","8","0.2","-11.8256","No"
"1","347","US-2023-100363","2023-04-08","2023-04-15","Standard Class","JM-15655","Jim Mitchum","Corporate","United States","Glendale","Arizona","85301","West","OFF-PA-10004733","Office Supplies","Paper","Things To Do Today Spiral Book","19.008000000000003","3","0.2","6.890399999999998","No"
"1","348","US-2023-150581","2023-04-08","2023-04-12","Standard Class","NM-18445","Nathan Mautz","Home Office","United States","Concord","California","94521","West","TEC-AC-10001908","Technology","Accessories","Logitech Wireless Headset h800","399.96","4","0.0","139.986","No"
"1","349","US-2023-121734","2023-04-11","2023-04-16","Standard Class","SE-20110","Sanjit Engle","Consumer","United States","Lewiston","Idaho","83501","West","OFF-BI-10004817","Office Supplies","Binders","GBC Personal VeloBind Strips","9.584","1","0.2","3.3543999999999996","No"
"1","350","US-2023-102715","2023-04-11","2023-04-13","Second Class","JK-15370","Jay Kimmel","Consumer","United States","Miami","Florida","33180","South","OFF-FA-10001332","Office Supplies","Fasteners","Acco Banker's Clasps, 5 3/4""-Long","6.911999999999999","3","0.2","2.3328","No"
"1","351","US-2023-102715","2023-04-11","2023-04-13","Second Class","JK-15370","Jay Kimmel","Consumer","United States","Miami","Florida","33180","South","OFF-PA-10000029","Office Supplies","Paper","Xerox 224","10.368000000000002","2","0.2","3.6288","No"
"1","352","US-2023-110555","2023-04-11","2023-04-18","Standard Class","MM-18055","Michelle Moray","Consumer","United States","Great Falls","Montana","59405","West","OFF-ST-10000876","Office Supplies","Storage","Eldon Simplefile Box Office","87.08","7","0.0","24.3824","No"
"1","353","US-2023-102715","2023-04-11","2023-04-13","Second Class","JK-15370","Jay Kimmel","Consumer","United States","Miami","Florida","33180","South","TEC-AC-10001874","Technology","Accessories","Logitech Wireless Anywhere Mouse MX for PC and Mac","335.944","7","0.2","41.992999999999995","No"
"1","354","US-2023-102715","2023-04-11","2023-04-13","Second Class","JK-15370","Jay Kimmel","Consumer","United States","Miami","Florida","33180","South","TEC-AC-10002001","Technology","Accessories","Logitech Wireless Gaming Headset G930","383.97600000000006","3","0.2","81.59490000000001","No"
"1","355","US-2023-110555","2023-04-11","2023-04-18","Standard Class","MM-18055","Michelle Moray","Consumer","United States","Great Falls","Montana","59405","West","TEC-AC-10003399","Technology","Accessories","Memorex Mini Travel Drive 64 GB USB 2.0 Flash Drive","217.44","6","0.0","91.3248","No"
"1","356","US-2023-110555","2023-04-11","2023-04-18","Standard Class","MM-18055","Michelle Moray","Consumer","United States","Great Falls","Montana","59405","West","TEC-PH-10000586","Technology","Phones","AT&T SB67148 SynJ","105.584","2","0.2","9.238600000000003","No"
"1","357","US-2023-138940","2023-04-11","2023-04-16","Second Class","GM-14455","Gary Mitchum","Home Office","United States","Austin","Texas","78745","Central","TEC-PH-10001835","Technology","Phones","Jawbone JAMBOX Wireless Bluetooth Speaker","758.3520000000001","6","0.2","265.4232","No"
"1","358","US-2023-154599","2023-04-12","2023-04-17","Standard Class","KN-16450","Kean Nguyen","Corporate","United States","Redondo Beach","California","90278","West","FUR-BO-10001337","Furniture","Bookcases","O'Sullivan Living Dimensions 2-Shelf Bookcases","308.499","3","0.15","-18.147","No"
"1","359","US-2023-142979","2023-04-12","2023-04-18","Standard Class","EH-13765","Edward Hooks","Corporate","United States","Lodi","California","95240","West","OFF-AR-10002987","Office Supplies","Art","Prismacolor Color Pencil Set","39.68","2","0.0","16.268800000000002","No"
"1","360","US-2023-154599","2023-04-12","2023-04-17","Standard Class","KN-16450","Kean Nguyen","Corporate","United States","Redondo Beach","California","90278","West","OFF-BI-10002764","Office Supplies","Binders","Recycled Pressboard Report Cover with Reinforced Top Hinge","18.088","7","0.2","6.556900000000001","No"
"1","361","US-2023-158365","2023-04-12","2023-04-17","Standard Class","SV-20785","Stewart Visinsky","Consumer","United States","Bloomington","Indiana","47401","Central","OFF-PA-10000289","Office Supplies","Paper","Xerox 213","32.400000000000006","5","0.0","15.552","No"
"1","362","US-2023-154599","2023-04-12","2023-04-17","Standard Class","KN-16450","Kean Nguyen","Corporate","United States","Redondo Beach","California","90278","West","TEC-PH-10000576","Technology","Phones","AT&T 1080 Corded phone","438.36800000000005","4","0.2","38.357200000000006","No"
"1","363","US-2023-154599","2023-04-12","2023-04-17","Standard Class","KN-16450","Kean Nguyen","Corporate","United States","Redondo Beach","California","90278","West","TEC-PH-10001557","Technology","Phones","Pyle PMP37LED","1075.088","14","0.2","94.07019999999994","No"
"1","364","US-2023-122336","2023-04-13","2023-04-17","Second Class","JD-15895","Jonathan Doherty","Corporate","United States","Philadelphia","Pennsylvania","19140","East","OFF-AR-10000122","Office Supplies","Art","Newell 314","17.856","4","0.2","1.115999999999998","No"
"1","365","US-2023-122336","2023-04-13","2023-04-17","Second Class","JD-15895","Jonathan Doherty","Corporate","United States","Philadelphia","Pennsylvania","19140","East","OFF-BI-10003656","Office Supplies","Binders","Fellowes PB200 Plastic Comb Binding Machine","509.9700000000001","10","0.7","-407.9759999999999","No"
"1","366","US-2023-122336","2023-04-13","2023-04-17","Second Class","JD-15895","Jonathan Doherty","Corporate","United States","Philadelphia","Pennsylvania","19140","East","OFF-FA-10002780","Office Supplies","Fasteners","Staples","30.991999999999997","13","0.2","10.072399999999996","No"
"1","367","US-2023-167724","2023-04-13","2023-04-18","Standard Class","BF-11170","Ben Ferrer","Home Office","United States","Baltimore","Maryland","21215","East","OFF-LA-10002368","Office Supplies","Labels","Avery 479","7.83","3","0.0","3.6018","No"
"1","368","US-2023-122336","2023-04-13","2023-04-17","Second Class","JD-15895","Jonathan Doherty","Corporate","United States","Philadelphia","Pennsylvania","19140","East","TEC-PH-10000702","Technology","Phones","Square Credit Card Reader, 4 1/2"" x 4 1/2"" x 1"", White","71.928","12","0.4","8.39159999999999","No"
"1","369","US-2023-120740","2023-04-15","2023-04-15","Same Day","PS-18970","Paul Stevenson","Home Office","United States","Los Angeles","California","90049","West","FUR-FU-10004091","Furniture","Furnishings","Howard Miller 13"" Diameter Goldtone Round Wall Clock","187.76","4","0.0","76.9816","No"
"1","370","US-2023-120740","2023-04-15","2023-04-15","Same Day","PS-18970","Paul Stevenson","Home Office","United States","Los Angeles","California","90049","West","OFF-AP-10000240","Office Supplies","Appliances","Belkin F9G930V10-GRY 9 Outlet Surge","106.96","2","0.0","31.018399999999986","No"
"1","371","US-2023-155208","2023-04-16","2023-04-20","Standard Class","SP-20650","Stephanie Phelps","Corporate","United States","Wilmington","North Carolina","28403","South","OFF-AR-10003478","Office Supplies","Art","Avery Hi-Liter EverBold Pen Style Fluorescent Highlighters, 4/Pack","39.072","6","0.2","9.768","No"
"1","372","US-2023-100678","2023-04-18","2023-04-22","Standard Class","KM-16720","Kunst Miller","Consumer","United States","Houston","Texas","77095","Central","FUR-CH-10002602","Furniture","Chairs","DMI Arturo Collection Mission-style Design Wood Chair","317.058","3","0.3","-18.117599999999996","No"
"1","373","US-2023-110849","2023-04-18","2023-04-23","Standard Class","JL-15835","John Lee","Consumer","United States","Los Angeles","California","90049","West","OFF-AR-10000657","Office Supplies","Art","Binney & Smith inkTank Desk Highlighter, Chisel Tip, Yellow, 12/Box","10.75","5","0.0","3.547499999999999","No"
"1","374","US-2023-100678","2023-04-18","2023-04-22","Standard Class","KM-16720","Kunst Miller","Consumer","United States","Houston","Texas","77095","Central","OFF-AR-10001868","Office Supplies","Art","Prang Dustless Chalk Sticks","2.688","2","0.2","1.008","No"
"1","375","US-2023-110849","2023-04-18","2023-04-23","Standard Class","JL-15835","John Lee","Consumer","United States","Los Angeles","California","90049","West","OFF-AR-10002375","Office Supplies","Art","Newell 351","13.12","4","0.0","3.8047999999999984","No"
"1","376","US-2023-100678","2023-04-18","2023-04-22","Standard Class","KM-16720","Kunst Miller","Consumer","United States","Houston","Texas","77095","Central","OFF-EN-10000056","Office Supplies","Envelopes","Cameo Buff Policy Envelopes","149.352","3","0.2","50.40629999999998","No"
"1","377","US-2023-110849","2023-04-18","2023-04-23","Standard Class","JL-15835","John Lee","Consumer","United States","Los Angeles","California","90049","West","OFF-FA-10000134","Office Supplies","Fasteners","Advantus Push Pins, Aluminum Head","11.62","2","0.0","3.6022","No"
"1","378","US-2023-100678","2023-04-18","2023-04-22","Standard Class","KM-16720","Kunst Miller","Consumer","United States","Houston","Texas","77095","Central","TEC-AC-10000474","Technology","Accessories","Kensington Expert Mouse Optical USB Trackball for PC or Mac","227.976","3","0.2","28.496999999999957","No"
"1","379","US-2023-110849","2023-04-18","2023-04-23","Standard Class","JL-15835","John Lee","Consumer","United States","Los Angeles","California","90049","West","TEC-MA-10002859","Technology","Machines","Ativa MDM8000 8-Sheet Micro-Cut Shredder","287.968","4","0.2","97.1892","No"
"1","380","US-2023-169460","2023-04-19","2023-04-21","Second Class","NF-18595","Nicole Fjeld","Home Office","United States","San Jose","California","95123","West","FUR-FU-10004017","Furniture","Furnishings","Executive Impressions 13"" Chairman Wall Clock","76.14","3","0.0","26.648999999999997","No"
"1","381","US-2023-158470","2023-04-19","2023-04-23","Second Class","AG-10390","Allen Goldenen","Consumer","United States","Arlington","Virginia","22204","South","OFF-BI-10003638","Office Supplies","Binders","GBC Durable Plastic Covers","58.05","3","0.0","26.703","No"
"1","382","US-2023-158470","2023-04-19","2023-04-23","Second Class","AG-10390","Allen Goldenen","Consumer","United States","Arlington","Virginia","22204","South","OFF-PA-10001569","Office Supplies","Paper","Xerox 232","71.28","11","0.0","34.214400000000005","No"
"1","383","US-2023-101462","2023-04-20","2023-04-25","Standard Class","BP-11230","Benjamin Patterson","Consumer","United States","Los Angeles","California","90045","West","FUR-FU-10000409","Furniture","Furnishings","GE 4 Foot Flourescent Tube, 40 Watt","59.92","4","0.0","27.5632","No"
"1","384","US-2023-134572","2023-04-20","2023-04-22","Second Class","SV-20365","Seth Vernon","Consumer","United States","Houston","Texas","77070","Central","FUR-TA-10001705","Furniture","Tables","Bush Advantage Collection Round Conference Table","744.0999999999999","5","0.3","-95.67000000000004","No"
"1","385","US-2023-134572","2023-04-20","2023-04-22","Second Class","SV-20365","Seth Vernon","Consumer","United States","Houston","Texas","77070","Central","FUR-TA-10004442","Furniture","Tables","Riverside Furniture Stanwyck Manor Table Series","401.59","2","0.3","-131.95100000000002","No"
"1","386","US-2023-134572","2023-04-20","2023-04-22","Second Class","SV-20365","Seth Vernon","Consumer","United States","Houston","Texas","77070","Central","OFF-ST-10004634","Office Supplies","Storage","Personal Folder Holder, Ebony","44.84000000000001","5","0.2","5.604999999999995","No"
"1","387","US-2023-158064","2023-04-21","2023-04-25","Standard Class","AA-10375","Allen Armold","Consumer","United States","Los Angeles","California","90008","West","OFF-BI-10002976","Office Supplies","Binders","ACCOHIDE Binder by Acco","16.520000000000003","5","0.2","5.5755","No"
"1","388","US-2023-136336","2023-04-21","2023-04-26","Standard Class","DB-13555","Dorothy Badders","Corporate","United States","Henderson","Kentucky","42420","South","OFF-ST-10002574","Office Supplies","Storage","SAFCO Commercial Wire Shelving, Black","828.8399999999999","6","0.0","0.0","No"
"1","389","US-2023-122070","2023-04-22","2023-04-24","Second Class","AH-10030","Aaron Hawkins","Corporate","United States","Troy","New York","12180","East","OFF-BI-10004970","Office Supplies","Binders","ACCOHIDE 3-Ring Binder, Blue, 1""","9.912","3","0.2","3.3452999999999995","No"
"1","390","US-2023-122070","2023-04-22","2023-04-24","Second Class","AH-10030","Aaron Hawkins","Corporate","United States","Troy","New York","12180","East","OFF-EN-10004773","Office Supplies","Envelopes","Staple envelope","247.84","8","0.0","121.4416","No"
"1","391","US-2023-150119","2023-04-23","2023-04-27","Standard Class","LB-16795","Laurel Beltran","Home Office","United States","Columbus","Ohio","43229","East","FUR-CH-10002965","Furniture","Chairs","Global Leather Highback Executive Chair with Pneumatic Height Adjustment, Black","281.37199999999996","2","0.3","-12.05879999999999","No"
"1","392","US-2023-150119","2023-04-23","2023-04-27","Standard Class","LB-16795","Laurel Beltran","Home Office","United States","Columbus","Ohio","43229","East","FUR-CH-10002965","Furniture","Chairs","Global Leather Highback Executive Chair with Pneumatic Height Adjustment, Black","281.37199999999996","2","0.3","-12.05879999999999","No"
"1","393","US-2023-150119","2023-04-23","2023-04-27","Standard Class","LB-16795","Laurel Beltran","Home Office","United States","Columbus","Ohio","43229","East","FUR-FU-10002191","Furniture","Furnishings","G.E. Halogen Desk Lamp Bulbs","22.336","4","0.2","7.8176","No"
"1","394","US-2023-150119","2023-04-23","2023-04-27","Standard Class","LB-16795","Laurel Beltran","Home Office","United States","Columbus","Ohio","43229","East","OFF-BI-10000145","Office Supplies","Binders","Zipper Ring Binder Pockets","7.488000000000001","8","0.7","-5.241599999999998","No"
"1","395","US-2023-112564","2023-04-23","2023-04-24","First Class","TS-21160","Theresa Swint","Corporate","United States","Philadelphia","Pennsylvania","19134","East","OFF-BI-10004876","Office Supplies","Binders","Wilson Jones Suede Grain Vinyl Binders","2.502","3","0.7","-1.7513999999999994","No"
"1","396","US-2023-111857","2023-04-23","2023-04-26","Second Class","NM-18445","Nathan Mautz","Home Office","United States","San Francisco","California","94109","West","OFF-PA-10001878","Office Supplies","Paper","Xerox 1891","48.91","1","0.0","22.987699999999997","No"
"1","397","US-2023-166954","2023-04-25","2023-04-30","Standard Class","BT-11305","Beth Thompson","Home Office","United States","San Gabriel","California","91776","West","FUR-CH-10003973","Furniture","Chairs","GuestStacker Chair with Chrome Finish Legs","1487.04","5","0.2","148.70400000000006","No"
"1","398","US-2023-166954","2023-04-25","2023-04-30","Standard Class","BT-11305","Beth Thompson","Home Office","United States","San Gabriel","California","91776","West","FUR-FU-10003708","Furniture","Furnishings","Tenex Traditional Chairmats for Medium Pile Carpet, Standard Lip, 36"" x 48""","303.25","5","0.0","63.6825","No"
"1","399","US-2023-166954","2023-04-25","2023-04-30","Standard Class","BT-11305","Beth Thompson","Home Office","United States","San Gabriel","California","91776","West","OFF-AP-10001391","Office Supplies","Appliances","Kensington 6 Outlet MasterPiece HOMEOFFICE Power Control Center","270.71999999999997","3","0.0","78.50879999999997","No"
"1","400","US-2023-157406","2023-04-25","2023-04-29","Standard Class","DA-13450","Dianna Arnett","Home Office","United States","Houston","Texas","77095","Central","OFF-AR-10002221","Office Supplies","Art","12 Colored Short Pencils","6.24","3","0.2","0.5460000000000007","No"
"1","401","US-2023-157406","2023-04-25","2023-04-29","Standard Class","DA-13450","Dianna Arnett","Home Office","United States","Houston","Texas","77095","Central","OFF-PA-10003543","Office Supplies","Paper","Xerox 1985","10.368000000000002","2","0.2","3.6288","No"
"1","402","US-2023-110100","2023-04-25","2023-04-29","Standard Class","LC-16885","Lena Creighton","Consumer","United States","Wilmington","North Carolina","28403","South","TEC-PH-10004531","Technology","Phones","AT&T CL2909","302.376","3","0.2","37.797","No"
"1","403","US-2023-147298","2023-04-26","2023-05-03","Standard Class","AG-10300","Aleksandra Gannaway","Corporate","United States","Los Angeles","California","90049","West","FUR-CH-10004886","Furniture","Chairs","Bevis Steel Folding Chairs","230.28000000000003","3","0.2","23.02799999999999","No"
"1","404","US-2023-116785","2023-04-26","2023-04-30","Standard Class","MH-17290","Marc Harrigan","Home Office","United States","Los Angeles","California","90036","West","OFF-AR-10003504","Office Supplies","Art","Newell 347","21.4","5","0.0","6.205999999999998","Yes"
"1","405","US-2023-147298","2023-04-26","2023-05-03","Standard Class","AG-10300","Aleksandra Gannaway","Corporate","United States","Los Angeles","California","90049","West","OFF-BI-10001525","Office Supplies","Binders","Acco Pressboard Covers with Storage Hooks, 14 7/8"" x 11"", Executive Red","18.288","6","0.2","5.714999999999999","No"
"1","406","US-2023-116785","2023-04-26","2023-04-30","Standard Class","MH-17290","Marc Harrigan","Home Office","United States","Los Angeles","California","90036","West","OFF-LA-10000305","Office Supplies","Labels","Avery 495","12.6","2","0.0","5.795999999999999","Yes"
"1","407","US-2023-118976","2023-04-28","2023-05-03","Standard Class","MY-18295","Muhammed Yedwab","Corporate","United States","Baltimore","Maryland","21215","East","OFF-AR-10004752","Office Supplies","Art","Blackstonian Pencils","5.34","2","0.0","1.4952","No"
"1","408","US-2023-118976","2023-04-28","2023-05-03","Standard Class","MY-18295","Muhammed Yedwab","Corporate","United States","Baltimore","Maryland","21215","East","OFF-BI-10001628","Office Supplies","Binders","Acco Data Flex Cable Posts For Top & Bottom Load Binders, 6"" Capacity","20.86","2","0.0","9.387","No"
"1","409","US-2023-118976","2023-04-28","2023-05-03","Standard Class","MY-18295","Muhammed Yedwab","Corporate","United States","Baltimore","Maryland","21215","East","OFF-LA-10000452","Office Supplies","Labels","Avery 488","3.15","1","0.0","1.512","No"
"1","410","US-2023-140228","2023-04-28","2023-05-03","Standard Class","GB-14530","George Bell","Corporate","United States","Newark","Ohio","43055","East","OFF-LA-10001613","Office Supplies","Labels","Avery File Folder Labels","6.911999999999999","3","0.2","2.5056000000000003","No"
"1","411","US-2023-118976","2023-04-28","2023-05-03","Standard Class","MY-18295","Muhammed Yedwab","Corporate","United States","Baltimore","Maryland","21215","East","OFF-ST-10000877","Office Supplies","Storage","Recycled Steel Personal File for Standard File Folders","497.61","9","0.0","129.3786","No"
"1","412","US-2023-140228","2023-04-28","2023-05-03","Standard Class","GB-14530","George Bell","Corporate","United States","Newark","Ohio","43055","East","OFF-ST-10001128","Office Supplies","Storage","Carina Mini System Audio Rack, Model AR050B","177.568","2","0.2","-37.73319999999999","No"
"1","413","US-2023-140228","2023-04-28","2023-05-03","Standard Class","GB-14530","George Bell","Corporate","United States","Newark","Ohio","43055","East","OFF-ST-10002214","Office Supplies","Storage","X-Rack File for Hanging Folders","27.096","3","0.2","2.0321999999999987","No"
"1","414","US-2023-132983","2023-04-28","2023-05-03","Standard Class","DS-13180","David Smith","Corporate","United States","Jamestown","New York","14701","East","TEC-AC-10000736","Technology","Accessories","Logitech G600 MMO Gaming Mouse","159.98","2","0.0","57.5928","No"
"1","415","US-2023-131387","2023-04-28","2023-04-30","First Class","AI-10855","Arianne Irving","Consumer","United States","San Francisco","California","94122","West","TEC-PH-10001459","Technology","Phones","Samsung Galaxy Mega 6.3","1679.96","5","0.2","125.99700000000009","No"
"1","416","US-2023-107811","2023-04-29","2023-05-03","Standard Class","LA-16780","Laura Armstrong","Corporate","United States","Memphis","Tennessee","38109","South","FUR-CH-10001394","Furniture","Chairs","Global Leather Executive Chair","561.5840000000001","2","0.2","70.19799999999992","No"
"1","417","US-2023-142727","2023-04-29","2023-05-01","Second Class","HG-14845","Harry Greene","Consumer","United States","Lake Charles","Louisiana","70601","South","FUR-CH-10002304","Furniture","Chairs","Global Stack Chair without Arms, Black","51.96","2","0.0","12.990000000000002","No"
"1","418","US-2023-134061","2023-04-29","2023-05-04","Standard Class","LL-16840","Lauren Leatherbury","Consumer","United States","Rochester","New York","14609","East","FUR-FU-10001424","Furniture","Furnishings","Dax Clear Box Frame","17.46","2","0.0","5.936399999999999","No"
"1","419","US-2023-142727","2023-04-29","2023-05-01","Second Class","HG-14845","Harry Greene","Consumer","United States","Lake Charles","Louisiana","70601","South","OFF-BI-10000136","Office Supplies","Binders","Avery Non-Stick Heavy Duty View Round Locking Ring Binders","17.94","3","0.0","8.6112","No"
"1","420","US-2023-107811","2023-04-29","2023-05-03","Standard Class","LA-16780","Laura Armstrong","Corporate","United States","Memphis","Tennessee","38109","South","OFF-ST-10000798","Office Supplies","Storage","2300 Heavy-Duty Transfer File Systems by Perma","99.92000000000002","5","0.2","-1.249000000000013","No"
"1","421","US-2023-118304","2023-04-29","2023-05-04","Standard Class","KH-16360","Katherine Hughes","Consumer","United States","Dover","Delaware","19901","East","TEC-PH-10000376","Technology","Phones","Square Credit Card Reader","19.98","2","0.0","5.194800000000001","No"
"1","422","US-2023-160094","2023-04-30","2023-05-02","First Class","JM-16195","Justin MacKendrick","Consumer","United States","Louisville","Kentucky","40214","South","OFF-AR-10004010","Office Supplies","Art","Hunt Boston Vacuum Mount KS Pencil Sharpener","174.95000000000002","5","0.0","45.487","No"
"1","423","US-2023-160094","2023-04-30","2023-05-02","First Class","JM-16195","Justin MacKendrick","Consumer","United States","Louisville","Kentucky","40214","South","OFF-ST-10000585","Office Supplies","Storage","Economy Rollaway Files","826.0","5","0.0","214.76","No"
"1","424","US-2023-156006","2023-04-30","2023-05-02","Second Class","TM-21010","Tamara Manning","Consumer","United States","Jackson","Mississippi","39212","South","TEC-AC-10002550","Technology","Accessories","Maxell 4.7GB DVD-RW 3/Pack","47.79","3","0.0","16.2486","No"
"1","425","US-2023-115056","2023-05-02","2023-05-02","Same Day","AR-10510","Andrew Roberts","Consumer","United States","Columbus","Ohio","43229","East","OFF-AP-10003971","Office Supplies","Appliances","Belkin 6 Outlet Metallic Surge Strip","26.136000000000003","3","0.2","1.9602000000000004","No"
"1","426","US-2023-124618","2023-05-02","2023-05-04","Second Class","CS-11860","Cari Schnelling","Consumer","United States","Lakeland","Florida","33801","South","TEC-CO-10004202","Technology","Copiers","Brother DCP1000 Digital 3 in 1 Multifunction Machine","479.984","2","0.2","89.99699999999999","No"
"1","427","US-2023-135755","2023-05-03","2023-05-10","Standard Class","NC-18415","Nathan Cano","Consumer","United States","Yonkers","New York","10701","East","OFF-BI-10003981","Office Supplies","Binders","Avery Durable Plastic 1"" Binders","10.896","3","0.2","3.9498","No"
"1","428","US-2023-135755","2023-05-03","2023-05-10","Standard Class","NC-18415","Nathan Cano","Consumer","United States","Yonkers","New York","10701","East","OFF-BI-10004828","Office Supplies","Binders","GBC Poly Designer Binding Covers","40.176","3","0.2","14.563799999999995","No"
"1","429","US-2023-130274","2023-05-03","2023-05-05","First Class","JS-15940","Joni Sundaresam","Home Office","United States","Appleton","Wisconsin","54915","Central","OFF-LA-10002195","Office Supplies","Labels","Avery 481","21.56","7","0.0","10.3488","No"
"1","430","US-2023-155271","2023-05-04","2023-05-04","Same Day","AA-10480","Andrew Allen","Consumer","United States","Middletown","Connecticut","6457","East","FUR-FU-10001473","Furniture","Furnishings","DAX Wood Document Frame","27.46","2","0.0","9.8856","No"
"1","431","US-2023-148194","2023-05-04","2023-05-07","First Class","BS-11365","Bill Shonely","Corporate","United States","Seattle","Washington","98105","West","FUR-FU-10001852","Furniture","Furnishings","Eldon Regeneration Recycled Desk Accessories, Smoke","12.18","7","0.0","3.8976","No"
"1","432","US-2023-148194","2023-05-04","2023-05-07","First Class","BS-11365","Bill Shonely","Corporate","United States","Seattle","Washington","98105","West","OFF-AP-10000696","Office Supplies","Appliances","Holmes Odor Grabber","57.68","4","0.0","19.0344","No"
"1","433","US-2023-111899","2023-05-04","2023-05-05","First Class","NC-18340","Nat Carroll","Consumer","United States","Houston","Texas","77036","Central","OFF-AR-10001725","Office Supplies","Art","Boston Home & Office Model 2000 Electric Pencil Sharpeners","37.84","2","0.2","2.8380000000000027","No"
"1","434","US-2023-117709","2023-05-04","2023-05-08","Standard Class","PM-18940","Paul MacIntyre","Consumer","United States","Jackson","Michigan","49201","Central","OFF-BI-10001294","Office Supplies","Binders","Fellowes Binding Cases","46.8","4","0.0","21.059999999999995","No"
"1","435","US-2023-111899","2023-05-04","2023-05-05","First Class","NC-18340","Nat Carroll","Consumer","United States","Houston","Texas","77036","Central","OFF-FA-10000840","Office Supplies","Fasteners","OIC Thumb-Tacks","5.4719999999999995","6","0.2","1.8467999999999996","No"
"1","436","US-2023-110219","2023-05-05","2023-05-08","First Class","EB-13870","Emily Burns","Consumer","United States","San Antonio","Texas","78207","Central","FUR-CH-10001146","Furniture","Chairs","Global Value Mid-Back Manager's Chair, Gray","127.869","3","0.3","-9.133500000000012","No"
"1","437","US-2023-166457","2023-05-05","2023-05-09","Second Class","PF-19120","Peter Fuller","Consumer","United States","Richmond","Kentucky","40475","South","OFF-AR-10003651","Office Supplies","Art","Newell 350","6.56","2","0.0","1.9023999999999992","No"
"1","438","US-2023-111934","2023-05-05","2023-05-07","First Class","GD-14590","Giulietta Dortch","Corporate","United States","Arlington","Virginia","22204","South","OFF-BI-10004364","Office Supplies","Binders","Storex Dura Pro Binders","11.88","2","0.0","5.346","No"
"1","439","US-2023-111934","2023-05-05","2023-05-07","First Class","GD-14590","Giulietta Dortch","Corporate","United States","Arlington","Virginia","22204","South","OFF-PA-10000474","Office Supplies","Paper","Easy-staple paper","35.44","1","0.0","16.656799999999997","No"
"1","440","US-2023-166457","2023-05-05","2023-05-09","Second Class","PF-19120","Peter Fuller","Consumer","United States","Richmond","Kentucky","40475","South","OFF-PA-10001363","Office Supplies","Paper","Xerox 1933","24.56","2","0.0","11.5432","No"
"1","441","US-2023-166457","2023-05-05","2023-05-09","Second Class","PF-19120","Peter Fuller","Consumer","United States","Richmond","Kentucky","40475","South","OFF-PA-10003016","Office Supplies","Paper","Adams ""While You Were Out"" Message Pads","9.42","3","0.0","4.238999999999999","No"
"1","442","US-2023-160738","2023-05-05","2023-05-10","Standard Class","KH-16330","Katharine Harms","Corporate","United States","Freeport","Illinois","61032","Central","OFF-ST-10003442","Office Supplies","Storage","Eldon Portable Mobile Manager","45.248000000000005","2","0.2","3.959199999999999","No"
"1","443","US-2023-154879","2023-05-06","2023-05-11","Standard Class","SN-20710","Steve Nguyen","Home Office","United States","Los Angeles","California","90004","West","OFF-AR-10001897","Office Supplies","Art","Model L Table or Wall-Mount Pencil Sharpener","107.94","6","0.0","30.2232","No"
"1","444","US-2023-121664","2023-05-06","2023-05-10","Standard Class","HP-14815","Harold Pawlan","Home Office","United States","Los Angeles","California","90049","West","OFF-BI-10003684","Office Supplies","Binders","Wilson Jones Legal Size Ring Binders","140.736","8","0.2","52.776","No"
"1","445","US-2023-154879","2023-05-06","2023-05-11","Standard Class","SN-20710","Steve Nguyen","Home Office","United States","Los Angeles","California","90004","West","OFF-LA-10004425","Office Supplies","Labels","Staple-on labels","5.78","2","0.0","2.7166","No"
"1","446","US-2023-166086","2023-05-07","2023-05-12","Standard Class","CT-11995","Carol Triggs","Consumer","United States","Lawrence","Massachusetts","1841","East","FUR-CH-10004675","Furniture","Chairs","Lifetime Advantage Folding Chairs, 4/Carton","872.32","4","0.0","244.2496","No"
"1","447","US-2023-166086","2023-05-07","2023-05-12","Standard Class","CT-11995","Carol Triggs","Consumer","United States","Lawrence","Massachusetts","1841","East","FUR-TA-10003469","Furniture","Tables","Balt Split Level Computer Training Table","194.25","2","0.3","-38.849999999999994","No"
"1","448","US-2023-166086","2023-05-07","2023-05-12","Standard Class","CT-11995","Carol Triggs","Consumer","United States","Lawrence","Massachusetts","1841","East","OFF-AR-10002578","Office Supplies","Art","Newell 335","8.64","3","0.0","2.5056","No"
"1","449","US-2023-166086","2023-05-07","2023-05-12","Standard Class","CT-11995","Carol Triggs","Consumer","United States","Lawrence","Massachusetts","1841","East","OFF-BI-10001078","Office Supplies","Binders","Acco PRESSTEX Data Binder with Storage Hooks, Dark Blue, 14 7/8"" X 11""","16.14","3","0.0","7.9086","No"
"1","450","CA-2023-166086","2023-05-07","2023-05-12","Standard Class","CT-11995","Carol Triggs","Consumer","Canada","Toronto","Ontario","M3C","East","FUR-CH-10004675","Furniture","Chairs","Lifetime Advantage Folding Chairs, 4/Carton","872.32","4","0.0","244.2496","No"
"1","451","CA-2023-166086","2023-05-07","2023-05-12","Standard Class","CT-11995","Carol Triggs","Consumer","Canada","Toronto","Ontario","M3C","East","FUR-TA-10003469","Furniture","Tables","Balt Split Level Computer Training Table","194.25","2","0.3","-38.849999999999994","No"
"1","452","CA-2023-166086","2023-05-07","2023-05-12","Standard Class","CT-11995","Carol Triggs","Consumer","Canada","Toronto","Ontario","M3C","East","OFF-AR-10002578","Office Supplies","Art","Newell 335","8.64","3","0.0","2.5056","No"
"1","453","CA-2023-166086","2023-05-07","2023-05-12","Standard Class","CT-11995","Carol Triggs","Consumer","Canada","Toronto","Ontario","M3C","East","OFF-BI-10001078","Office Supplies","Binders","Acco PRESSTEX Data Binder with Storage Hooks, Dark Blue, 14 7/8"" X 11""","16.14","3","0.0","7.9086","No"
"1","454","US-2023-116666","2023-05-08","2023-05-10","First Class","KT-16480","Kean Thornton","Consumer","United States","Philadelphia","Pennsylvania","19134","East","TEC-CO-10001449","Technology","Copiers","Hewlett Packard LaserJet 3310 Copier","1799.9699999999998","5","0.4","239.9960000000001","No"
"1","455","US-2023-158771","2023-05-09","2023-05-09","Same Day","SB-20290","Sean Braxton","Corporate","United States","Henderson","Kentucky","42420","South","OFF-LA-10001641","Office Supplies","Labels","Avery 518","9.45","3","0.0","4.536","No"
"1","456","US-2023-158771","2023-05-09","2023-05-09","Same Day","SB-20290","Sean Braxton","Corporate","United States","Henderson","Kentucky","42420","South","OFF-LA-10003121","Office Supplies","Labels","Avery 506","20.65","5","0.0","9.499","No"
"1","457","US-2023-158771","2023-05-09","2023-05-09","Same Day","SB-20290","Sean Braxton","Corporate","United States","Henderson","Kentucky","42420","South","OFF-PA-10002689","Office Supplies","Paper","Weyerhaeuser First Choice Laser/Copy Paper (20Lb. and 88 Bright)","45.36","7","0.0","21.772800000000004","No"
"1","458","US-2023-158771","2023-05-09","2023-05-09","Same Day","SB-20290","Sean Braxton","Corporate","United States","Henderson","Kentucky","42420","South","OFF-ST-10000107","Office Supplies","Storage","Fellowes Super Stor/Drawer","83.25","3","0.0","14.984999999999992","No"
"1","459","US-2023-102071","2023-05-09","2023-05-15","Standard Class","PG-18820","Patrick Gardner","Consumer","United States","San Francisco","California","94110","West","TEC-AC-10000109","Technology","Accessories","Sony Micro Vault Click 16 GB USB 2.0 Flash Drive","167.97","3","0.0","40.31280000000001","No"
"1","460","US-2023-102071","2023-05-09","2023-05-15","Standard Class","PG-18820","Patrick Gardner","Consumer","United States","San Francisco","California","94110","West","TEC-AC-10003441","Technology","Accessories","Kingston Digital DataTraveler 32GB USB 2.0","67.8","4","0.0","4.067999999999998","No"
"1","461","US-2023-114181","2023-05-10","2023-05-14","Second Class","AF-10885","Art Foster","Consumer","United States","Philadelphia","Pennsylvania","19134","East","FUR-BO-10004467","Furniture","Bookcases","Bestar Classic Bookcase","349.965","7","0.5","-216.9783","No"
"1","462","US-2023-103310","2023-05-10","2023-05-15","Standard Class","GM-14680","Greg Matthias","Consumer","United States","San Jose","California","95123","West","FUR-CH-10002320","Furniture","Chairs","Hon Pagoda Stacking Chairs","256.78400000000005","1","0.2","32.09799999999997","No"
"1","463","US-2023-114181","2023-05-10","2023-05-14","Second Class","AF-10885","Art Foster","Consumer","United States","Philadelphia","Pennsylvania","19134","East","OFF-AR-10000716","Office Supplies","Art","DIXON Ticonderoga Erasable Checking Pencils","22.32","5","0.2","5.301","No"
"1","464","US-2023-159709","2023-05-10","2023-05-15","Standard Class","AI-10855","Arianne Irving","Consumer","United States","Kent","Washington","98031","West","OFF-EN-10001434","Office Supplies","Envelopes","Strathmore #10 Envelopes, Ultimate White","158.13","3","0.0","77.4837","No"
"1","465","US-2023-103310","2023-05-10","2023-05-15","Standard Class","GM-14680","Greg Matthias","Consumer","United States","San Jose","California","95123","West","OFF-PA-10004353","Office Supplies","Paper","Southworth 25% Cotton Premium Laser Paper and Envelopes","39.96","2","0.0","19.1808","No"
"1","466","US-2023-103310","2023-05-10","2023-05-15","Standard Class","GM-14680","Greg Matthias","Consumer","United States","San Jose","California","95123","West","OFF-SU-10004737","Office Supplies","Supplies","Acme Design Stainless Steel Bent Scissors","41.04","6","0.0","11.0808","No"
"1","467","US-2023-103310","2023-05-10","2023-05-15","Standard Class","GM-14680","Greg Matthias","Consumer","United States","San Jose","California","95123","West","TEC-PH-10001817","Technology","Phones","Wilson Electronics DB Pro Signal Booster","1432.0000000000002","5","0.2","125.30000000000008","No"
"1","468","US-2023-159709","2023-05-10","2023-05-15","Standard Class","AI-10855","Arianne Irving","Consumer","United States","Kent","Washington","98031","West","TEC-PH-10003988","Technology","Phones","LF Elite 3D Dazzle Designer Hard Case Cover, Lf Stylus Pen and Wiper For Apple Iphone 5c Mini Lite","43.6","5","0.2","4.360000000000001","No"
"1","469","US-2023-152100","2023-05-11","2023-05-16","Standard Class","VW-21775","Victoria Wilson","Corporate","United States","Huntsville","Texas","77340","Central","FUR-CH-10000015","Furniture","Chairs","Hon Multipurpose Stacking Arm Chairs","1212.9599999999998","8","0.3","-69.3119999999999","No"
"1","470","US-2023-103849","2023-05-11","2023-05-16","Standard Class","PG-18895","Paul Gonzalez","Consumer","United States","Fort Worth","Texas","76106","Central","FUR-FU-10000723","Furniture","Furnishings","Deflect-o EconoMat Studded, No Bevel Mat for Low Pile Carpeting","66.11200000000001","4","0.6","-84.29279999999999","No"
"1","471","US-2023-127523","2023-05-11","2023-05-18","Standard Class","BG-11695","Brooke Gillingham","Corporate","United States","Watertown","New York","13601","East","OFF-AP-10004249","Office Supplies","Appliances","Staple holder","35.910000000000004","3","0.0","9.6957","No"
"1","472","US-2023-119172","2023-05-11","2023-05-15","Standard Class","HD-14785","Harold Dahlen","Home Office","United States","Chicago","Illinois","60610","Central","OFF-BI-10002026","Office Supplies","Binders","Avery Arch Ring Binders","104.57999999999998","9","0.8","-172.55700000000007","No"
"1","473","US-2023-119172","2023-05-11","2023-05-15","Standard Class","HD-14785","Harold Dahlen","Home Office","United States","Chicago","Illinois","60610","Central","OFF-PA-10003036","Office Supplies","Paper","Black Print Carbonless 8 1/2"" x 8 1/4"" Rapid Memo Book","17.472","3","0.2","5.678399999999998","No"
"1","474","US-2023-139017","2023-05-11","2023-05-17","Standard Class","RM-19375","Raymond Messe","Consumer","United States","Houston","Texas","77095","Central","TEC-AC-10001013","Technology","Accessories","Logitech ClearChat Comfort/USB Headset H390","46.864","2","0.2","7.615399999999994","No"
"1","475","US-2023-103849","2023-05-11","2023-05-16","Standard Class","PG-18895","Paul Gonzalez","Consumer","United States","Fort Worth","Texas","76106","Central","TEC-AC-10001465","Technology","Accessories","SanDisk Cruzer 64 GB USB Flash Drive","58.112","2","0.2","7.263999999999994","No"
"1","476","US-2023-103849","2023-05-11","2023-05-16","Standard Class","PG-18895","Paul Gonzalez","Consumer","United States","Fort Worth","Texas","76106","Central","TEC-PH-10002597","Technology","Phones","Xblue XB-1670-86 X16 Small Office Telephone - Titanium","100.792","1","0.2","6.299500000000002","No"
"1","477","US-2023-127159","2023-05-12","2023-05-15","First Class","HL-15040","Hunter Lopez","Consumer","United States","Milwaukee","Wisconsin","53209","Central","FUR-FU-10000010","Furniture","Furnishings","DAX Value U-Channel Document Frames, Easel Back","34.79","7","0.0","10.7849","No"
"1","478","US-2023-155887","2023-05-12","2023-05-17","Standard Class","KT-16480","Kean Thornton","Consumer","United States","Franklin","Massachusetts","2038","East","FUR-TA-10002228","Furniture","Tables","Bevis Traditional Conference Table Top, Plinth Base","700.056","3","0.3","-130.0104","No"
"1","479","US-2023-113768","2023-05-13","2023-05-19","Standard Class","AH-10030","Aaron Hawkins","Corporate","United States","Los Angeles","California","90004","West","FUR-CH-10002439","Furniture","Chairs","Iceberg Nesting Folding Chair, 19w x 6d x 43h","279.456","6","0.2","20.959199999999996","No"
"1","480","US-2023-140165","2023-05-13","2023-05-15","First Class","EH-14005","Erica Hernandez","Home Office","United States","Hialeah","Florida","33012","South","OFF-BI-10004519","Office Supplies","Binders","GBC DocuBind P100 Manual Binding Machine","398.352","8","0.7","-331.9599999999999","No"
"1","481","US-2023-140165","2023-05-13","2023-05-15","First Class","EH-14005","Erica Hernandez","Home Office","United States","Hialeah","Florida","33012","South","OFF-FA-10002815","Office Supplies","Fasteners","Staples","7.104000000000001","2","0.2","2.3976","No"
"1","482","US-2023-113768","2023-05-13","2023-05-19","Standard Class","AH-10030","Aaron Hawkins","Corporate","United States","Los Angeles","California","90004","West","OFF-PA-10003063","Office Supplies","Paper","EcoTones Memo Sheets","8.0","2","0.0","3.84","No"
"1","483","US-2023-167164","2023-05-13","2023-05-15","Second Class","AG-10270","Alejandro Grove","Consumer","United States","West Jordan","Utah","84084","West","OFF-ST-10000107","Office Supplies","Storage","Fellowes Super Stor/Drawer","55.5","2","0.0","9.989999999999997","No"
"1","484","US-2023-114433","2023-05-13","2023-05-17","Standard Class","NP-18325","Naresj Patel","Consumer","United States","Oakland","California","94601","West","TEC-AC-10002800","Technology","Accessories","Plantronics Audio 478 Stereo USB Headset","149.97","3","0.0","52.48949999999999","No"
"1","485","US-2023-106810","2023-05-14","2023-05-20","Standard Class","AJ-10795","Anthony Johnson","Corporate","United States","Saint Petersburg","Florida","33710","South","FUR-FU-10004306","Furniture","Furnishings","Electrix Halogen Magnifier Lamp","310.88000000000005","2","0.2","23.31599999999999","No"
"1","486","US-2023-125150","2023-05-16","2023-05-23","Standard Class","PW-19030","Pauline Webber","Corporate","United States","Los Angeles","California","90036","West","FUR-CH-10002439","Furniture","Chairs","Iceberg Nesting Folding Chair, 19w x 6d x 43h","232.88","5","0.2","17.466000000000008","No"
"1","487","US-2023-163146","2023-05-16","2023-05-20","Standard Class","CC-12475","Cindy Chapman","Consumer","United States","San Francisco","California","94122","West","TEC-AC-10002217","Technology","Accessories","Imation Clip USB flash drive - 8 GB","56.400000000000006","3","0.0","3.3840000000000003","No"
"1","488","US-2023-148761","2023-05-17","2023-05-21","Standard Class","PA-19060","Pete Armstrong","Home Office","United States","Eau Claire","Wisconsin","54703","Central","OFF-BI-10000666","Office Supplies","Binders","Surelock Post Binders","91.68","3","0.0","45.84","No"
"1","489","US-2023-164224","2023-05-18","2023-05-20","Second Class","TT-21070","Ted Trevino","Consumer","United States","Akron","Ohio","44312","East","FUR-FU-10000308","Furniture","Furnishings","Deflect-o Glass Clear Studded Chair Mats","149.232","3","0.2","3.730800000000002","No"
"1","490","US-2023-164224","2023-05-18","2023-05-20","Second Class","TT-21070","Ted Trevino","Consumer","United States","Akron","Ohio","44312","East","OFF-PA-10001526","Office Supplies","Paper","Xerox 1949","15.936000000000002","4","0.2","5.7768000000000015","No"
"1","491","US-2023-133963","2023-05-18","2023-05-22","Second Class","GA-14515","George Ashbrook","Consumer","United States","Dallas","Texas","75220","Central","OFF-PA-10001526","Office Supplies","Paper","Xerox 1949","3.984","1","0.2","1.4442000000000004","No"
"1","492","US-2023-103373","2023-05-18","2023-05-24","Standard Class","BS-11755","Bruce Stewart","Consumer","United States","Cleveland","Ohio","44105","East","TEC-PH-10002885","Technology","Phones","Apple iPhone 5","779.796","2","0.4","-168.95579999999995","Yes"
"1","493","US-2023-107699","2023-05-19","2023-05-23","Standard Class","JH-15820","John Huston","Consumer","United States","Midland","Michigan","48640","Central","OFF-BI-10001249","Office Supplies","Binders","Avery Heavy-Duty EZD View Binder with Locking Rings","57.42","9","0.0","26.413199999999996","No"
"1","494","US-2023-130155","2023-05-19","2023-05-22","First Class","TD-20995","Tamara Dahlen","Consumer","United States","Virginia Beach","Virginia","23464","South","OFF-SU-10004737","Office Supplies","Supplies","Acme Design Stainless Steel Bent Scissors","34.2","5","0.0","9.234","No"
"1","495","US-2023-114188","2023-05-20","2023-05-22","Second Class","RF-19345","Randy Ferguson","Corporate","United States","Dover","New Hampshire","3820","East","FUR-FU-10000076","Furniture","Furnishings","24-Hour Round Wall Clock","139.86","7","0.0","60.139800000000015","No"
"1","496","US-2023-130673","2023-05-20","2023-05-22","Second Class","MC-17590","Matt Collister","Corporate","United States","San Marcos","Texas","78666","Central","FUR-FU-10003489","Furniture","Furnishings","Contemporary Borderless Frame","10.332","3","0.6","-5.940899999999999","No"
"1","497","US-2023-114188","2023-05-20","2023-05-22","Second Class","RF-19345","Randy Ferguson","Corporate","United States","Dover","New Hampshire","3820","East","OFF-AP-10000124","Office Supplies","Appliances","Acco 6 Outlet Guardian Basic Surge Suppressor","33.28","4","0.0","9.3184","No"
"1","498","US-2023-114188","2023-05-20","2023-05-22","Second Class","RF-19345","Randy Ferguson","Corporate","United States","Dover","New Hampshire","3820","East","OFF-AR-10004511","Office Supplies","Art","Sanford Colorific Scented Colored Pencils, 12/Pack","38.52","9","0.0","11.9412","No"
"1","499","US-2023-130673","2023-05-20","2023-05-22","Second Class","MC-17590","Matt Collister","Corporate","United States","San Marcos","Texas","78666","Central","OFF-PA-10000289","Office Supplies","Paper","Xerox 213","10.368000000000002","2","0.2","3.6288","No"
"1","500","US-2023-130673","2023-05-20","2023-05-22","Second Class","MC-17590","Matt Collister","Corporate","United States","San Marcos","Texas","78666","Central","OFF-ST-10000636","Office Supplies","Storage","Rogers Profile Extra Capacity Storage Tub","66.96","5","0.2","-13.392000000000005","No"
"1","501","US-2023-130673","2023-05-20","2023-05-22","Second Class","MC-17590","Matt Collister","Corporate","United States","San Marcos","Texas","78666","Central","TEC-AC-10004227","Technology","Accessories","SanDisk Ultra 16 GB MicroSDHC Class 10 Memory Card","20.784","2","0.2","-3.637200000000002","No"
"1","502","CA-2023-166695","2023-05-20","2023-05-24","Standard Class","CC-12430","Chuck Clark","Home Office","Canada","Vancouver","British Columbia","V6Z","West","FUR-CH-10000225","Furniture","Chairs","Global Geo Office Task Chair, Gray","518.27","8","0.2","-97.18","No"
"1","503","CA-2023-166695","2023-05-20","2023-05-24","Standard Class","CC-12430","Chuck Clark","Home Office","Canada","Vancouver","British Columbia","V6Z","West","FUR-FU-10002191","Furniture","Furnishings","G.E. Halogen Desk Lamp Bulbs","6.98","1","0.0","3.35","No"
"1","504","CA-2023-166695","2023-05-20","2023-05-24","Standard Class","CC-12430","Chuck Clark","Home Office","Canada","Vancouver","British Columbia","V6Z","West","TEC-MA-10003176","Technology","Machines","Okidata B400 Printer","343.2","1","0.2","38.61","No"
"1","505","US-2023-127166","2023-05-21","2023-05-23","Second Class","KH-16360","Katherine Hughes","Consumer","United States","Houston","Texas","77070","Central","FUR-CH-10003396","Furniture","Chairs","Global Deluxe Steno Chair","107.772","2","0.3","-29.25240000000001","No"
"1","506","US-2023-152443","2023-05-21","2023-05-26","Standard Class","FG-14260","Frank Gastineau","Home Office","United States","Lawrence","Massachusetts","1841","East","OFF-AP-10001293","Office Supplies","Appliances","Belkin 8 Outlet Surge Protector","245.88","6","0.0","68.84639999999999","No"
"1","507","US-2023-104780","2023-05-21","2023-05-25","Standard Class","BT-11530","Bradley Talbott","Home Office","United States","San Diego","California","92037","West","OFF-AR-10003514","Office Supplies","Art","4009 Highlighters by Sanford","31.84","8","0.0","10.507199999999996","No"
"1","508","US-2023-127166","2023-05-21","2023-05-23","Second Class","KH-16360","Katherine Hughes","Consumer","United States","Houston","Texas","77070","Central","OFF-BI-10000977","Office Supplies","Binders","Ibico Plastic Spiral Binding Combs","18.239999999999995","3","0.8","-31.00800000000001","No"
"1","509","US-2023-152443","2023-05-21","2023-05-26","Standard Class","FG-14260","Frank Gastineau","Home Office","United States","Lawrence","Massachusetts","1841","East","OFF-BI-10001071","Office Supplies","Binders","GBC ProClick Punch Binding System","447.86","7","0.0","219.4514","No"
"1","510","US-2023-117639","2023-05-21","2023-05-25","Standard Class","MW-18235","Mitch Willingham","Corporate","United States","Virginia Beach","Virginia","23464","South","OFF-BI-10003925","Office Supplies","Binders","Fellowes PB300 Plastic Comb Binding Machine","2715.9300000000003","7","0.0","1276.4871","No"
"1","511","US-2023-127166","2023-05-21","2023-05-23","Second Class","KH-16360","Katherine Hughes","Consumer","United States","Houston","Texas","77070","Central","OFF-EN-10003134","Office Supplies","Envelopes","Staple envelope","56.06399999999999","6","0.2","21.024","No"
"1","512","US-2023-127166","2023-05-21","2023-05-23","Second Class","KH-16360","Katherine Hughes","Consumer","United States","Houston","Texas","77070","Central","OFF-PA-10001560","Office Supplies","Paper","Adams Telephone Message Books, 5 1/4” x 11”","4.832000000000001","1","0.2","1.6307999999999998","No"
"1","513","US-2023-152443","2023-05-21","2023-05-26","Standard Class","FG-14260","Frank Gastineau","Home Office","United States","Lawrence","Massachusetts","1841","East","OFF-PA-10003022","Office Supplies","Paper","Xerox 1992","17.94","3","0.0","8.790600000000001","No"
"1","514","US-2023-117639","2023-05-21","2023-05-25","Standard Class","MW-18235","Mitch Willingham","Corporate","United States","Virginia Beach","Virginia","23464","South","TEC-PH-10001530","Technology","Phones","Plantronics Voyager Pro Legend","617.97","3","0.0","173.0316","No"
"1","515","CA-2023-152443","2023-05-21","2023-05-26","Standard Class","FG-14260","Frank Gastineau","Home Office","Canada","Montreal","Quebec","H1A","East","OFF-AP-10001293","Office Supplies","Appliances","Belkin 8 Outlet Surge Protector","245.88","6","0.0","68.84639999999999","No"
"1","516","CA-2023-152443","2023-05-21","2023-05-26","Standard Class","FG-14260","Frank Gastineau","Home Office","Canada","Montreal","Quebec","H1A","East","OFF-BI-10001071","Office Supplies","Binders","GBC ProClick Punch Binding System","447.86","7","0.0","219.4514","No"
"1","517","CA-2023-152443","2023-05-21","2023-05-26","Standard Class","FG-14260","Frank Gastineau","Home Office","Canada","Montreal","Quebec","H1A","East","OFF-PA-10003022","Office Supplies","Paper","Xerox 1992","17.94","3","0.0","8.790600000000001","No"
"1","518","US-2023-143840","2023-05-22","2023-05-29","Standard Class","EH-14185","Evan Henry","Consumer","United States","Decatur","Alabama","35601","South","TEC-PH-10002660","Technology","Phones","Nortel Networks T7316 E Nt8 B27","135.98","2","0.0","33.995000000000005","Yes"
"1","519","US-2023-143840","2023-05-22","2023-05-29","Standard Class","EH-14185","Evan Henry","Consumer","United States","Decatur","Alabama","35601","South","TEC-PH-10003171","Technology","Phones","Plantronics Encore H101 Dual Earpieces Headset","44.95","1","0.0","12.586","Yes"
"1","520","US-2023-135881","2023-05-23","2023-05-27","Standard Class","GT-14710","Greg Tran","Consumer","United States","New York City","New York","10035","East","OFF-AP-10002118","Office Supplies","Appliances","1.7 Cubic Foot Compact ""Cube"" Office Refrigerators","208.16","1","0.0","56.20320000000001","No"
"1","521","US-2023-105767","2023-05-23","2023-05-27","Standard Class","AR-10510","Andrew Roberts","Consumer","United States","Philadelphia","Pennsylvania","19134","East","OFF-AR-10001246","Office Supplies","Art","Newell 317","21.168","9","0.2","2.3813999999999984","No"
"1","522","US-2023-135881","2023-05-23","2023-05-27","Standard Class","GT-14710","Greg Tran","Consumer","United States","New York City","New York","10035","East","OFF-BI-10000829","Office Supplies","Binders","Avery Non-Stick Binders","17.96","5","0.2","5.837","No"
"1","523","US-2023-105767","2023-05-23","2023-05-27","Standard Class","AR-10510","Andrew Roberts","Consumer","United States","Philadelphia","Pennsylvania","19134","East","OFF-BI-10000848","Office Supplies","Binders","Angle-D Ring Binders","3.2820000000000005","2","0.7","-2.6256000000000004","No"
"1","524","US-2023-138513","2023-05-23","2023-05-27","Standard Class","EH-13990","Erica Hackney","Consumer","United States","Bellevue","Washington","98006","West","OFF-PA-10003177","Office Supplies","Paper","Xerox 1999","12.96","2","0.0","6.2208000000000006","No"
"1","525","US-2023-135881","2023-05-23","2023-05-27","Standard Class","GT-14710","Greg Tran","Consumer","United States","New York City","New York","10035","East","OFF-SU-10003002","Office Supplies","Supplies","Letter Slitter","5.04","2","0.0","0.1512000000000002","No"
"1","526","US-2023-105767","2023-05-23","2023-05-27","Standard Class","AR-10510","Andrew Roberts","Consumer","United States","Philadelphia","Pennsylvania","19134","East","TEC-PH-10003092","Technology","Phones","Motorola L804","55.188","2","0.4","-10.117800000000004","No"
"1","527","US-2023-143413","2023-05-24","2023-05-30","Standard Class","RP-19390","Resi Pölking","Consumer","United States","Baltimore","Maryland","21215","East","OFF-PA-10002319","Office Supplies","Paper","Xerox 1944","116.28","3","0.0","56.9772","No"
"1","528","US-2023-130379","2023-05-25","2023-05-29","Standard Class","JL-15235","Janet Lee","Consumer","United States","Chicago","Illinois","60623","Central","FUR-FU-10002553","Furniture","Furnishings","Electrix Incandescent Magnifying Lamp, Black","29.32","2","0.6","-24.188999999999993","No"
"1","529","US-2023-130379","2023-05-25","2023-05-29","Standard Class","JL-15235","Janet Lee","Consumer","United States","Chicago","Illinois","60623","Central","OFF-AP-10001394","Office Supplies","Appliances","Harmony Air Purifier","75.59999999999998","2","0.8","-166.32000000000005","No"
"1","530","US-2023-100391","2023-05-25","2023-05-29","Standard Class","BW-11065","Barry Weirich","Consumer","United States","New York City","New York","10035","East","OFF-PA-10001471","Office Supplies","Paper","Strathmore Photo Frame Cards","14.62","2","0.0","6.725199999999999","No"
"1","531","US-2023-156349","2023-05-26","2023-05-30","Standard Class","ML-17395","Marina Lichtenstein","Corporate","United States","Los Angeles","California","90008","West","FUR-BO-10000362","Furniture","Bookcases","Sauder Inglewood Library Bookcases","290.666","2","0.15","27.356800000000007","Yes"
"1","532","US-2023-158029","2023-05-26","2023-05-30","Standard Class","HF-14995","Herbert Flentye","Consumer","United States","Los Angeles","California","90008","West","FUR-CH-10000988","Furniture","Chairs","Hon Olson Stacker Stools","225.296","2","0.2","22.529599999999995","No"
"1","533","US-2023-144029","2023-05-26","2023-05-31","Standard Class","MM-18055","Michelle Moray","Consumer","United States","Chicago","Illinois","60623","Central","FUR-CH-10003981","Furniture","Chairs","Global Commerce Series Low-Back Swivel/Tilt Chairs","359.772","2","0.3","-5.139600000000058","No"
"1","534","US-2023-144029","2023-05-26","2023-05-31","Standard Class","MM-18055","Michelle Moray","Consumer","United States","Chicago","Illinois","60623","Central","OFF-AR-10000716","Office Supplies","Art","DIXON Ticonderoga Erasable Checking Pencils","13.392","3","0.2","3.1806000000000005","No"
"1","535","US-2023-129574","2023-05-26","2023-05-29","First Class","Dp-13240","Dean percer","Home Office","United States","Murray","Utah","84107","West","OFF-PA-10002893","Office Supplies","Paper","Wirebound Service Call Books, 5 1/2"" x 4""","48.4","5","0.0","23.232","No"
"1","536","US-2023-144029","2023-05-26","2023-05-31","Standard Class","MM-18055","Michelle Moray","Consumer","United States","Chicago","Illinois","60623","Central","OFF-ST-10001837","Office Supplies","Storage","SAFCO Mobile Desk Side File, Wire Frame","102.624","3","0.2","7.696800000000003","No"
"1","537","US-2023-156349","2023-05-26","2023-05-30","Standard Class","ML-17395","Marina Lichtenstein","Corporate","United States","Los Angeles","California","90008","West","TEC-PH-10000441","Technology","Phones","VTech DS6151","201.584","2","0.2","20.158400000000015","Yes"
"1","538","US-2023-156349","2023-05-26","2023-05-30","Standard Class","ML-17395","Marina Lichtenstein","Corporate","United States","Los Angeles","California","90008","West","TEC-PH-10002726","Technology","Phones","netTALK DUO VoIP Telephone Service","83.98400000000001","2","0.2","31.494","Yes"
"1","539","US-2023-124429","2023-05-27","2023-05-27","Same Day","MH-17785","Maya Herman","Corporate","United States","San Diego","California","92105","West","FUR-TA-10002607","Furniture","Tables","KI Conference Tables","567.12","10","0.2","-28.355999999999952","No"
"1","540","US-2023-117058","2023-05-27","2023-05-30","First Class","LE-16810","Laurel Elliston","Consumer","United States","Chicago","Illinois","60653","Central","OFF-BI-10004139","Office Supplies","Binders","Fellowes Presentation Covers for Comb Binding Machines","17.459999999999997","6","0.8","-30.555000000000007","No"
"1","541","US-2023-124429","2023-05-27","2023-05-27","Same Day","MH-17785","Maya Herman","Corporate","United States","San Diego","California","92105","West","OFF-ST-10001809","Office Supplies","Storage","Fellowes Officeware Wire Shelving","359.32","4","0.0","7.186399999999992","No"
"1","542","US-2023-139192","2023-05-27","2023-06-01","Second Class","LC-16885","Lena Creighton","Consumer","United States","San Francisco","California","94109","West","TEC-AC-10001606","Technology","Accessories","Logitech Wireless Performance Mouse MX for PC and Mac","99.99","1","0.0","37.9962","No"
"1","543","US-2023-139192","2023-05-27","2023-06-01","Second Class","LC-16885","Lena Creighton","Consumer","United States","San Francisco","California","94109","West","TEC-PH-10000486","Technology","Phones","Plantronics HL10 Handset Lifter","1113.504","12","0.2","125.2691999999999","No"
"1","544","US-2023-108861","2023-05-28","2023-06-01","Standard Class","MM-17260","Magdelene Morse","Consumer","United States","Seattle","Washington","98105","West","OFF-BI-10003876","Office Supplies","Binders","Green Canvas Binder for 8-1/2"" x 14"" Sheets","136.96","4","0.2","51.35999999999999","Yes"
"1","545","US-2023-135993","2023-05-28","2023-06-02","Standard Class","PJ-18835","Patrick Jones","Corporate","United States","Seattle","Washington","98115","West","TEC-AC-10004877","Technology","Accessories","Imation 30456 USB Flash Drive 8GB","27.6","4","0.0","2.2079999999999984","No"
"1","546","US-2023-135993","2023-05-28","2023-06-02","Standard Class","PJ-18835","Patrick Jones","Corporate","United States","Seattle","Washington","98115","West","TEC-PH-10001552","Technology","Phones","I Need's 3d Hello Kitty Hybrid Silicone Case Cover for HTC One X 4g with 3d Hello Kitty Stylus Pen Green/pink","57.40800000000001","6","0.2","5.740800000000002","No"
"1","547","US-2023-145800","2023-05-30","2023-06-05","Standard Class","SS-20410","Shahid Shariari","Consumer","United States","Buffalo Grove","Illinois","60089","Central","FUR-TA-10001539","Furniture","Tables","Chromcraft Rectangular Conference Tables","355.455","3","0.5","-184.83660000000003","No"
"1","548","US-2023-103429","2023-05-30","2023-06-01","First Class","LW-16825","Laurel Workman","Corporate","United States","New York City","New York","10024","East","OFF-AP-10001005","Office Supplies","Appliances","Honeywell Quietcare HEPA Air Cleaner","235.95","3","0.0","77.86349999999999","No"
"1","549","US-2023-105872","2023-05-30","2023-06-06","Standard Class","JG-15160","James Galang","Consumer","United States","New York City","New York","10024","East","OFF-BI-10003684","Office Supplies","Binders","Wilson Jones Legal Size Ring Binders","70.368","4","0.2","26.388","No"
"1","550","US-2023-103429","2023-05-30","2023-06-01","First Class","LW-16825","Laurel Workman","Corporate","United States","New York City","New York","10024","East","OFF-BI-10004233","Office Supplies","Binders","GBC Pre-Punched Binding Paper, Plastic, White, 8-1/2"" x 11""","25.584000000000003","2","0.2","8.9544","No"
"1","551","US-2023-146885","2023-05-30","2023-06-05","Standard Class","EB-13840","Ellis Ballard","Corporate","United States","Richmond","Virginia","23223","South","OFF-PA-10001622","Office Supplies","Paper","Ampad Poly Cover Wirebound Steno Book, 6"" x 9"" Assorted Colors, Gregg Ruled","13.62","3","0.0","6.129","No"
"1","552","US-2023-103429","2023-05-30","2023-06-01","First Class","LW-16825","Laurel Workman","Corporate","United States","New York City","New York","10024","East","OFF-PA-10001712","Office Supplies","Paper","Xerox 1948","39.96","4","0.0","17.982","No"
"1","553","US-2023-140473","2023-05-30","2023-06-03","Standard Class","MC-17425","Mark Cousins","Corporate","United States","Chicago","Illinois","60623","Central","TEC-CO-10004202","Technology","Copiers","Brother DCP1000 Digital 3 in 1 Multifunction Machine","719.9760000000001","3","0.2","134.9955","No"
"1","554","US-2023-103429","2023-05-30","2023-06-01","First Class","LW-16825","Laurel Workman","Corporate","United States","New York City","New York","10024","East","TEC-PH-10003505","Technology","Phones","Geemarc AmpliPOWER60","464.0","5","0.0","134.55999999999997","No"
"1","555","US-2023-166051","2023-05-31","2023-06-05","Standard Class","JK-15625","Jim Karlsson","Consumer","United States","Jackson","Mississippi","39212","South","TEC-PH-10002538","Technology","Phones","Grandstream GXP1160 VoIP phone","113.73","3","0.0","32.98169999999999","No"
"1","556","US-2023-166051","2023-05-31","2023-06-05","Standard Class","JK-15625","Jim Karlsson","Consumer","United States","Jackson","Mississippi","39212","South","TEC-PH-10002680","Technology","Phones","Samsung Galaxy Note 3","659.97","3","0.0","197.99099999999996","No"
"1","557","US-2023-131926","2023-06-01","2023-06-06","Second Class","DW-13480","Dianna Wilson","Home Office","United States","Lakeville","Minnesota","55044","Central","FUR-CH-10004063","Furniture","Chairs","Global Deluxe High-Back Manager's Chair","2001.86","7","0.0","580.5393999999999","No"
"1","558","US-2023-165659","2023-06-01","2023-06-06","Standard Class","LT-17110","Liz Thompson","Consumer","United States","Little Rock","Arkansas","72209","South","FUR-FU-10001935","Furniture","Furnishings","3M Hangers With Command Adhesive","22.200000000000003","6","0.0","9.102000000000002","No"
"1","559","US-2023-131926","2023-06-01","2023-06-06","Second Class","DW-13480","Dianna Wilson","Home Office","United States","Lakeville","Minnesota","55044","Central","OFF-AP-10002945","Office Supplies","Appliances","Honeywell Enviracaire Portable HEPA Air Cleaner for 17' x 22' Room","1503.25","5","0.0","496.07249999999993","No"
"1","560","US-2023-157070","2023-06-01","2023-06-06","Standard Class","QJ-19255","Quincy Jones","Corporate","United States","Detroit","Michigan","48234","Central","OFF-AP-10004859","Office Supplies","Appliances","Acco 6 Outlet Guardian Premium Surge Suppressor","65.52000000000001","5","0.1","12.376","No"
"1","561","US-2023-111003","2023-06-01","2023-06-06","Standard Class","CR-12625","Corey Roper","Home Office","United States","Lakewood","New Jersey","8701","East","OFF-AR-10002135","Office Supplies","Art","Boston Heavy-Duty Trimline Electric Pencil Sharpeners","289.20000000000005","6","0.0","83.86799999999997","No"
"1","562","US-2023-111003","2023-06-01","2023-06-06","Standard Class","CR-12625","Corey Roper","Home Office","United States","Lakewood","New Jersey","8701","East","OFF-BI-10001072","Office Supplies","Binders","GBC Clear Cover, 8-1/2 x 11, unpunched, 25 covers per pack","45.48","3","0.0","20.9208","No"
"1","563","US-2023-157070","2023-06-01","2023-06-06","Standard Class","QJ-19255","Quincy Jones","Corporate","United States","Detroit","Michigan","48234","Central","OFF-BI-10001765","Office Supplies","Binders","Wilson Jones Heavy-Duty Casebound Ring Binders with Metal Hinges","138.56","4","0.0","66.5088","No"
"1","564","US-2023-131926","2023-06-01","2023-06-06","Second Class","DW-13480","Dianna Wilson","Home Office","United States","Lakeville","Minnesota","55044","Central","OFF-PA-10000061","Office Supplies","Paper","Xerox 205","25.92","4","0.0","12.4416","No"
"1","565","US-2023-131926","2023-06-01","2023-06-06","Second Class","DW-13480","Dianna Wilson","Home Office","United States","Lakeville","Minnesota","55044","Central","OFF-PA-10004082","Office Supplies","Paper","Adams Telephone Message Book w/Frequently-Called Numbers Space, 400 Messages per Book","47.88","6","0.0","23.94","No"
"1","566","US-2023-131926","2023-06-01","2023-06-06","Second Class","DW-13480","Dianna Wilson","Home Office","United States","Lakeville","Minnesota","55044","Central","OFF-ST-10002276","Office Supplies","Storage","Safco Steel Mobile File Cart","166.72","2","0.0","41.68000000000001","No"
"1","567","US-2023-165659","2023-06-01","2023-06-06","Standard Class","LT-17110","Liz Thompson","Consumer","United States","Little Rock","Arkansas","72209","South","TEC-PH-10002563","Technology","Phones","Adtran 1202752G1","881.93","7","0.0","229.3018","No"
"1","568","US-2023-104472","2023-06-02","2023-06-07","Standard Class","CK-12325","Christine Kargatis","Home Office","United States","Orem","Utah","84057","West","FUR-FU-10000246","Furniture","Furnishings","Aluminum Document Frame","73.32000000000001","6","0.0","21.99599999999999","No"
"1","569","US-2023-100895","2023-06-02","2023-06-06","Standard Class","SV-20785","Stewart Visinsky","Consumer","United States","Roswell","Georgia","30076","South","OFF-AR-10004511","Office Supplies","Art","Sanford Colorific Scented Colored Pencils, 12/Pack","8.56","2","0.0","2.6536","No"
"1","570","US-2023-104472","2023-06-02","2023-06-07","Standard Class","CK-12325","Christine Kargatis","Home Office","United States","Orem","Utah","84057","West","OFF-BI-10001658","Office Supplies","Binders","GBC Standard Therm-A-Bind Covers","59.80800000000001","3","0.2","19.4376","No"
"1","571","US-2023-100895","2023-06-02","2023-06-06","Standard Class","SV-20785","Stewart Visinsky","Consumer","United States","Roswell","Georgia","30076","South","OFF-ST-10001490","Office Supplies","Storage","Hot File 7-Pocket, Floor Stand","356.94","2","0.0","107.08199999999997","No"
"1","572","US-2023-100895","2023-06-02","2023-06-06","Standard Class","SV-20785","Stewart Visinsky","Consumer","United States","Roswell","Georgia","30076","South","TEC-PH-10001425","Technology","Phones","Mophie Juice Pack Helium for iPhone","239.96999999999997","3","0.0","67.1916","No"
"1","573","US-2023-163867","2023-06-03","2023-06-06","First Class","RE-19450","Richard Eichhorn","Consumer","United States","Decatur","Illinois","62521","Central","FUR-FU-10001475","Furniture","Furnishings","Contract Clock, 14"", Brown","61.544","7","0.6","-40.0036","No"
"1","574","US-2023-135657","2023-06-03","2023-06-07","Second Class","SC-20725","Steven Cartwright","Consumer","United States","Seattle","Washington","98115","West","FUR-TA-10004086","Furniture","Tables","KI Adjustable-Height Table","515.88","6","0.0","113.4936","Yes"
"1","575","US-2023-141299","2023-06-03","2023-06-07","Second Class","RB-19795","Ross Baird","Home Office","United States","Midland","Michigan","48640","Central","OFF-EN-10004459","Office Supplies","Envelopes","Security-Tint Envelopes","15.28","2","0.0","7.4872","No"
"1","576","US-2023-163867","2023-06-03","2023-06-06","First Class","RE-19450","Richard Eichhorn","Consumer","United States","Decatur","Illinois","62521","Central","OFF-LA-10001771","Office Supplies","Labels","Avery 513","15.936000000000002","4","0.2","5.1792","No"
"1","577","US-2023-163867","2023-06-03","2023-06-06","First Class","RE-19450","Richard Eichhorn","Consumer","United States","Decatur","Illinois","62521","Central","OFF-ST-10000877","Office Supplies","Storage","Recycled Steel Personal File for Standard File Folders","132.696","3","0.2","9.952199999999998","No"
"1","578","US-2023-151946","2023-06-04","2023-06-09","Standard Class","BT-11440","Bobby Trafton","Consumer","United States","New York City","New York","10035","East","FUR-BO-10003272","Furniture","Bookcases","O'Sullivan Living Dimensions 5-Shelf Bookcases","353.568","2","0.2","-44.196000000000026","No"
"1","579","US-2023-151946","2023-06-04","2023-06-09","Standard Class","BT-11440","Bobby Trafton","Consumer","United States","New York City","New York","10035","East","FUR-FU-10002191","Furniture","Furnishings","G.E. Halogen Desk Lamp Bulbs","13.96","2","0.0","6.7008","No"
"1","580","US-2023-151946","2023-06-04","2023-06-09","Standard Class","BT-11440","Bobby Trafton","Consumer","United States","New York City","New York","10035","East","FUR-FU-10002878","Furniture","Furnishings","Seth Thomas 14"" Day/Date Wall Clock","56.96","2","0.0","21.0752","No"
"1","581","US-2023-151946","2023-06-04","2023-06-09","Standard Class","BT-11440","Bobby Trafton","Consumer","United States","New York City","New York","10035","East","OFF-AP-10001626","Office Supplies","Appliances","Commercial WindTunnel Clean Air Upright Vacuum, Replacement Belts, Filtration Bags","15.56","4","0.0","4.0456","No"
"1","582","US-2023-147914","2023-06-04","2023-06-09","Standard Class","MP-17470","Mark Packer","Home Office","United States","Columbus","Ohio","43229","East","OFF-PA-10001685","Office Supplies","Paper","Easy-staple paper","16.224","2","0.2","5.881200000000001","No"
"1","583","US-2023-159520","2023-06-06","2023-06-11","Standard Class","GT-14635","Grant Thornton","Corporate","United States","Long Beach","New York","11561","East","FUR-TA-10003238","Furniture","Tables","Chromcraft Bull-Nose Wood 48"" x 96"" Rectangular Conference Tables","991.764","3","0.4","-347.1174000000001","No"
"1","584","US-2023-133270","2023-06-06","2023-06-09","First Class","BM-11785","Bryan Mills","Consumer","United States","Rochester","New York","14609","East","OFF-AR-10002656","Office Supplies","Art","Sanford Liquid Accent Highlighters","13.36","2","0.0","4.943199999999999","No"
"1","585","US-2023-169257","2023-06-06","2023-06-12","Standard Class","SV-20785","Stewart Visinsky","Consumer","United States","Jacksonville","Florida","32216","South","OFF-BI-10002557","Office Supplies","Binders","Presstex Flexible Ring Binders","1.3650000000000002","1","0.7","-0.9099999999999996","No"
"1","586","US-2023-161305","2023-06-06","2023-06-12","Standard Class","SB-20170","Sarah Bern","Consumer","United States","Chicago","Illinois","60623","Central","OFF-BI-10002794","Office Supplies","Binders","Avery Trapezoid Ring Binder, 3"" Capacity, Black, 1040 sheets","24.58799999999999","3","0.8","-38.11140000000001","No"
"1","587","US-2023-159520","2023-06-06","2023-06-11","Standard Class","GT-14635","Grant Thornton","Corporate","United States","Long Beach","New York","11561","East","OFF-BI-10003982","Office Supplies","Binders","Wilson Jones Century Plastic Molded Ring Binders","149.54399999999998","9","0.2","50.47109999999999","No"
"1","588","US-2023-161305","2023-06-06","2023-06-12","Standard Class","SB-20170","Sarah Bern","Consumer","United States","Chicago","Illinois","60623","Central","OFF-EN-10000461","Office Supplies","Envelopes","#10- 4 1/8"" x 9 1/2"" Recycled Envelopes","13.984000000000002","2","0.2","4.7196","No"
"1","589","US-2023-151897","2023-06-06","2023-06-10","Standard Class","VT-21700","Valerie Takahito","Home Office","United States","Houston","Texas","77070","Central","OFF-LA-10001074","Office Supplies","Labels","Round Specialty Laser Printer Labels","100.24","10","0.2","33.83099999999999","No"
"1","590","US-2023-169257","2023-06-06","2023-06-12","Standard Class","SV-20785","Stewart Visinsky","Consumer","United States","Jacksonville","Florida","32216","South","OFF-PA-10002319","Office Supplies","Paper","Xerox 1944","62.016","2","0.2","22.4808","No"
"1","591","US-2023-159520","2023-06-06","2023-06-11","Standard Class","GT-14635","Grant Thornton","Corporate","United States","Long Beach","New York","11561","East","OFF-SU-10001664","Office Supplies","Supplies","Acme Office Executive Series Stainless Steel Trimmers","17.14","2","0.0","4.4564","No"
"1","592","US-2023-106229","2023-06-07","2023-06-11","Second Class","NR-18550","Nick Radford","Consumer","United States","Aurora","Illinois","60505","Central","FUR-TA-10002041","Furniture","Tables","Bevis Round Conference Table Top, X-Base","268.935","3","0.5","-209.7693","No"
"1","593","US-2023-134971","2023-06-07","2023-06-10","Second Class","BP-11095","Bart Pistole","Corporate","United States","Peoria","Illinois","61604","Central","OFF-BI-10003982","Office Supplies","Binders","Wilson Jones Century Plastic Molded Ring Binders","12.461999999999996","3","0.8","-20.5623","No"
"1","594","US-2023-109162","2023-06-08","2023-06-12","Standard Class","KE-16420","Katrina Edelman","Corporate","United States","Bristol","Tennessee","37620","South","FUR-CH-10002647","Furniture","Chairs","Situations Contoured Folding Chairs, 4/Set","170.35200000000003","3","0.2","10.647000000000006","No"
"1","595","US-2023-141257","2023-06-08","2023-06-14","Standard Class","CS-11950","Carlos Soltero","Consumer","United States","Seattle","Washington","98115","West","FUR-CH-10002758","Furniture","Chairs","Hon Deluxe Fabric Upholstered Stacking Chairs, Squared Back","585.552","3","0.2","73.19399999999996","No"
"1","596","US-2023-108147","2023-06-08","2023-06-13","Standard Class","RD-19480","Rick Duston","Consumer","United States","Long Beach","New York","11561","East","OFF-BI-10003876","Office Supplies","Binders","Green Canvas Binder for 8-1/2"" x 14"" Sheets","68.48","2","0.2","25.679999999999996","No"
"1","597","US-2023-108147","2023-06-08","2023-06-13","Standard Class","RD-19480","Rick Duston","Consumer","United States","Long Beach","New York","11561","East","OFF-ST-10003470","Office Supplies","Storage","Tennsco Snap-Together Open Shelving Units, Starter Sets and Add-On Units","1676.88","6","0.0","83.84399999999994","No"
"1","598","US-2023-115812","2023-06-09","2023-06-14","Standard Class","BH-11710","Brosina Hoffman","Consumer","United States","Los Angeles","California","90032","West","FUR-FU-10001487","Furniture","Furnishings","Eldon Expressions Wood and Plastic Desk Accessories, Cherry Wood","48.86","7","0.0","14.169399999999996","No"
"1","599","US-2023-160262","2023-06-09","2023-06-13","Second Class","TS-21205","Thomas Seio","Corporate","United States","North Las Vegas","Nevada","89031","West","FUR-FU-10002685","Furniture","Furnishings","Executive Impressions 13-1/2"" Indoor/Outdoor Wall Clock","37.4","2","0.0","14.212","No"
"1","600","US-2023-115812","2023-06-09","2023-06-14","Standard Class","BH-11710","Brosina Hoffman","Consumer","United States","Los Angeles","California","90032","West","FUR-TA-10001539","Furniture","Tables","Chromcraft Rectangular Conference Tables","1706.1840000000002","9","0.2","85.3091999999998","No"
"1","601","US-2023-132612","2023-06-09","2023-06-11","Second Class","FO-14305","Frank Olsen","Consumer","United States","Harrisonburg","Virginia","22801","South","FUR-TA-10004534","Furniture","Tables","Bevis 44 x 96 Conference Tables","1441.3","7","0.0","245.0209999999999","No"
"1","602","US-2023-115812","2023-06-09","2023-06-14","Standard Class","BH-11710","Brosina Hoffman","Consumer","United States","Los Angeles","California","90032","West","OFF-AP-10002892","Office Supplies","Appliances","Belkin F5C206VTEL 6 Outlet Surge","114.9","5","0.0","34.46999999999999","No"
"1","603","US-2023-133753","2023-06-09","2023-06-13","Second Class","CW-11905","Carl Weiss","Home Office","United States","Huntsville","Texas","77340","Central","OFF-AR-10001953","Office Supplies","Art","Boston 1645 Deluxe Heavier-Duty Electric Pencil Sharpener","70.368","2","0.2","6.157200000000003","No"
"1","604","US-2023-160262","2023-06-09","2023-06-13","Second Class","TS-21205","Thomas Seio","Corporate","United States","North Las Vegas","Nevada","89031","West","OFF-AR-10002335","Office Supplies","Art","DIXON Oriole Pencils","18.06","7","0.0","4.695600000000001","No"
"1","605","US-2023-115812","2023-06-09","2023-06-14","Standard Class","BH-11710","Brosina Hoffman","Consumer","United States","Los Angeles","California","90032","West","OFF-AR-10002833","Office Supplies","Art","Newell 322","7.28","4","0.0","1.9656","No"
"1","606","US-2023-133851","2023-06-09","2023-06-16","Standard Class","CM-12445","Chuck Magee","Consumer","United States","San Francisco","California","94122","West","OFF-AR-10003752","Office Supplies","Art","Deluxe Chalkboard Eraser Cleaner","23.1","2","0.0","10.626","No"
"1","607","US-2023-115812","2023-06-09","2023-06-14","Standard Class","BH-11710","Brosina Hoffman","Consumer","United States","Los Angeles","California","90032","West","OFF-BI-10003910","Office Supplies","Binders","DXL Angle-View Binders with Locking Rings by Samsill","18.504","3","0.2","5.7825","No"
"1","608","US-2023-160262","2023-06-09","2023-06-13","Second Class","TS-21205","Thomas Seio","Corporate","United States","North Las Vegas","Nevada","89031","West","OFF-PA-10003641","Office Supplies","Paper","Xerox 1909","79.14","3","0.0","36.404399999999995","No"
"1","609","US-2023-133851","2023-06-09","2023-06-16","Standard Class","CM-12445","Chuck Magee","Consumer","United States","San Francisco","California","94122","West","OFF-SU-10001225","Office Supplies","Supplies","Staple remover","7.36","2","0.0","0.1471999999999997","No"
"1","610","US-2023-133753","2023-06-09","2023-06-13","Second Class","CW-11905","Carl Weiss","Home Office","United States","Huntsville","Texas","77340","Central","TEC-AC-10000303","Technology","Accessories","Logitech M510 Wireless Mouse","63.98400000000001","2","0.2","10.397399999999998","No"
"1","611","US-2023-133753","2023-06-09","2023-06-13","Second Class","CW-11905","Carl Weiss","Home Office","United States","Huntsville","Texas","77340","Central","TEC-PH-10000376","Technology","Phones","Square Credit Card Reader","7.992000000000001","1","0.2","0.5994000000000002","No"
"1","612","US-2023-115812","2023-06-09","2023-06-14","Standard Class","BH-11710","Brosina Hoffman","Consumer","United States","Los Angeles","California","90032","West","TEC-PH-10002033","Technology","Phones","Konftel 250 Conference phone - Charcoal black","911.424","4","0.2","68.35680000000002","No"
"1","613","US-2023-115812","2023-06-09","2023-06-14","Standard Class","BH-11710","Brosina Hoffman","Consumer","United States","Los Angeles","California","90032","West","TEC-PH-10002275","Technology","Phones","Mitel 5320 IP Phone VoIP phone","907.152","6","0.2","90.71520000000004","No"
"1","614","US-2023-144281","2023-06-10","2023-06-15","Second Class","HK-14890","Heather Kirkland","Corporate","United States","Detroit","Michigan","48234","Central","OFF-LA-10003930","Office Supplies","Labels","Dot Matrix Printer Tape Reel Labels, White, 5000/Box","491.55","5","0.0","240.8595","No"
"1","615","US-2023-114643","2023-06-13","2023-06-17","Standard Class","FM-14215","Filia McAdams","Corporate","United States","Los Angeles","California","90032","West","OFF-AR-10003631","Office Supplies","Art","Staples in misc. colors","14.52","3","0.0","4.7916","No"
"1","616","US-2023-140487","2023-06-14","2023-06-20","Standard Class","SR-20425","Sharelle Roach","Home Office","United States","Detroit","Michigan","48234","Central","FUR-BO-10000711","Furniture","Bookcases","Hon Metal Bookcases, Gray","212.94","3","0.0","57.4938","No"
"1","617","US-2023-141215","2023-06-15","2023-06-21","Standard Class","KL-16555","Kelly Lampkin","Corporate","United States","San Antonio","Texas","78207","Central","FUR-CH-10003379","Furniture","Chairs","Global Commerce Series High-Back Swivel/Tilt Chairs","797.944","4","0.3","-56.99599999999998","No"
"1","618","US-2023-141215","2023-06-15","2023-06-21","Standard Class","KL-16555","Kelly Lampkin","Corporate","United States","San Antonio","Texas","78207","Central","FUR-TA-10001520","Furniture","Tables","Lesro Sheffield Collection Coffee Table, End Table, Center Table, Corner Table","99.918","2","0.3","-18.55620000000002","No"
"1","619","US-2023-141215","2023-06-15","2023-06-21","Standard Class","KL-16555","Kelly Lampkin","Corporate","United States","San Antonio","Texas","78207","Central","OFF-BI-10002706","Office Supplies","Binders","Avery Premier Heavy-Duty Binder with Round Locking Rings","8.567999999999998","3","0.8","-14.5656","No"
"1","620","US-2023-126963","2023-06-15","2023-06-15","Same Day","PS-18760","Pamela Stobb","Consumer","United States","El Paso","Texas","79907","Central","OFF-PA-10001952","Office Supplies","Paper","Xerox 1902","36.544","2","0.2","11.876799999999998","No"
"1","621","US-2023-136644","2023-06-16","2023-06-22","Standard Class","SC-20575","Sonia Cooley","Consumer","United States","Mishawaka","Indiana","46544","Central","FUR-CH-10000225","Furniture","Chairs","Global Geo Office Task Chair, Gray","647.84","8","0.0","32.39199999999994","No"
"1","622","US-2023-113929","2023-06-16","2023-06-21","Standard Class","CK-12205","Chloris Kastensmidt","Consumer","United States","Hempstead","New York","11550","East","OFF-AR-10003772","Office Supplies","Art","Boston 16750 Black Compact Battery Pencil Sharpener","35.0","4","0.0","10.499999999999996","No"
"1","623","US-2023-113929","2023-06-16","2023-06-21","Standard Class","CK-12205","Chloris Kastensmidt","Consumer","United States","Hempstead","New York","11550","East","OFF-BI-10002852","Office Supplies","Binders","Ibico Standard Transparent Covers","39.55200000000001","3","0.2","14.337599999999998","No"
"1","624","US-2023-113929","2023-06-16","2023-06-21","Standard Class","CK-12205","Chloris Kastensmidt","Consumer","United States","Hempstead","New York","11550","East","OFF-EN-10003286","Office Supplies","Envelopes","Staple envelope","41.4","5","0.0","19.458","No"
"1","625","US-2023-144414","2023-06-17","2023-06-21","Standard Class","GH-14425","Gary Hwang","Consumer","United States","Seattle","Washington","98105","West","FUR-FU-10003981","Furniture","Furnishings","Eldon Wave Desk Accessories","6.24","3","0.0","2.6208000000000005","No"
"1","626","US-2023-144414","2023-06-17","2023-06-21","Standard Class","GH-14425","Gary Hwang","Consumer","United States","Seattle","Washington","98105","West","OFF-BI-10004995","Office Supplies","Binders","GBC DocuBind P400 Electric Binding System","3266.376","3","0.2","1061.5721999999998","No"
"1","627","US-2023-144414","2023-06-17","2023-06-21","Standard Class","GH-14425","Gary Hwang","Consumer","United States","Seattle","Washington","98105","West","OFF-FA-10000624","Office Supplies","Fasteners","OIC Binder Clips","17.9","5","0.0","8.95","No"
"1","628","US-2023-156342","2023-06-17","2023-06-20","Second Class","JF-15415","Jennifer Ferguson","Consumer","United States","Chicago","Illinois","60653","Central","OFF-PA-10001725","Office Supplies","Paper","Xerox 1892","62.016","2","0.2","22.4808","No"
"1","629","US-2023-104402","2023-06-17","2023-06-23","Standard Class","DB-13660","Duane Benoit","Consumer","United States","Newark","Delaware","19711","East","TEC-MA-10000423","Technology","Machines","Texas Instruments TI-34 Scientific Calculator","65.97","3","0.0","31.005899999999997","No"
"1","630","US-2023-123855","2023-06-18","2023-06-23","Standard Class","MC-18100","Mick Crebagga","Consumer","United States","Los Angeles","California","90036","West","TEC-PH-10000215","Technology","Phones","Plantronics Cordless Phone Headset with In-line Volume - M214C","139.8","5","0.2","12.232500000000009","No"
"1","631","CA-2023-184712","2023-06-18","2023-06-20","Second Class","NC-19470","Neil Cohen","Home Office","Canada","Halifax","Nova Scotia","B3H","East","OFF-PA-10000167","Office Supplies","Paper","Xerox 1925","74.352","3","0.2","23.234999999999992","No"
"1","632","US-2023-166863","2023-06-20","2023-06-24","Standard Class","SC-20020","Sam Craven","Consumer","United States","Plano","Texas","75023","Central","FUR-BO-10001608","Furniture","Bookcases","Hon Metal Bookcases, Black","193.0656","4","0.32","-19.87439999999999","No"
"1","633","US-2023-112949","2023-06-20","2023-06-27","Standard Class","Co-12640","Corey-Lock","Consumer","United States","Lawton","Oklahoma","73505","Central","OFF-AP-10001005","Office Supplies","Appliances","Honeywell Quietcare HEPA Air Cleaner","471.9","6","0.0","155.72699999999998","No"
"1","634","US-2023-112949","2023-06-20","2023-06-27","Standard Class","Co-12640","Corey-Lock","Consumer","United States","Lawton","Oklahoma","73505","Central","OFF-AR-10003469","Office Supplies","Art","Nontoxic Chalk","3.52","2","0.0","1.6896","No"
"1","635","US-2023-166863","2023-06-20","2023-06-24","Standard Class","SC-20020","Sam Craven","Consumer","United States","Plano","Texas","75023","Central","OFF-BI-10000756","Office Supplies","Binders","Storex DuraTech Recycled Plastic Frosted Binders","3.3919999999999995","4","0.8","-5.088000000000001","No"
"1","636","US-2023-166863","2023-06-20","2023-06-24","Standard Class","SC-20020","Sam Craven","Consumer","United States","Plano","Texas","75023","Central","OFF-PA-10000587","Office Supplies","Paper","Array Parchment Paper, Assorted Colors","11.648","2","0.2","4.0768","No"
"1","637","US-2023-166863","2023-06-20","2023-06-24","Standard Class","SC-20020","Sam Craven","Consumer","United States","Plano","Texas","75023","Central","OFF-PA-10001166","Office Supplies","Paper","Xerox 2","15.552000000000003","3","0.2","5.4432","No"
"1","638","US-2023-166863","2023-06-20","2023-06-24","Standard Class","SC-20020","Sam Craven","Consumer","United States","Plano","Texas","75023","Central","OFF-ST-10004123","Office Supplies","Storage","Safco Industrial Wire Shelving System","509.48800000000006","7","0.2","-127.372","No"
"1","639","US-2023-166863","2023-06-20","2023-06-24","Standard Class","SC-20020","Sam Craven","Consumer","United States","Plano","Texas","75023","Central","TEC-MA-10001972","Technology","Machines","Okidata C331dn Printer","418.8","2","0.4","-97.71999999999996","No"
"1","640","US-2023-166863","2023-06-20","2023-06-24","Standard Class","SC-20020","Sam Craven","Consumer","United States","Plano","Texas","75023","Central","TEC-PH-10000369","Technology","Phones","HTC One Mini","201.584","2","0.2","20.158400000000015","No"
"1","641","US-2023-138317","2023-06-21","2023-06-25","Standard Class","NW-18400","Natalie Webber","Consumer","United States","Philadelphia","Pennsylvania","19120","East","FUR-FU-10000550","Furniture","Furnishings","Stacking Trays by OIC","3.984","1","0.2","0.6473999999999996","No"
"1","642","US-2023-117135","2023-06-21","2023-06-23","Second Class","NP-18325","Naresj Patel","Consumer","United States","Waynesboro","Virginia","22980","South","FUR-FU-10004071","Furniture","Furnishings","Luxo Professional Magnifying Clamp-On Fluorescent Lamps","104.01","1","0.0","14.561400000000006","No"
"1","643","US-2023-130624","2023-06-21","2023-06-24","First Class","TB-21280","Toby Braunhardt","Consumer","United States","New York City","New York","10024","East","OFF-AP-10001303","Office Supplies","Appliances","Holmes Cool Mist Humidifier for the Whole House with 8-Gallon Output per Day, Extended Life Filter","59.7","3","0.0","26.864999999999995","No"
"1","644","US-2023-138317","2023-06-21","2023-06-25","Standard Class","NW-18400","Natalie Webber","Consumer","United States","Philadelphia","Pennsylvania","19120","East","OFF-AP-10003860","Office Supplies","Appliances","Fellowes Advanced 8 Outlet Surge Suppressor with Phone/Fax Protection","44.416","2","0.2","3.8864","No"
"1","645","US-2023-128146","2023-06-21","2023-06-25","Standard Class","DB-13060","Dave Brooks","Consumer","United States","Lakewood","New Jersey","8701","East","OFF-AR-10001919","Office Supplies","Art","OIC #2 Pencils, Medium Soft","3.76","2","0.0","1.0903999999999998","No"
"1","646","US-2023-141278","2023-06-21","2023-06-24","First Class","RM-19375","Raymond Messe","Consumer","United States","Meriden","Connecticut","6450","East","OFF-AR-10003056","Office Supplies","Art","Newell 341","21.4","5","0.0","6.205999999999998","No"
"1","647","US-2023-138317","2023-06-21","2023-06-25","Standard Class","NW-18400","Natalie Webber","Consumer","United States","Philadelphia","Pennsylvania","19120","East","OFF-BI-10000069","Office Supplies","Binders","GBC Prepunched Paper, 19-Hole, for Binding Systems, 24-lb","9.006000000000002","2","0.7","-7.204800000000002","No"
"1","648","US-2023-160780","2023-06-21","2023-06-21","Same Day","SV-20785","Stewart Visinsky","Consumer","United States","Pueblo","Colorado","81001","West","OFF-BI-10001116","Office Supplies","Binders","Wilson Jones 1"" Hanging DublLock Ring Binders","11.088000000000005","7","0.7","-8.1312","No"
"1","649","US-2023-160780","2023-06-21","2023-06-21","Same Day","SV-20785","Stewart Visinsky","Consumer","United States","Pueblo","Colorado","81001","West","OFF-BI-10002931","Office Supplies","Binders","Avery Trapezoid Extra Heavy Duty 4"" Binders","25.164","2","0.7","-16.775999999999996","No"
"1","650","US-2023-138317","2023-06-21","2023-06-25","Standard Class","NW-18400","Natalie Webber","Consumer","United States","Philadelphia","Pennsylvania","19120","East","OFF-EN-10001539","Office Supplies","Envelopes","Staple envelope","24.896","4","0.2","8.4024","No"
"1","651","US-2023-130624","2023-06-21","2023-06-24","First Class","TB-21280","Toby Braunhardt","Consumer","United States","New York City","New York","10024","East","OFF-PA-10003883","Office Supplies","Paper","Message Book, Phone, Wirebound Standard Line Memo, 2 3/4"" X 5""","19.65","3","0.0","9.039","No"
"1","652","US-2023-117135","2023-06-21","2023-06-23","Second Class","NP-18325","Naresj Patel","Consumer","United States","Waynesboro","Virginia","22980","South","OFF-ST-10002444","Office Supplies","Storage","Recycled Eldon Regeneration Jumbo File","36.84","3","0.0","10.3152","No"
"1","653","US-2023-138317","2023-06-21","2023-06-25","Standard Class","NW-18400","Natalie Webber","Consumer","United States","Philadelphia","Pennsylvania","19120","East","TEC-AC-10003628","Technology","Accessories","Logitech 910-002974 M325 Wireless Mouse for Web Scrolling","95.968","4","0.2","28.79040000000001","No"
"1","654","US-2023-138317","2023-06-21","2023-06-25","Standard Class","NW-18400","Natalie Webber","Consumer","United States","Philadelphia","Pennsylvania","19120","East","TEC-MA-10004521","Technology","Machines","Epson Perfection V600 Photo Scanner","206.99100000000004","3","0.7","-172.4925","No"
"1","655","US-2023-141796","2023-06-21","2023-06-21","Same Day","JG-15160","James Galang","Consumer","United States","Long Beach","New York","11561","East","TEC-PH-10001578","Technology","Phones","Polycom SoundStation2 EX Conference phone","1214.85","3","0.0","352.30649999999997","No"
"1","656","US-2023-117135","2023-06-21","2023-06-23","Second Class","NP-18325","Naresj Patel","Consumer","United States","Waynesboro","Virginia","22980","South","TEC-PH-10002033","Technology","Phones","Konftel 250 Conference phone - Charcoal black","284.82","1","0.0","74.0532","No"
"1","657","US-2023-130624","2023-06-21","2023-06-24","First Class","TB-21280","Toby Braunhardt","Consumer","United States","New York City","New York","10024","East","TEC-PH-10003963","Technology","Phones","GE 2-Jack Phone Line Splitter","617.97","3","0.0","160.6722","No"
"1","658","US-2023-128146","2023-06-21","2023-06-25","Standard Class","DB-13060","Dave Brooks","Consumer","United States","Lakewood","New Jersey","8701","East","TEC-PH-10004539","Technology","Phones","Wireless Extenders zBoost YX545 SOHO Signal Booster","1322.93","7","0.0","357.1911","No"
"1","659","US-2023-154963","2023-06-22","2023-06-27","Standard Class","AA-10645","Anna Andreadi","Consumer","United States","Chester","Pennsylvania","19013","East","FUR-CH-10000454","Furniture","Chairs","Hon Deluxe Fabric Upholstered Stacking Chairs, Rounded Back","853.9299999999998","5","0.3","0.0","No"
"1","660","US-2023-154963","2023-06-22","2023-06-27","Standard Class","AA-10645","Anna Andreadi","Consumer","United States","Chester","Pennsylvania","19013","East","FUR-CH-10004698","Furniture","Chairs","Padded Folding Chairs, Black, 4/Carton","170.058","3","0.3","-4.858799999999988","No"
"1","661","US-2023-133389","2023-06-22","2023-06-22","Same Day","TB-21280","Toby Braunhardt","Consumer","United States","Phoenix","Arizona","85023","West","OFF-BI-10001553","Office Supplies","Binders","SpineVue Locking Slant-D Ring Binders by Cardinal","8.226","3","0.7","-6.032399999999999","No"
"1","662","US-2023-124646","2023-06-22","2023-06-24","First Class","DV-13465","Dianna Vittorini","Consumer","United States","Minneapolis","Minnesota","55407","Central","OFF-ST-10001097","Office Supplies","Storage","Office Impressions Heavy Duty Welded Shelving & Multimedia Storage Drawers","501.81000000000006","3","0.0","0.0","No"
"1","663","US-2023-124646","2023-06-22","2023-06-24","First Class","DV-13465","Dianna Vittorini","Consumer","United States","Minneapolis","Minnesota","55407","Central","OFF-ST-10001469","Office Supplies","Storage","Fellowes Bankers Box Recycled Super Stor/Drawer","161.94","3","0.0","9.716399999999991","No"
"1","664","US-2023-142048","2023-06-22","2023-06-25","First Class","JE-15745","Joel Eaton","Consumer","United States","Louisville","Colorado","80027","West","TEC-AC-10004114","Technology","Accessories","KeyTronic 6101 Series - Keyboard - Black","196.752","6","0.2","56.56620000000001","No"
"1","665","US-2023-154963","2023-06-22","2023-06-27","Standard Class","AA-10645","Anna Andreadi","Consumer","United States","Chester","Pennsylvania","19013","East","TEC-PH-10004093","Technology","Phones","Panasonic Kx-TS550","82.78200000000001","3","0.4","-15.176700000000004","No"
"1","666","US-2023-130358","2023-06-23","2023-06-26","First Class","DL-13330","Denise Leinenbach","Consumer","United States","Concord","North Carolina","28027","South","OFF-AR-10002766","Office Supplies","Art","Prang Drawing Pencil Set","20.016","9","0.2","1.7514000000000003","No"
"1","667","US-2023-130358","2023-06-23","2023-06-26","First Class","DL-13330","Denise Leinenbach","Consumer","United States","Concord","North Carolina","28027","South","OFF-SU-10002522","Office Supplies","Supplies","Acme Kleen Earth Office Shears","3.104","1","0.2","0.3491999999999995","No"
"1","668","US-2023-126032","2023-06-23","2023-06-28","Standard Class","BS-11665","Brian Stugart","Consumer","United States","Philadelphia","Pennsylvania","19143","East","TEC-AC-10000158","Technology","Accessories","Sony 64GB Class 10 Micro SDHC R40 Memory Card","86.376","3","0.2","1.079699999999999","No"
"1","669","US-2023-159814","2023-06-24","2023-06-28","Standard Class","LP-17080","Liz Pelletier","Consumer","United States","Tucson","Arizona","85705","West","FUR-FU-10001731","Furniture","Furnishings","Acrylic Self-Standing Desk Frames","4.272","2","0.2","0.9611999999999998","No"
"1","670","US-2023-159338","2023-06-25","2023-06-28","First Class","NS-18640","Noel Staavos","Corporate","United States","Los Angeles","California","90049","West","FUR-TA-10004147","Furniture","Tables","Hon 4060 Series Tables","447.84","5","0.2","11.19599999999997","Yes"
"1","671","US-2023-164469","2023-06-25","2023-06-27","Second Class","GK-14620","Grace Kelly","Corporate","United States","Salem","Oregon","97301","West","OFF-AR-10000475","Office Supplies","Art","Hunt BOSTON Vista Battery-Operated Pencil Sharpener, Black","9.328","1","0.2","0.8162000000000007","No"
"1","672","US-2023-164469","2023-06-25","2023-06-27","Second Class","GK-14620","Grace Kelly","Corporate","United States","Salem","Oregon","97301","West","OFF-AR-10003478","Office Supplies","Art","Avery Hi-Liter EverBold Pen Style Fluorescent Highlighters, 4/Pack","71.632","11","0.2","17.908","No"
"1","673","US-2023-164469","2023-06-25","2023-06-27","Second Class","GK-14620","Grace Kelly","Corporate","United States","Salem","Oregon","97301","West","TEC-PH-10002115","Technology","Phones","Plantronics 81402","263.96000000000004","5","0.2","19.796999999999997","No"
"1","674","US-2023-104283","2023-06-27","2023-07-01","Standard Class","LM-17065","Liz MacKendrick","Consumer","United States","Southaven","Mississippi","38671","South","FUR-TA-10001039","Furniture","Tables","KI Adjustable-Height Table","85.98","1","0.0","22.354800000000004","No"
"1","675","US-2023-104283","2023-06-27","2023-07-01","Standard Class","LM-17065","Liz MacKendrick","Consumer","United States","Southaven","Mississippi","38671","South","OFF-ST-10004337","Office Supplies","Storage","SAFCO Commercial Wire Shelving, 72h","306.2","5","0.0","0.0","No"
"1","676","US-2023-104283","2023-06-27","2023-07-01","Standard Class","LM-17065","Liz MacKendrick","Consumer","United States","Southaven","Mississippi","38671","South","TEC-AC-10000109","Technology","Accessories","Sony Micro Vault Click 16 GB USB 2.0 Flash Drive","223.96","4","0.0","53.75040000000001","No"
"1","677","US-2023-140858","2023-06-28","2023-07-02","Standard Class","CA-12775","Cynthia Arntzen","Consumer","United States","Philadelphia","Pennsylvania","19140","East","FUR-CH-10001394","Furniture","Chairs","Global Leather Executive Chair","1228.465","5","0.3","0.0","No"
"1","678","US-2023-140858","2023-06-28","2023-07-02","Standard Class","CA-12775","Cynthia Arntzen","Consumer","United States","Philadelphia","Pennsylvania","19140","East","OFF-BI-10003094","Office Supplies","Binders","Self-Adhesive Ring Binder Labels","3.168000000000001","3","0.7","-2.4288","No"
"1","679","US-2023-140858","2023-06-28","2023-07-02","Standard Class","CA-12775","Cynthia Arntzen","Consumer","United States","Philadelphia","Pennsylvania","19140","East","OFF-BI-10004230","Office Supplies","Binders","GBC Recycled Grain Textured Covers","31.08600000000001","3","0.7","-22.79639999999999","No"
"1","680","US-2023-156993","2023-06-28","2023-07-04","Standard Class","RW-19630","Rob Williams","Corporate","United States","Detroit","Michigan","48234","Central","OFF-FA-10003495","Office Supplies","Fasteners","Staples","6.08","1","0.0","3.04","No"
"1","681","US-2023-140858","2023-06-28","2023-07-02","Standard Class","CA-12775","Cynthia Arntzen","Consumer","United States","Philadelphia","Pennsylvania","19140","East","OFF-PA-10000304","Office Supplies","Paper","Xerox 1995","41.47200000000001","8","0.2","14.5152","No"
"1","682","US-2023-140858","2023-06-28","2023-07-02","Standard Class","CA-12775","Cynthia Arntzen","Consumer","United States","Philadelphia","Pennsylvania","19140","East","OFF-PA-10003395","Office Supplies","Paper","Xerox 1941","335.52","4","0.2","117.432","No"
"1","683","US-2023-165974","2023-06-29","2023-07-06","Standard Class","DL-12865","Dan Lawera","Consumer","United States","Cincinnati","Ohio","45231","East","OFF-AR-10003405","Office Supplies","Art","Dixon My First Ticonderoga Pencil, #2","32.76","7","0.2","3.685499999999996","No"
"1","684","US-2023-111773","2023-06-29","2023-07-03","Standard Class","JK-15625","Jim Karlsson","Consumer","United States","New York City","New York","10024","East","OFF-BI-10000174","Office Supplies","Binders","Wilson Jones Clip & Carry Folder Binder Tool for Ring Binders, Clear","13.919999999999998","3","0.2","4.872000000000001","No"
"1","685","US-2023-121566","2023-06-30","2023-07-06","Standard Class","CS-11860","Cari Schnelling","Consumer","United States","New York City","New York","10011","East","OFF-AR-10001026","Office Supplies","Art","Sanford Uni-Blazer View Highlighters, Chisel Tip, Yellow","6.6000000000000005","3","0.0","2.904000000000001","No"
"1","686","US-2023-109218","2023-06-30","2023-07-03","Second Class","AR-10825","Anthony Rawles","Corporate","United States","Los Angeles","California","90004","West","OFF-AR-10001374","Office Supplies","Art","BIC Brite Liner Highlighters, Chisel Tip","32.400000000000006","5","0.0","10.368","No"
"1","687","US-2023-123064","2023-06-30","2023-07-02","First Class","RA-19915","Russell Applegate","Consumer","United States","Chicago","Illinois","60653","Central","OFF-AR-10004582","Office Supplies","Art","BIC Brite Liner Grip Highlighters","5.248","4","0.2","1.6399999999999997","No"
"1","688","US-2023-146640","2023-06-30","2023-07-05","Standard Class","HA-14905","Helen Abelman","Consumer","United States","New York City","New York","10024","East","OFF-BI-10002867","Office Supplies","Binders","GBC Recycled Regency Composition Covers","334.76800000000003","7","0.2","108.79959999999996","No"
"1","689","US-2023-121566","2023-06-30","2023-07-06","Standard Class","CS-11860","Cari Schnelling","Consumer","United States","New York City","New York","10011","East","OFF-BI-10004528","Office Supplies","Binders","Cardinal Poly Pocket Divider Pockets for Ring Binders","2.688","1","0.2","0.8399999999999997","No"
"1","690","US-2023-116757","2023-06-30","2023-07-04","Standard Class","MS-17980","Michael Stewart","Corporate","United States","Houston","Texas","77095","Central","OFF-FA-10002815","Office Supplies","Fasteners","Staples","21.312000000000005","6","0.2","7.1928","No"
"1","691","US-2023-152254","2023-06-30","2023-06-30","Same Day","BD-11620","Brian DeCherney","Consumer","United States","Wilmington","North Carolina","28403","South","OFF-PA-10001144","Office Supplies","Paper","Xerox 1913","310.688","7","0.2","108.74079999999998","No"
"1","692","US-2023-116757","2023-06-30","2023-07-04","Standard Class","MS-17980","Michael Stewart","Corporate","United States","Houston","Texas","77095","Central","OFF-PA-10002005","Office Supplies","Paper","Xerox 225","25.920000000000005","5","0.2","9.072","No"
"1","693","US-2023-160773","2023-07-01","2023-07-05","Standard Class","LW-16825","Laurel Workman","Corporate","United States","Deltona","Florida","32725","South","OFF-BI-10000546","Office Supplies","Binders","Avery Durable Binders","5.184000000000001","6","0.7","-3.6288","Yes"
"1","694","US-2023-153150","2023-07-01","2023-07-06","Second Class","Dl-13600","Dorris liebe","Corporate","United States","Seattle","Washington","98105","West","OFF-BI-10003355","Office Supplies","Binders","Cardinal Holdit Business Card Pockets","19.92","5","0.2","6.9719999999999995","Yes"
"1","695","US-2023-160773","2023-07-01","2023-07-05","Standard Class","LW-16825","Laurel Workman","Corporate","United States","Deltona","Florida","32725","South","TEC-PH-10004586","Technology","Phones","Wilson SignalBoost 841262 DB PRO Amplifier Kit","575.92","2","0.2","71.98999999999998","Yes"
"1","696","US-2023-107594","2023-07-02","2023-07-06","Standard Class","EH-13945","Eric Hoffmann","Consumer","United States","Plainfield","New Jersey","7060","East","OFF-AR-10000716","Office Supplies","Art","DIXON Ticonderoga Erasable Checking Pencils","5.58","1","0.0","2.1762","No"
"1","697","US-2023-107594","2023-07-02","2023-07-06","Standard Class","EH-13945","Eric Hoffmann","Consumer","United States","Plainfield","New Jersey","7060","East","TEC-PH-10002923","Technology","Phones","Logitech B530 USB Headset - headset - Full size, Binaural","73.98","2","0.0","19.9746","No"
"1","698","US-2023-120096","2023-07-04","2023-07-07","First Class","KE-16420","Katrina Edelman","Corporate","United States","Aurora","Colorado","80013","West","OFF-AP-10000692","Office Supplies","Appliances","Fellowes Mighty 8 Compact Surge Protector","32.432","2","0.2","3.2432000000000016","No"
"1","699","US-2023-138709","2023-07-04","2023-07-09","Standard Class","MS-17770","Maxwell Schwartz","Consumer","United States","Richmond","Virginia","23223","South","OFF-BI-10000145","Office Supplies","Binders","Zipper Ring Binder Pockets","15.6","5","0.0","7.644","No"
"1","700","US-2023-120096","2023-07-04","2023-07-07","First Class","KE-16420","Katrina Edelman","Corporate","United States","Aurora","Colorado","80013","West","OFF-PA-10001977","Office Supplies","Paper","Xerox 194","177.536","4","0.2","62.13759999999999","No"
"1","701","US-2023-138709","2023-07-04","2023-07-09","Standard Class","MS-17770","Maxwell Schwartz","Consumer","United States","Richmond","Virginia","23223","South","OFF-PA-10004734","Office Supplies","Paper","Southworth Structures Collection","21.84","3","0.0","10.92","No"
"1","702","US-2023-103317","2023-07-05","2023-07-08","First Class","DM-13525","Don Miller","Corporate","United States","Palm Coast","Florida","32137","South","FUR-FU-10001591","Furniture","Furnishings","Advantus Panel Wall Certificate Holder - 8.5x11","19.52","2","0.2","5.368000000000001","No"
"1","703","US-2023-103317","2023-07-05","2023-07-08","First Class","DM-13525","Don Miller","Corporate","United States","Palm Coast","Florida","32137","South","FUR-FU-10003192","Furniture","Furnishings","Luxo Adjustable Task Clamp Lamp","213.216","3","0.2","15.991199999999992","No"
"1","704","US-2023-152849","2023-07-05","2023-07-12","Standard Class","DW-13195","David Wiener","Corporate","United States","Knoxville","Tennessee","37918","South","OFF-AR-10002833","Office Supplies","Art","Newell 322","4.368","3","0.2","0.3822000000000001","No"
"1","705","US-2023-107139","2023-07-05","2023-07-11","Standard Class","DP-13390","Dennis Pardue","Home Office","United States","Los Angeles","California","90004","West","OFF-BI-10001670","Office Supplies","Binders","Vinyl Sectional Post Binders","180.96000000000004","6","0.2","67.86","No"
"1","706","US-2023-103317","2023-07-05","2023-07-08","First Class","DM-13525","Don Miller","Corporate","United States","Palm Coast","Florida","32137","South","OFF-BI-10001787","Office Supplies","Binders","Wilson Jones Four-Pocket Poly Binders","9.810000000000002","5","0.7","-6.866999999999997","No"
"1","707","US-2023-157784","2023-07-05","2023-07-08","First Class","MC-17845","Michael Chen","Consumer","United States","Jackson","Mississippi","39212","South","OFF-LA-10001934","Office Supplies","Labels","Avery 516","14.62","2","0.0","6.8713999999999995","No"
"1","708","US-2023-157784","2023-07-05","2023-07-08","First Class","MC-17845","Michael Chen","Consumer","United States","Jackson","Mississippi","39212","South","OFF-PA-10000304","Office Supplies","Paper","Xerox 1995","19.44","3","0.0","9.3312","No"
"1","709","US-2023-160444","2023-07-05","2023-07-05","Same Day","DC-12850","Dan Campbell","Consumer","United States","Houston","Texas","77036","Central","OFF-ST-10000563","Office Supplies","Storage","Fellowes Bankers Box Stor/Drawer Steel Plus","281.42400000000004","11","0.2","-35.178000000000004","No"
"1","710","US-2023-160444","2023-07-05","2023-07-05","Same Day","DC-12850","Dan Campbell","Consumer","United States","Houston","Texas","77036","Central","OFF-ST-10001522","Office Supplies","Storage","Gould Plastics 18-Pocket Panel Bin, 34w x 5-1/4d x 20-1/2h","220.776","3","0.2","-44.15520000000002","No"
"1","711","US-2023-157784","2023-07-05","2023-07-08","First Class","MC-17845","Michael Chen","Consumer","United States","Jackson","Mississippi","39212","South","TEC-AC-10003911","Technology","Accessories","NETGEAR AC1750 Dual Band Gigabit Smart WiFi Router","479.97","3","0.0","163.1898","No"
"1","712","US-2023-147543","2023-07-06","2023-07-12","Standard Class","BC-11125","Becky Castell","Home Office","United States","El Cajon","California","92020","West","FUR-CH-10000155","Furniture","Chairs","Global Comet Stacking Armless Chair","478.48","2","0.2","47.84800000000001","No"
"1","713","US-2023-134278","2023-07-06","2023-07-08","First Class","EP-13915","Emily Phan","Consumer","United States","New York City","New York","10011","East","TEC-CO-10001046","Technology","Copiers","Canon Imageclass D680 Copier / Fax","559.9920000000001","1","0.2","174.99749999999997","No"
"1","714","US-2023-138758","2023-07-07","2023-07-11","Standard Class","JL-15835","John Lee","Consumer","United States","Philadelphia","Pennsylvania","19120","East","FUR-CH-10002880","Furniture","Chairs","Global High-Back Leather Tilter, Burgundy","172.18599999999998","2","0.3","-46.73620000000001","Yes"
"1","715","US-2023-138758","2023-07-07","2023-07-11","Standard Class","JL-15835","John Lee","Consumer","United States","Philadelphia","Pennsylvania","19120","East","FUR-FU-10003039","Furniture","Furnishings","Howard Miller 11-1/2"" Diameter Grantwood Wall Clock","69.00800000000001","2","0.2","12.0764","Yes"
"1","716","US-2023-150301","2023-07-08","2023-07-10","First Class","MH-18025","Michelle Huthwaite","Consumer","United States","Buffalo","New York","14215","East","FUR-CH-10002647","Furniture","Chairs","Situations Contoured Folding Chairs, 4/Set","63.882000000000005","1","0.1","10.647000000000004","No"
"1","717","US-2023-100090","2023-07-08","2023-07-12","Standard Class","EB-13705","Ed Braxton","Corporate","United States","San Francisco","California","94122","West","FUR-TA-10003715","Furniture","Tables","Hon 2111 Invitation Series Corner Table","502.48800000000006","3","0.2","-87.93540000000004","No"
"1","718","US-2023-100090","2023-07-08","2023-07-12","Standard Class","EB-13705","Ed Braxton","Corporate","United States","San Francisco","California","94122","West","OFF-BI-10001597","Office Supplies","Binders","Wilson Jones Ledger-Size, Piano-Hinge Binder, 2"", Blue","196.704","6","0.2","68.84639999999997","No"
"1","719","US-2023-113271","2023-07-09","2023-07-14","Standard Class","DS-13030","Darrin Sayre","Home Office","United States","San Francisco","California","94122","West","FUR-BO-10004218","Furniture","Bookcases","Bush Heritage Pine Collection 5-Shelf Bookcase, Albany Pine Finish, *Special Order","119.83299999999998","1","0.15","7.0489999999999995","No"
"1","720","US-2023-113271","2023-07-09","2023-07-14","Standard Class","DS-13030","Darrin Sayre","Home Office","United States","San Francisco","California","94122","West","OFF-AR-10003251","Office Supplies","Art","Prang Drawing Pencil Set","5.56","2","0.0","2.224","No"
"1","721","US-2023-113271","2023-07-09","2023-07-14","Standard Class","DS-13030","Darrin Sayre","Home Office","United States","San Francisco","California","94122","West","OFF-BI-10002609","Office Supplies","Binders","Avery Hidden Tab Dividers for Binding Systems","14.303999999999998","6","0.2","4.648799999999999","No"
"1","722","US-2023-114125","2023-07-09","2023-07-13","Standard Class","GH-14410","Gary Hansen","Home Office","United States","Los Angeles","California","90049","West","OFF-BI-10003291","Office Supplies","Binders","Wilson Jones Leather-Like Binders with DublLock Round Rings","41.904","6","0.2","14.142599999999996","No"
"1","723","US-2023-114125","2023-07-09","2023-07-13","Standard Class","GH-14410","Gary Hansen","Home Office","United States","Los Angeles","California","90049","West","OFF-LA-10004559","Office Supplies","Labels","Avery 49","2.88","1","0.0","1.4112","No"
"1","724","US-2023-165379","2023-07-09","2023-07-15","Standard Class","BM-11650","Brian Moss","Corporate","United States","Dallas","Texas","75217","Central","OFF-PA-10002245","Office Supplies","Paper","Xerox 1895","14.352000000000002","3","0.2","4.484999999999999","No"
"1","725","US-2023-113271","2023-07-09","2023-07-14","Standard Class","DS-13030","Darrin Sayre","Home Office","United States","San Francisco","California","94122","West","OFF-PA-10002365","Office Supplies","Paper","Xerox 1967","32.400000000000006","5","0.0","15.552","No"
"1","726","US-2023-165379","2023-07-09","2023-07-15","Standard Class","BM-11650","Brian Moss","Corporate","United States","Dallas","Texas","75217","Central","OFF-PA-10003072","Office Supplies","Paper","Eureka Recycled Copy Paper 8 1/2"" x 11"", Ream","10.368000000000002","2","0.2","3.6288","No"
"1","727","US-2023-114125","2023-07-09","2023-07-13","Standard Class","GH-14410","Gary Hansen","Home Office","United States","Los Angeles","California","90049","West","OFF-ST-10001505","Office Supplies","Storage","Perma STOR-ALL Hanging File Box, 13 1/8""W x 12 1/4""D x 10 1/2""H","23.92","4","0.0","4.066399999999998","No"
"1","728","US-2023-163552","2023-07-11","2023-07-15","Standard Class","LA-16780","Laura Armstrong","Corporate","United States","Hackensack","New Jersey","7601","East","FUR-CH-10003379","Furniture","Chairs","Global Commerce Series High-Back Swivel/Tilt Chairs","854.94","3","0.0","213.735","No"
"1","729","US-2023-163552","2023-07-11","2023-07-15","Standard Class","LA-16780","Laura Armstrong","Corporate","United States","Hackensack","New Jersey","7601","East","FUR-FU-10000629","Furniture","Furnishings","9-3/4 Diameter Round Wall Clock","124.11","9","0.0","52.1262","No"
"1","730","US-2023-133305","2023-07-11","2023-07-15","Standard Class","MH-17455","Mark Hamilton","Consumer","United States","New York City","New York","10011","East","OFF-BI-10002954","Office Supplies","Binders","Newell 3-Hole Punched Plastic Slotted Magazine Holders for Binders","18.28","5","0.2","6.398","No"
"1","731","US-2023-163552","2023-07-11","2023-07-15","Standard Class","LA-16780","Laura Armstrong","Corporate","United States","Hackensack","New Jersey","7601","East","OFF-LA-10001175","Office Supplies","Labels","Avery 514","14.4","5","0.0","7.056","No"
"1","732","US-2023-163552","2023-07-11","2023-07-15","Standard Class","LA-16780","Laura Armstrong","Corporate","United States","Hackensack","New Jersey","7601","East","OFF-PA-10000474","Office Supplies","Paper","Easy-staple paper","177.2","5","0.0","83.28399999999999","No"
"1","733","US-2023-123225","2023-07-11","2023-07-14","First Class","MN-17935","Michael Nguyen","Consumer","United States","El Paso","Texas","79907","Central","OFF-PA-10000552","Office Supplies","Paper","Xerox 200","10.368000000000002","2","0.2","3.6288","Yes"
"1","734","US-2023-133305","2023-07-11","2023-07-15","Standard Class","MH-17455","Mark Hamilton","Consumer","United States","New York City","New York","10011","East","OFF-PA-10001970","Office Supplies","Paper","Xerox 1881","49.12","4","0.0","23.0864","No"
"1","735","US-2023-123225","2023-07-11","2023-07-14","First Class","MN-17935","Michael Nguyen","Consumer","United States","El Paso","Texas","79907","Central","TEC-PH-10000895","Technology","Phones","Polycom VVX 310 VoIP phone","575.9680000000001","4","0.2","43.19760000000002","Yes"
"1","736","US-2023-163552","2023-07-11","2023-07-15","Standard Class","LA-16780","Laura Armstrong","Corporate","United States","Hackensack","New Jersey","7601","East","TEC-PH-10003885","Technology","Phones","Cisco SPA508G","197.96999999999997","3","0.0","57.41129999999999","No"
"1","737","US-2023-166555","2023-07-11","2023-07-14","First Class","JK-15205","Jamie Kunitz","Consumer","United States","Niagara Falls","New York","14304","East","TEC-PH-10004912","Technology","Phones","Cisco SPA112 2 Port Phone Adapter","164.85000000000002","3","0.0","47.80649999999999","No"
"1","738","US-2023-131310","2023-07-12","2023-07-18","Standard Class","CL-12565","Clay Ludtke","Consumer","United States","Seattle","Washington","98115","West","FUR-CH-10001797","Furniture","Chairs","Safco Chair Connectors, 6/Carton","123.136","4","0.2","13.85279999999998","No"
"1","739","US-2023-161508","2023-07-12","2023-07-16","Standard Class","PV-18985","Paul Van Hugh","Home Office","United States","League City","Texas","77573","Central","FUR-CH-10002126","Furniture","Chairs","Hon Deluxe Fabric Upholstered Stacking Chairs","512.358","3","0.3","-14.638799999999948","No"
"1","740","US-2023-129924","2023-07-12","2023-07-17","Standard Class","AC-10420","Alyssa Crouse","Corporate","United States","San Francisco","California","94122","West","FUR-TA-10004575","Furniture","Tables","Hon 5100 Series Wood Tables","698.3520000000001","3","0.2","-17.458800000000053","No"
"1","741","US-2023-161508","2023-07-12","2023-07-16","Standard Class","PV-18985","Paul Van Hugh","Home Office","United States","League City","Texas","77573","Central","OFF-AR-10003158","Office Supplies","Art","Fluorescent Highlighters by Dixon","22.288","7","0.2","3.9003999999999985","No"
"1","742","US-2023-131310","2023-07-12","2023-07-18","Standard Class","CL-12565","Clay Ludtke","Consumer","United States","Seattle","Washington","98115","West","OFF-BI-10003094","Office Supplies","Binders","Self-Adhesive Ring Binder Labels","11.264","4","0.2","3.801599999999999","No"
"1","743","US-2023-129924","2023-07-12","2023-07-17","Standard Class","AC-10420","Alyssa Crouse","Corporate","United States","San Francisco","California","94122","West","OFF-BI-10003314","Office Supplies","Binders","Tuff Stuff Recycled Round Ring Binders","7.712000000000001","2","0.2","2.7956000000000003","No"
"1","744","US-2023-161508","2023-07-12","2023-07-16","Standard Class","PV-18985","Paul Van Hugh","Home Office","United States","League City","Texas","77573","Central","OFF-FA-10001561","Office Supplies","Fasteners","Stockwell Push Pins","3.4880000000000004","2","0.2","0.5668","No"
"1","745","US-2023-124807","2023-07-12","2023-07-15","Second Class","ME-17725","Max Engle","Consumer","United States","Chicago","Illinois","60610","Central","OFF-PA-10001526","Office Supplies","Paper","Xerox 1949","35.856","9","0.2","12.997800000000003","No"
"1","746","US-2023-161508","2023-07-12","2023-07-16","Standard Class","PV-18985","Paul Van Hugh","Home Office","United States","League City","Texas","77573","Central","OFF-PA-10001804","Office Supplies","Paper","Xerox 195","16.032","3","0.2","5.611199999999999","No"
"1","747","US-2023-110184","2023-07-12","2023-07-16","Standard Class","BF-11170","Ben Ferrer","Home Office","United States","Los Angeles","California","90036","West","OFF-ST-10000107","Office Supplies","Storage","Fellowes Super Stor/Drawer","249.75","9","0.0","44.95499999999998","No"
"1","748","US-2023-124807","2023-07-12","2023-07-15","Second Class","ME-17725","Max Engle","Consumer","United States","Chicago","Illinois","60610","Central","TEC-AC-10002857","Technology","Accessories","Verbatim 25 GB 6x Blu-ray Single Layer Recordable Disc, 1/Pack","23.840000000000003","4","0.2","3.2779999999999987","No"
"1","749","US-2023-110184","2023-07-12","2023-07-16","Standard Class","BF-11170","Ben Ferrer","Home Office","United States","Los Angeles","California","90036","West","TEC-PH-10000439","Technology","Phones","GE DSL Phone Line Filter","255.93600000000004","8","0.2","28.79279999999997","No"
"1","750","US-2023-165862","2023-07-13","2023-07-17","Standard Class","GK-14620","Grace Kelly","Corporate","United States","Los Angeles","California","90049","West","FUR-TA-10002855","Furniture","Tables","Bevis Round Conference Table Top & Single Column Base","351.216","3","0.2","4.390199999999979","No"
"1","751","US-2023-164182","2023-07-14","2023-07-18","Standard Class","ST-20530","Shui Tom","Consumer","United States","Philadelphia","Pennsylvania","19140","East","FUR-FU-10001057","Furniture","Furnishings","Tensor Track Tree Floor Lamp","31.984","2","0.2","1.1993999999999998","No"
"1","752","US-2023-124464","2023-07-14","2023-07-20","Standard Class","SS-20515","Shirley Schmidt","Home Office","United States","Newark","Delaware","19711","East","OFF-AP-10000576","Office Supplies","Appliances","Belkin 7 Outlet SurgeMaster II","39.48","1","0.0","11.0544","No"
"1","753","US-2023-164182","2023-07-14","2023-07-18","Standard Class","ST-20530","Shui Tom","Consumer","United States","Philadelphia","Pennsylvania","19140","East","OFF-AR-10001044","Office Supplies","Art","BOSTON Ranger #55 Pencil Sharpener, Black","41.584","2","0.2","4.678199999999997","No"
"1","754","US-2023-109904","2023-07-14","2023-07-17","Second Class","BF-10975","Barbara Fisher","Corporate","United States","New York City","New York","10009","East","OFF-AR-10004999","Office Supplies","Art","Newell 315","17.94","3","0.0","4.485","No"
"1","755","US-2023-103905","2023-07-14","2023-07-20","Standard Class","AW-10930","Arthur Wiediger","Home Office","United States","Aurora","Illinois","60505","Central","OFF-BI-10001098","Office Supplies","Binders","Acco D-Ring Binder w/DublLock","29.93199999999999","7","0.8","-46.39460000000001","No"
"1","756","US-2023-150532","2023-07-14","2023-07-21","Standard Class","PB-19150","Philip Brown","Consumer","United States","Phoenix","Arizona","85023","West","OFF-ST-10000760","Office Supplies","Storage","Eldon Fold 'N Roll Cart System","55.92","5","0.2","6.291","No"
"1","757","US-2023-103905","2023-07-14","2023-07-20","Standard Class","AW-10930","Arthur Wiediger","Home Office","United States","Aurora","Illinois","60505","Central","TEC-PH-10001552","Technology","Phones","I Need's 3d Hello Kitty Hybrid Silicone Case Cover for HTC One X 4g with 3d Hello Kitty Stylus Pen Green/pink","38.272000000000006","4","0.2","3.8272000000000017","No"
"1","758","US-2023-164182","2023-07-14","2023-07-18","Standard Class","ST-20530","Shui Tom","Consumer","United States","Philadelphia","Pennsylvania","19140","East","TEC-PH-10002070","Technology","Phones","Griffin GC36547 PowerJolt SE Lightning Charger","13.493999999999998","1","0.4","-2.2490000000000023","No"
"1","759","US-2023-164182","2023-07-14","2023-07-18","Standard Class","ST-20530","Shui Tom","Consumer","United States","Philadelphia","Pennsylvania","19140","East","TEC-PH-10002583","Technology","Phones","iOttie HLCRIO102 Car Mount","23.987999999999996","2","0.4","-13.993000000000004","No"
"1","760","US-2023-115980","2023-07-15","2023-07-19","Standard Class","VW-21775","Victoria Wilson","Corporate","United States","Sioux Falls","South Dakota","57103","Central","OFF-FA-10000304","Office Supplies","Fasteners","Advantus Push Pins","6.540000000000001","3","0.0","2.6814000000000004","No"
"1","761","US-2023-115980","2023-07-15","2023-07-19","Standard Class","VW-21775","Victoria Wilson","Corporate","United States","Sioux Falls","South Dakota","57103","Central","TEC-AC-10003709","Technology","Accessories","Maxell 4.7GB DVD-R 5/Pack","2.97","3","0.0","1.3068000000000004","No"
"1","762","US-2023-123295","2023-07-18","2023-07-18","Same Day","AH-10120","Adrian Hane","Home Office","United States","Tucson","Arizona","85705","West","FUR-CH-10002372","Furniture","Chairs","Office Star - Ergonomically Designed Knee Chair","259.136","4","0.2","-25.913599999999988","No"
"1","763","US-2023-138198","2023-07-18","2023-07-23","Standard Class","JL-15130","Jack Lebron","Consumer","United States","New Rochelle","New York","10801","East","OFF-BI-10002103","Office Supplies","Binders","Cardinal Slant-D Ring Binder, Heavy Gauge Vinyl","13.904","2","0.2","4.5188","No"
"1","764","US-2023-150434","2023-07-19","2023-07-24","Standard Class","CA-12310","Christine Abelman","Corporate","United States","Bristol","Connecticut","6010","East","FUR-TA-10004152","Furniture","Tables","Barricks 18"" x 48"" Non-Folding Utility Table with Bottom Storage Shelf","70.55999999999999","1","0.3","-4.032","No"
"1","765","US-2023-168158","2023-07-19","2023-07-24","Standard Class","EM-14140","Eugene Moren","Home Office","United States","Great Falls","Montana","59405","West","OFF-BI-10001759","Office Supplies","Binders","Acco Pressboard Covers with Storage Hooks, 14 7/8"" x 11"", Dark Blue","6.096","2","0.2","2.2098","No"
"1","766","US-2023-150434","2023-07-19","2023-07-24","Standard Class","CA-12310","Christine Abelman","Corporate","United States","Bristol","Connecticut","6010","East","OFF-BI-10002160","Office Supplies","Binders","Acco Hanging Data Binders","3.81","1","0.0","1.8288","No"
"1","767","US-2023-150434","2023-07-19","2023-07-24","Standard Class","CA-12310","Christine Abelman","Corporate","United States","Bristol","Connecticut","6010","East","OFF-BI-10003694","Office Supplies","Binders","Avery 3 1/2"" Diskette Storage Pages, 10/Pack","20.88","2","0.0","9.6048","No"
"1","768","US-2023-150434","2023-07-19","2023-07-24","Standard Class","CA-12310","Christine Abelman","Corporate","United States","Bristol","Connecticut","6010","East","TEC-PH-10000895","Technology","Phones","Polycom VVX 310 VoIP phone","359.98","2","0.0","93.59480000000002","No"
"1","769","US-2023-143903","2023-07-20","2023-07-24","Standard Class","KM-16375","Katherine Murray","Home Office","United States","Dallas","Texas","75217","Central","FUR-CH-10002024","Furniture","Chairs","HON 5400 Series Task Chairs for Big and Tall","981.372","2","0.3","-140.19599999999997","No"
"1","770","US-2023-141726","2023-07-20","2023-07-22","First Class","CC-12145","Charles Crestani","Consumer","United States","San Diego","California","92105","West","FUR-FU-10003577","Furniture","Furnishings","Nu-Dell Leatherette Frames","43.02","3","0.0","15.4872","Yes"
"1","771","US-2023-143903","2023-07-20","2023-07-24","Standard Class","KM-16375","Katherine Murray","Home Office","United States","Dallas","Texas","75217","Central","FUR-FU-10003724","Furniture","Furnishings","Westinghouse Clip-On Gooseneck Lamps","16.74","5","0.6","-14.228999999999996","No"
"1","772","US-2023-127866","2023-07-20","2023-07-23","First Class","JD-15895","Jonathan Doherty","Corporate","United States","Riverside","California","92503","West","OFF-AR-10003481","Office Supplies","Art","Newell 348","13.12","4","0.0","3.8047999999999984","No"
"1","773","US-2023-142965","2023-07-20","2023-07-20","Same Day","SW-20245","Scot Wooten","Consumer","United States","Springfield","Ohio","45503","East","OFF-BI-10000977","Office Supplies","Binders","Ibico Plastic Spiral Binding Combs","27.360000000000003","3","0.7","-21.88799999999999","No"
"1","774","US-2023-141726","2023-07-20","2023-07-22","First Class","CC-12145","Charles Crestani","Consumer","United States","San Diego","California","92105","West","OFF-BI-10001982","Office Supplies","Binders","Wilson Jones Custom Binder Spines & Labels","8.704","2","0.2","3.1552","Yes"
"1","775","US-2023-157546","2023-07-20","2023-07-22","First Class","RD-19720","Roger Demir","Consumer","United States","San Francisco","California","94122","West","OFF-BI-10002498","Office Supplies","Binders","Clear Mylar Reinforcing Strips","89.71200000000002","6","0.2","30.277799999999992","No"
"1","776","US-2023-141726","2023-07-20","2023-07-22","First Class","CC-12145","Charles Crestani","Consumer","United States","San Diego","California","92105","West","OFF-PA-10000418","Office Supplies","Paper","Xerox 189","104.85","1","0.0","50.328","Yes"
"1","777","US-2023-141726","2023-07-20","2023-07-22","First Class","CC-12145","Charles Crestani","Consumer","United States","San Diego","California","92105","West","OFF-PA-10002230","Office Supplies","Paper","Xerox 1897","19.92","4","0.0","9.7608","Yes"
"1","778","US-2023-127866","2023-07-20","2023-07-23","First Class","JD-15895","Jonathan Doherty","Corporate","United States","Riverside","California","92503","West","OFF-PA-10003971","Office Supplies","Paper","Xerox 1965","11.96","2","0.0","5.8604","No"
"1","779","US-2023-157546","2023-07-20","2023-07-22","First Class","RD-19720","Roger Demir","Consumer","United States","San Francisco","California","94122","West","OFF-PA-10004569","Office Supplies","Paper","Wirebound Message Books, Two 4 1/4"" x 5"" Forms per Page","22.83","3","0.0","10.7301","No"
"1","780","US-2023-127866","2023-07-20","2023-07-23","First Class","JD-15895","Jonathan Doherty","Corporate","United States","Riverside","California","92503","West","OFF-ST-10001490","Office Supplies","Storage","Hot File 7-Pocket, Floor Stand","535.41","3","0.0","160.62299999999993","No"
"1","781","US-2023-142965","2023-07-20","2023-07-20","Same Day","SW-20245","Scot Wooten","Consumer","United States","Springfield","Ohio","45503","East","OFF-ST-10002583","Office Supplies","Storage","Fellowes Neat Ideas Storage Cubes","25.984","1","0.2","-5.1968000000000005","No"
"1","782","US-2023-143903","2023-07-20","2023-07-24","Standard Class","KM-16375","Katherine Murray","Home Office","United States","Dallas","Texas","75217","Central","OFF-ST-10003306","Office Supplies","Storage","Letter Size Cart","342.86400000000003","3","0.2","38.57219999999995","No"
"1","783","US-2023-127866","2023-07-20","2023-07-23","First Class","JD-15895","Jonathan Doherty","Corporate","United States","Riverside","California","92503","West","TEC-AC-10000023","Technology","Accessories","Maxell 74 Minute CD-R Spindle, 50/Pack","41.94","2","0.0","15.098399999999998","No"
"1","784","US-2023-116932","2023-07-21","2023-07-25","Standard Class","ME-18010","Michelle Ellison","Corporate","United States","San Francisco","California","94122","West","FUR-CH-10001215","Furniture","Chairs","Global Troy Executive Leather Low-Back Tilter","801.5680000000001","2","0.2","50.097999999999985","No"
"1","785","US-2023-129189","2023-07-21","2023-07-25","Standard Class","HM-14860","Harry Marie","Corporate","United States","Dallas","Texas","75217","Central","FUR-CH-10004997","Furniture","Chairs","Hon Every-Day Series Multi-Task Chairs","657.93","5","0.3","-93.98999999999997","No"
"1","786","US-2023-116932","2023-07-21","2023-07-25","Standard Class","ME-18010","Michelle Ellison","Corporate","United States","San Francisco","California","94122","West","FUR-TA-10004175","Furniture","Tables","Hon 30"" x 60"" Table with Locking Drawer","272.848","1","0.2","27.284800000000004","No"
"1","787","US-2023-129189","2023-07-21","2023-07-25","Standard Class","HM-14860","Harry Marie","Corporate","United States","Dallas","Texas","75217","Central","OFF-AP-10000124","Office Supplies","Appliances","Acco 6 Outlet Guardian Basic Surge Suppressor","4.991999999999999","3","0.8","-12.979200000000002","No"
"1","788","US-2023-116932","2023-07-21","2023-07-25","Standard Class","ME-18010","Michelle Ellison","Corporate","United States","San Francisco","California","94122","West","OFF-AR-10002067","Office Supplies","Art","Newell 334","99.2","5","0.0","25.792","No"
"1","789","US-2023-129189","2023-07-21","2023-07-25","Standard Class","HM-14860","Harry Marie","Corporate","United States","Dallas","Texas","75217","Central","OFF-BI-10000494","Office Supplies","Binders","Acco Economy Flexible Poly Round Ring Binder","1.0439999999999998","1","0.8","-1.8270000000000004","No"
"1","790","US-2023-129189","2023-07-21","2023-07-25","Standard Class","HM-14860","Harry Marie","Corporate","United States","Dallas","Texas","75217","Central","OFF-EN-10003567","Office Supplies","Envelopes","Inter-Office Recycled Envelopes, Brown Kraft, Button-String,10"" x 13"" , 100/Box","87.92","5","0.2","29.673000000000005","No"
"1","791","US-2023-109890","2023-07-21","2023-07-27","Standard Class","PG-18820","Patrick Gardner","Consumer","United States","Omaha","Nebraska","68104","Central","TEC-PH-10004100","Technology","Phones","Griffin GC17055 Auxiliary Audio Cable","35.98","2","0.0","10.0744","No"
"1","792","US-2023-117464","2023-07-22","2023-07-24","Second Class","NP-18325","Naresj Patel","Consumer","United States","San Francisco","California","94122","West","FUR-CH-10000155","Furniture","Chairs","Global Comet Stacking Armless Chair","717.72","3","0.2","71.77200000000002","No"
"1","793","US-2023-117464","2023-07-22","2023-07-24","Second Class","NP-18325","Naresj Patel","Consumer","United States","San Francisco","California","94122","West","FUR-TA-10004767","Furniture","Tables","Safco Drafting Table","170.35200000000003","3","0.2","19.16459999999998","No"
"1","794","US-2023-127691","2023-07-22","2023-07-27","Standard Class","EM-14065","Erin Mull","Consumer","United States","New York City","New York","10024","East","OFF-AR-10002053","Office Supplies","Art","Premium Writing Pencils, Soft, #2 by Central Association for the Blind","5.96","2","0.0","1.6688","No"
"1","795","US-2023-117464","2023-07-22","2023-07-24","Second Class","NP-18325","Naresj Patel","Consumer","United States","San Francisco","California","94122","West","OFF-AR-10003190","Office Supplies","Art","Newell 32","11.52","4","0.0","3.2256","No"
"1","796","US-2023-122679","2023-07-22","2023-07-28","Standard Class","AB-10255","Alejandro Ballentine","Home Office","United States","Los Angeles","California","90008","West","OFF-AR-10004757","Office Supplies","Art","Crayola Colored Pencils","19.68","6","0.0","6.494399999999999","No"
"1","797","US-2023-117464","2023-07-22","2023-07-24","Second Class","NP-18325","Naresj Patel","Consumer","United States","San Francisco","California","94122","West","OFF-ST-10003058","Office Supplies","Storage","Eldon Mobile Mega Data Cart  Mega Stackable  Add-On Trays","236.5","10","0.0","68.585","No"
"1","798","US-2023-164644","2023-07-22","2023-07-24","Second Class","JL-15850","John Lucas","Consumer","United States","Houston","Texas","77095","Central","OFF-ST-10003123","Office Supplies","Storage","Fellowes Bases and Tops For Staxonsteel/High-Stak Systems","26.632","1","0.2","1.331599999999999","No"
"1","799","US-2023-127691","2023-07-22","2023-07-27","Standard Class","EM-14065","Erin Mull","Consumer","United States","New York City","New York","10024","East","TEC-AC-10002567","Technology","Accessories","Logitech G602 Wireless Gaming Mouse","159.98","2","0.0","57.5928","No"
"1","800","US-2023-119137","2023-07-23","2023-07-27","Standard Class","AG-10900","Arthur Gainer","Consumer","United States","Tucson","Arizona","85705","West","OFF-AR-10000658","Office Supplies","Art","Newell 324","9.24","1","0.2","0.924","No"
"1","801","US-2023-119137","2023-07-23","2023-07-27","Standard Class","AG-10900","Arthur Gainer","Consumer","United States","Tucson","Arizona","85705","West","OFF-BI-10001982","Office Supplies","Binders","Wilson Jones Custom Binder Spines & Labels","8.160000000000002","5","0.7","-5.712","No"
"1","802","US-2023-145254","2023-07-23","2023-07-27","Standard Class","NC-18535","Nick Crebassa","Corporate","United States","San Francisco","California","94122","West","OFF-SU-10004664","Office Supplies","Supplies","Acme Softgrip Scissors","40.7","5","0.0","11.803","No"
"1","803","US-2023-103058","2023-07-23","2023-07-24","First Class","AG-10270","Alejandro Grove","Consumer","United States","New York City","New York","10011","East","TEC-AC-10001314","Technology","Accessories","Case Logic 2.4GHz Wireless Keyboard","99.98","2","0.0","7.998399999999989","No"
"1","804","US-2023-119137","2023-07-23","2023-07-27","Standard Class","AG-10900","Arthur Gainer","Consumer","United States","Tucson","Arizona","85705","West","TEC-AC-10002076","Technology","Accessories","Microsoft Natural Keyboard Elite","479.04","10","0.2","-29.940000000000012","No"
"1","805","US-2023-145254","2023-07-23","2023-07-27","Standard Class","NC-18535","Nick Crebassa","Corporate","United States","San Francisco","California","94122","West","TEC-AC-10002167","Technology","Accessories","Imation 8gb Micro Traveldrive Usb 2.0 Flash Drive","45.0","3","0.0","4.950000000000001","No"
"1","806","US-2023-119137","2023-07-23","2023-07-27","Standard Class","AG-10900","Arthur Gainer","Consumer","United States","Tucson","Arizona","85705","West","TEC-AC-10003911","Technology","Accessories","NETGEAR AC1750 Dual Band Gigabit Smart WiFi Router","1023.936","8","0.2","179.1887999999999","No"
"1","807","US-2023-145254","2023-07-23","2023-07-27","Standard Class","NC-18535","Nick Crebassa","Corporate","United States","San Francisco","California","94122","West","TEC-PH-10000441","Technology","Phones","VTech DS6151","604.752","6","0.2","60.47520000000006","No"
"1","808","US-2023-145254","2023-07-23","2023-07-27","Standard Class","NC-18535","Nick Crebassa","Corporate","United States","San Francisco","California","94122","West","TEC-PH-10004531","Technology","Phones","AT&T CL2909","302.376","3","0.2","37.797","No"
"1","809","US-2023-143917","2023-07-25","2023-07-27","Second Class","KL-16645","Ken Lonsdale","Consumer","United States","San Francisco","California","94122","West","FUR-FU-10004351","Furniture","Furnishings","Staple-based wall hangings","77.92","8","0.0","34.284800000000004","No"
"1","810","US-2023-146528","2023-07-25","2023-07-27","Second Class","VF-21715","Vicky Freymann","Home Office","United States","Los Angeles","California","90045","West","OFF-PA-10002195","Office Supplies","Paper","Xerox 1966","6.48","1","0.0","3.1752","No"
"1","811","US-2023-143917","2023-07-25","2023-07-27","Second Class","KL-16645","Ken Lonsdale","Consumer","United States","San Francisco","California","94122","West","OFF-ST-10001228","Office Supplies","Storage","Fellowes Personal Hanging Folder Files, Navy","53.72","4","0.0","15.041600000000004","No"
"1","812","US-2023-143917","2023-07-25","2023-07-27","Second Class","KL-16645","Ken Lonsdale","Consumer","United States","San Francisco","California","94122","West","OFF-SU-10000151","Office Supplies","Supplies","High Speed Automatic Electric Letter Opener","8187.65","5","0.0","327.50599999999963","No"
"1","813","US-2023-146528","2023-07-25","2023-07-27","Second Class","VF-21715","Vicky Freymann","Home Office","United States","Los Angeles","California","90045","West","OFF-SU-10002522","Office Supplies","Supplies","Acme Kleen Earth Office Shears","15.52","4","0.0","4.500799999999998","No"
"1","814","US-2023-116190","2023-07-26","2023-08-01","Standard Class","SG-20470","Sheri Gordon","Consumer","United States","Atlanta","Georgia","30318","South","FUR-CH-10000553","Furniture","Chairs","Metal Folding Chairs, Beige, 4/Carton","67.88","2","0.0","18.327599999999997","No"
"1","815","US-2023-126760","2023-07-26","2023-08-02","Standard Class","KM-16720","Kunst Miller","Consumer","United States","North Las Vegas","Nevada","89031","West","FUR-CH-10003312","Furniture","Chairs","Hon 2090 “Pillow Soft” Series Mid Back Swivel/Tilt Chairs","674.3520000000001","3","0.2","-109.58220000000011","No"
"1","816","US-2023-116190","2023-07-26","2023-08-01","Standard Class","SG-20470","Sheri Gordon","Consumer","United States","Atlanta","Georgia","30318","South","FUR-FU-10000719","Furniture","Furnishings","DAX Cubicle Frames, 8-1/2 x 11","25.71","3","0.0","9.2556","No"
"1","817","US-2023-126760","2023-07-26","2023-08-02","Standard Class","KM-16720","Kunst Miller","Consumer","United States","North Las Vegas","Nevada","89031","West","FUR-FU-10004018","Furniture","Furnishings","Tensor Computer Mounted Lamp","134.01","9","0.0","36.1827","No"
"1","818","US-2023-169019","2023-07-26","2023-07-30","Standard Class","LF-17185","Luke Foster","Consumer","United States","San Antonio","Texas","78207","Central","FUR-FU-10004666","Furniture","Furnishings","DAX Clear Channel Poster Frame","17.496000000000002","3","0.6","-10.060199999999998","Yes"
"1","819","US-2023-169019","2023-07-26","2023-07-30","Standard Class","LF-17185","Luke Foster","Consumer","United States","San Antonio","Texas","78207","Central","OFF-AP-10003281","Office Supplies","Appliances","Acco 6 Outlet Guardian Standard Surge Suppressor","4.8359999999999985","2","0.8","-12.090000000000003","Yes"
"1","820","US-2023-169019","2023-07-26","2023-07-30","Standard Class","LF-17185","Luke Foster","Consumer","United States","San Antonio","Texas","78207","Central","OFF-BI-10001524","Office Supplies","Binders","GBC Premium Transparent Covers with Diagonal Lined Pattern","16.783999999999995","4","0.8","-26.854400000000012","Yes"
"1","821","US-2023-169019","2023-07-26","2023-07-30","Standard Class","LF-17185","Luke Foster","Consumer","United States","San Antonio","Texas","78207","Central","OFF-BI-10001679","Office Supplies","Binders","GBC Instant Index System for Binding Systems","8.879999999999999","5","0.8","-13.32","Yes"
"1","822","US-2023-169019","2023-07-26","2023-07-30","Standard Class","LF-17185","Luke Foster","Consumer","United States","San Antonio","Texas","78207","Central","OFF-BI-10004995","Office Supplies","Binders","GBC DocuBind P400 Electric Binding System","2177.5839999999994","8","0.8","-3701.8928000000014","Yes"
"1","823","US-2023-116190","2023-07-26","2023-08-01","Standard Class","SG-20470","Sheri Gordon","Consumer","United States","Atlanta","Georgia","30318","South","OFF-LA-10002762","Office Supplies","Labels","Avery 485","162.89","13","0.0","76.55829999999999","No"
"1","824","US-2023-155894","2023-07-26","2023-07-30","Second Class","CL-11890","Carl Ludwig","Consumer","United States","Chicago","Illinois","60623","Central","OFF-ST-10004804","Office Supplies","Storage","Belkin 19"" Vented Equipment Shelf, Black","123.552","3","0.2","-29.343599999999995","No"
"1","825","US-2023-159121","2023-07-26","2023-08-01","Standard Class","JO-15145","Jack O'Briant","Corporate","United States","Draper","Utah","84020","West","TEC-AC-10002006","Technology","Accessories","Memorex Micro Travel Drive 16 GB","111.93","7","0.0","34.698299999999996","No"
"1","826","US-2023-169019","2023-07-26","2023-07-30","Standard Class","LF-17185","Luke Foster","Consumer","United States","San Antonio","Texas","78207","Central","TEC-AC-10002076","Technology","Accessories","Microsoft Natural Keyboard Elite","431.136","9","0.2","-26.946000000000012","Yes"
"1","827","US-2023-126760","2023-07-26","2023-08-02","Standard Class","KM-16720","Kunst Miller","Consumer","United States","North Las Vegas","Nevada","89031","West","TEC-AC-10004814","Technology","Accessories","Logitech Illuminated Ultrathin Keyboard with Backlighting","170.97","3","0.0","70.0977","No"
"1","828","US-2023-126760","2023-07-26","2023-08-02","Standard Class","KM-16720","Kunst Miller","Consumer","United States","North Las Vegas","Nevada","89031","West","TEC-PH-10001363","Technology","Phones","Apple iPhone 5S","911.984","2","0.2","113.9979999999999","No"
"1","829","US-2023-150126","2023-07-27","2023-08-02","Standard Class","AS-10045","Aaron Smayling","Corporate","United States","New York City","New York","10035","East","OFF-PA-10002709","Office Supplies","Paper","Xerox 1956","65.78","11","0.0","32.2322","No"
"1","830","US-2023-169642","2023-07-27","2023-07-30","Second Class","BB-10990","Barry Blumstein","Corporate","United States","Los Angeles","California","90036","West","OFF-ST-10002574","Office Supplies","Storage","SAFCO Commercial Wire Shelving, Black","276.28","2","0.0","0.0","No"
"1","831","US-2023-124709","2023-07-27","2023-07-29","Second Class","GW-14605","Giulietta Weimer","Consumer","United States","San Francisco","California","94122","West","TEC-AC-10002842","Technology","Accessories","WD My Passport Ultra 2TB Portable External Hard Drive","238.0","2","0.0","38.08000000000001","No"
"1","832","US-2023-131541","2023-07-28","2023-07-28","Same Day","CK-12205","Chloris Kastensmidt","Consumer","United States","Apopka","Florida","32712","South","FUR-FU-10003623","Furniture","Furnishings","DataProducts Ampli Magnifier Task Lamp, Black,","129.888","6","0.2","12.98879999999999","No"
"1","833","US-2023-131541","2023-07-28","2023-07-28","Same Day","CK-12205","Chloris Kastensmidt","Consumer","United States","Apopka","Florida","32712","South","OFF-EN-10000781","Office Supplies","Envelopes","#10- 4 1/8"" x 9 1/2"" Recycled Envelopes","48.944","7","0.2","16.5186","No"
"1","834","US-2023-131541","2023-07-28","2023-07-28","Same Day","CK-12205","Chloris Kastensmidt","Consumer","United States","Apopka","Florida","32712","South","OFF-FA-10000621","Office Supplies","Fasteners","OIC Colored Binder Clips, Assorted Sizes","14.320000000000002","5","0.2","5.191000000000001","No"
"1","835","US-2023-111192","2023-07-30","2023-08-05","Standard Class","TS-21430","Tom Stivers","Corporate","United States","Seattle","Washington","98103","West","FUR-BO-10002916","Furniture","Bookcases","Rush Hierlooms Collection 1"" Thick Stackable Bookcases","1367.84","8","0.0","259.8896","No"
"1","836","US-2023-117345","2023-08-01","2023-08-05","Standard Class","BF-10975","Barbara Fisher","Corporate","United States","Charlotte","North Carolina","28205","South","FUR-FU-10000629","Furniture","Furnishings","9-3/4 Diameter Round Wall Clock","44.128","4","0.2","12.1352","No"
"1","837","US-2023-117345","2023-08-01","2023-08-05","Standard Class","BF-10975","Barbara Fisher","Corporate","United States","Charlotte","North Carolina","28205","South","OFF-AP-10001005","Office Supplies","Appliances","Honeywell Quietcare HEPA Air Cleaner","62.92000000000001","1","0.2","10.224499999999994","No"
"1","838","US-2023-152296","2023-08-01","2023-08-03","First Class","IL-15100","Ivan Liston","Consumer","United States","San Francisco","California","94122","West","OFF-BI-10004506","Office Supplies","Binders","Wilson Jones data.warehouse D-Ring Binders with DublLock","19.752","3","0.2","6.9132","No"
"1","839","US-2023-162684","2023-08-01","2023-08-06","Standard Class","AS-10630","Ann Steele","Home Office","United States","Philadelphia","Pennsylvania","19120","East","OFF-FA-10000992","Office Supplies","Fasteners","Acco Clips to Go Binder Clips, 24 Clips in Two Sizes","5.68","2","0.2","1.917","No"
"1","840","US-2023-117345","2023-08-01","2023-08-05","Standard Class","BF-10975","Barbara Fisher","Corporate","United States","Charlotte","North Carolina","28205","South","OFF-LA-10000240","Office Supplies","Labels","Self-Adhesive Address Labels for Typewriters by Universal","17.544","3","0.2","5.921099999999998","No"
"1","841","US-2023-117345","2023-08-01","2023-08-05","Standard Class","BF-10975","Barbara Fisher","Corporate","United States","Charlotte","North Carolina","28205","South","OFF-PA-10002377","Office Supplies","Paper","Xerox 1916","78.304","2","0.2","29.363999999999997","No"
"1","842","US-2023-106299","2023-08-02","2023-08-08","Standard Class","NZ-18565","Nick Zandusky","Home Office","United States","Springfield","Missouri","65807","Central","OFF-BI-10001758","Office Supplies","Binders","Wilson Jones 14 Line Acrylic Coated Pressboard Data Binders","26.7","5","0.0","12.549","No"
"1","843","US-2023-106299","2023-08-02","2023-08-08","Standard Class","NZ-18565","Nick Zandusky","Home Office","United States","Springfield","Missouri","65807","Central","OFF-ST-10002011","Office Supplies","Storage","Smead Adjustable Mobile File Trolley with Lockable Top","838.38","2","0.0","226.36260000000004","No"
"1","844","US-2023-106299","2023-08-02","2023-08-08","Standard Class","NZ-18565","Nick Zandusky","Home Office","United States","Springfield","Missouri","65807","Central","TEC-AC-10003237","Technology","Accessories","Memorex Micro Travel Drive 4 GB","21.2","2","0.0","9.116","No"
"1","845","US-2023-133690","2023-08-03","2023-08-05","First Class","BS-11755","Bruce Stewart","Consumer","United States","Denver","Colorado","80219","West","FUR-TA-10004289","Furniture","Tables","BoxOffice By Design Rectangular and Half-Moon Meeting Room Tables","218.75","2","0.5","-161.875","Yes"
"1","846","US-2023-133690","2023-08-03","2023-08-05","First Class","BS-11755","Bruce Stewart","Consumer","United States","Denver","Colorado","80219","West","OFF-AP-10003622","Office Supplies","Appliances","Bravo II Megaboss 12-Amp Hard Body Upright, Replacement Belts, 2 Belts per Pack","2.6","1","0.2","0.2924999999999998","Yes"
"1","847","US-2023-125612","2023-08-03","2023-08-08","Standard Class","BK-11260","Berenike Kampe","Consumer","United States","New York City","New York","10035","East","OFF-PA-10001019","Office Supplies","Paper","Xerox 1884","39.96","2","0.0","18.7812","No"
"1","848","US-2023-128986","2023-08-03","2023-08-05","Second Class","GH-14410","Gary Hansen","Home Office","United States","Glendale","Arizona","85301","West","OFF-PA-10001289","Office Supplies","Paper","White Computer Printout Paper by Universal","93.024","3","0.2","33.721199999999996","No"
"1","849","US-2023-125612","2023-08-03","2023-08-08","Standard Class","BK-11260","Berenike Kampe","Consumer","United States","New York City","New York","10035","East","OFF-ST-10003221","Office Supplies","Storage","Staple magnet","21.36","2","0.0","5.767200000000001","No"
"1","850","US-2023-125612","2023-08-03","2023-08-08","Standard Class","BK-11260","Berenike Kampe","Consumer","United States","New York City","New York","10035","East","OFF-SU-10002537","Office Supplies","Supplies","Acme Box Cutter Scissors","102.3","10","0.0","26.59800000000001","No"
"1","851","US-2023-134215","2023-08-04","2023-08-08","Standard Class","ML-17395","Marina Lichtenstein","Corporate","United States","Bangor","Maine","4401","East","OFF-AP-10001271","Office Supplies","Appliances","Eureka The Boss Cordless Rechargeable Stick Vac","101.96","2","0.0","27.529200000000003","No"
"1","852","US-2023-126361","2023-08-04","2023-08-09","Second Class","VD-21670","Valerie Dominguez","Consumer","United States","Pleasant Grove","Utah","84062","West","OFF-AP-10003590","Office Supplies","Appliances","Hoover WindTunnel Plus Canister Vacuum","1089.75","3","0.0","305.1300000000001","Yes"
"1","853","US-2023-126361","2023-08-04","2023-08-09","Second Class","VD-21670","Valerie Dominguez","Consumer","United States","Pleasant Grove","Utah","84062","West","OFF-AR-10000896","Office Supplies","Art","Newell 329","16.4","5","0.0","4.263999999999999","Yes"
"1","854","US-2023-126361","2023-08-04","2023-08-09","Second Class","VD-21670","Valerie Dominguez","Consumer","United States","Pleasant Grove","Utah","84062","West","OFF-BI-10002852","Office Supplies","Binders","Ibico Standard Transparent Covers","13.184","1","0.2","4.7792","Yes"
"1","855","US-2023-126361","2023-08-04","2023-08-09","Second Class","VD-21670","Valerie Dominguez","Consumer","United States","Pleasant Grove","Utah","84062","West","OFF-PA-10000806","Office Supplies","Paper","Xerox 1934","447.84","8","0.0","219.4416","Yes"
"1","856","US-2023-134215","2023-08-04","2023-08-08","Standard Class","ML-17395","Marina Lichtenstein","Corporate","United States","Bangor","Maine","4401","East","OFF-PA-10004353","Office Supplies","Paper","Southworth 25% Cotton Premium Laser Paper and Envelopes","259.74","13","0.0","124.6752","No"
"1","857","US-2023-126361","2023-08-04","2023-08-09","Second Class","VD-21670","Valerie Dominguez","Consumer","United States","Pleasant Grove","Utah","84062","West","OFF-ST-10002289","Office Supplies","Storage","Safco Wire Cube Shelving System, For Use as 4 or 5 14"" Cubes, Black","158.9","5","0.0","7.944999999999993","Yes"
"1","858","US-2023-134215","2023-08-04","2023-08-08","Standard Class","ML-17395","Marina Lichtenstein","Corporate","United States","Bangor","Maine","4401","East","TEC-AC-10002473","Technology","Accessories","Maxell 4.7GB DVD-R","255.42","9","0.0","104.7222","No"
"1","859","US-2023-126361","2023-08-04","2023-08-09","Second Class","VD-21670","Valerie Dominguez","Consumer","United States","Pleasant Grove","Utah","84062","West","TEC-PH-10002310","Technology","Phones","Panasonic KX T7731-B Digital phone","399.96","5","0.2","34.99649999999997","Yes"
"1","860","US-2023-117968","2023-08-05","2023-08-07","Second Class","RS-19420","Ricardo Sperren","Corporate","United States","Meriden","Connecticut","6450","East","FUR-CH-10002335","Furniture","Chairs","Hon GuestStacker Chair","1133.35","5","0.0","294.67100000000005","No"
"1","861","US-2023-118962","2023-08-05","2023-08-09","Standard Class","CS-12130","Chad Sievert","Consumer","United States","Los Angeles","California","90004","West","FUR-CH-10003817","Furniture","Chairs","Global Value Steno Chair, Gray","340.14400000000006","7","0.2","21.259","No"
"1","862","US-2023-124723","2023-08-05","2023-08-12","Standard Class","GZ-14470","Gary Zandusky","Consumer","United States","Texas City","Texas","77590","Central","FUR-TA-10001307","Furniture","Tables","SAFCO PlanMaster Heigh-Adjustable Drafting Table Base, 43w x 30d x 30-37h, Black","489.23","2","0.3","41.934","No"
"1","863","US-2023-117968","2023-08-05","2023-08-07","Second Class","RS-19420","Ricardo Sperren","Corporate","United States","Meriden","Connecticut","6450","East","OFF-AP-10002765","Office Supplies","Appliances","Fellowes Advanced Computer Series Surge Protectors","79.47","3","0.0","22.251600000000003","No"
"1","864","US-2023-117968","2023-08-05","2023-08-07","Second Class","RS-19420","Ricardo Sperren","Corporate","United States","Meriden","Connecticut","6450","East","OFF-AR-10004165","Office Supplies","Art","Binney & Smith inkTank Erasable Pocket Highlighter, Chisel Tip, Yellow","4.56","2","0.0","2.0064","No"
"1","865","US-2023-110065","2023-08-05","2023-08-11","Standard Class","SP-20650","Stephanie Phelps","Corporate","United States","New York City","New York","10009","East","OFF-AR-10004165","Office Supplies","Art","Binney & Smith inkTank Erasable Pocket Highlighter, Chisel Tip, Yellow","15.96","7","0.0","7.022400000000001","No"
"1","866","US-2023-150490","2023-08-05","2023-08-11","Standard Class","SS-20590","Sonia Sunley","Consumer","United States","San Francisco","California","94122","West","OFF-AR-10004602","Office Supplies","Art","Boston KS Multi-Size Manual Pencil Sharpener","45.98","2","0.0","12.8744","No"
"1","867","US-2023-118962","2023-08-05","2023-08-09","Standard Class","CS-12130","Chad Sievert","Consumer","United States","Los Angeles","California","90004","West","OFF-PA-10000659","Office Supplies","Paper","Adams Phone Message Book, Professional, 400 Message Capacity, 5 3/6” x 11”","20.94","3","0.0","9.8418","No"
"1","868","US-2023-118962","2023-08-05","2023-08-09","Standard Class","CS-12130","Chad Sievert","Consumer","United States","Los Angeles","California","90004","West","OFF-PA-10001144","Office Supplies","Paper","Xerox 1913","110.96","2","0.0","53.2608","No"
"1","869","US-2023-150490","2023-08-05","2023-08-11","Standard Class","SS-20590","Sonia Sunley","Consumer","United States","San Francisco","California","94122","West","OFF-ST-10000321","Office Supplies","Storage","Akro Stacking Bins","15.78","2","0.0","0.631199999999998","No"
"1","870","US-2023-150490","2023-08-05","2023-08-11","Standard Class","SS-20590","Sonia Sunley","Consumer","United States","San Francisco","California","94122","West","TEC-AC-10004510","Technology","Accessories","Logitech Desktop MK120 Mouse and keyboard Combo","16.36","1","0.0","1.6359999999999992","No"
"1","871","US-2023-110065","2023-08-05","2023-08-11","Standard Class","SP-20650","Stephanie Phelps","Corporate","United States","New York City","New York","10009","East","TEC-PH-10002468","Technology","Phones","Plantronics CS 50-USB - headset - Convertible, Monaural","135.99","1","0.0","36.71730000000001","No"
"1","872","US-2023-115357","2023-08-06","2023-08-11","Second Class","RF-19735","Roland Fjeld","Consumer","United States","Columbia","South Carolina","29203","South","TEC-AC-10000023","Technology","Accessories","Maxell 74 Minute CD-R Spindle, 50/Pack","62.91","3","0.0","22.647599999999997","No"
"1","873","US-2023-137575","2023-08-06","2023-08-11","Standard Class","TB-21625","Trudy Brown","Consumer","United States","New York City","New York","10035","East","TEC-AC-10004571","Technology","Accessories","Logitech G700s Rechargeable Gaming Mouse","199.98","2","0.0","83.9916","No"
"1","874","US-2023-156790","2023-08-08","2023-08-10","Second Class","VG-21790","Vivek Gonzalez","Consumer","United States","Jacksonville","Florida","32216","South","FUR-BO-10000468","Furniture","Bookcases","O'Sullivan 2-Shelf Heavy-Duty Bookcases","155.45600000000002","4","0.2","-7.772799999999989","No"
"1","875","US-2023-151708","2023-08-08","2023-08-14","Standard Class","MB-17305","Maria Bertelson","Consumer","United States","Glendale","Arizona","85301","West","FUR-FU-10001602","Furniture","Furnishings","Eldon Delta Triangular Chair Mat, 52"" x 58"", Clear","121.376","4","0.2","-3.034400000000012","No"
"1","876","US-2023-131450","2023-08-08","2023-08-15","Standard Class","LR-16915","Lena Radford","Consumer","United States","San Diego","California","92024","West","FUR-FU-10001979","Furniture","Furnishings","Dana Halogen Swing-Arm Architect Lamp","327.76","8","0.0","91.77280000000002","No"
"1","877","US-2023-124478","2023-08-08","2023-08-12","Standard Class","MA-17560","Matt Abelman","Home Office","United States","Trenton","Michigan","48183","Central","FUR-FU-10002088","Furniture","Furnishings","Nu-Dell Float Frame 11 x 14 1/2","53.88","6","0.0","22.629600000000003","No"
"1","878","US-2023-124478","2023-08-08","2023-08-12","Standard Class","MA-17560","Matt Abelman","Home Office","United States","Trenton","Michigan","48183","Central","OFF-AP-10002495","Office Supplies","Appliances","Acco Smartsocket Table Surge Protector, 6 Color-Coded Adapter Outlets","167.535","3","0.1","37.22999999999998","No"
"1","879","US-2023-131450","2023-08-08","2023-08-15","Standard Class","LR-16915","Lena Radford","Consumer","United States","San Diego","California","92024","West","OFF-AP-10004708","Office Supplies","Appliances","Fellowes Superior 10 Outlet Split Surge Protector","76.12","2","0.0","22.074799999999996","No"
"1","880","US-2023-124478","2023-08-08","2023-08-12","Standard Class","MA-17560","Matt Abelman","Home Office","United States","Trenton","Michigan","48183","Central","OFF-EN-10002500","Office Supplies","Envelopes","Globe Weis Peel & Seel First Class Envelopes","38.34","3","0.0","17.253","No"
"1","881","US-2023-154669","2023-08-08","2023-08-11","Second Class","TM-21010","Tamara Manning","Consumer","United States","Vacaville","California","95687","West","OFF-ST-10000532","Office Supplies","Storage","Advantus Rolling Drawer Organizers","423.28","11","0.0","110.0528","No"
"1","882","US-2023-151708","2023-08-08","2023-08-14","Standard Class","MB-17305","Maria Bertelson","Consumer","United States","Glendale","Arizona","85301","West","TEC-AC-10001767","Technology","Accessories","SanDisk Ultra 64 GB MicroSDHC Class 10 Memory Card","95.976","3","0.2","-10.79730000000001","No"
"1","883","US-2023-124478","2023-08-08","2023-08-12","Standard Class","MA-17560","Matt Abelman","Home Office","United States","Trenton","Michigan","48183","Central","TEC-CO-10001571","Technology","Copiers","Sharp 1540cs Digital Laser Copier","549.99","1","0.0","274.995","No"
"1","884","US-2023-131450","2023-08-08","2023-08-15","Standard Class","LR-16915","Lena Radford","Consumer","United States","San Diego","California","92024","West","TEC-CO-10004115","Technology","Copiers","Sharp AL-1530CS Digital Copier","1199.976","3","0.2","434.9913","No"
"1","885","US-2023-124478","2023-08-08","2023-08-12","Standard Class","MA-17560","Matt Abelman","Home Office","United States","Trenton","Michigan","48183","Central","TEC-PH-10001128","Technology","Phones","Motorola Droid Maxx","299.98","2","0.0","83.99440000000001","No"
"1","886","US-2023-131450","2023-08-08","2023-08-15","Standard Class","LR-16915","Lena Radford","Consumer","United States","San Diego","California","92024","West","TEC-PH-10002398","Technology","Phones","AT&T 1070 Corded Phone","445.96","5","0.2","55.74499999999995","No"
"1","887","CA-2023-129322","2023-08-08","2023-08-10","Second Class","DB-13405","Denny Blanton","Consumer","Canada","Toronto","Ontario","M5H","East","OFF-AP-10004336","Office Supplies","Appliances","Conquest 14 Commercial Heavy-Duty Upright Vacuum, Collection System, Accessory Kit","113.92","2","0.0","33.04","No"
"1","888","CA-2023-129322","2023-08-08","2023-08-10","Second Class","DB-13405","Denny Blanton","Consumer","Canada","Toronto","Ontario","M5H","East","OFF-AR-10004587","Office Supplies","Art","Boston 1827 Commercial Additional Cutter, Drive Gear & Gear Rack for 1606","39.66","2","0.0","11.9","No"
"1","889","CA-2023-129322","2023-08-08","2023-08-10","Second Class","DB-13405","Denny Blanton","Consumer","Canada","Toronto","Ontario","M5H","East","OFF-BI-10001718","Office Supplies","Binders","GBC DocuBind P50 Personal Binding Machine","447.86","7","0.0","210.49","No"
"1","890","US-2023-161249","2023-08-09","2023-08-13","Standard Class","RD-19720","Roger Demir","Consumer","United States","Phoenix","Arizona","85023","West","OFF-BI-10001097","Office Supplies","Binders","Avery Hole Reinforcements","9.345000000000002","5","0.7","-6.541499999999999","No"
"1","891","US-2023-169726","2023-08-09","2023-08-13","Standard Class","JH-15985","Joseph Holt","Consumer","United States","Seattle","Washington","98103","West","OFF-BI-10004600","Office Supplies","Binders","Ibico Ibimaster 300 Manual Binding System","2060.744","7","0.2","643.9825","No"
"1","892","US-2023-161249","2023-08-09","2023-08-13","Standard Class","RD-19720","Roger Demir","Consumer","United States","Phoenix","Arizona","85023","West","OFF-FA-10004838","Office Supplies","Fasteners","Super Bands, 12/Pack","4.464","3","0.2","-0.9486","No"
"1","893","US-2023-110527","2023-08-09","2023-08-16","Standard Class","ED-13885","Emily Ducich","Home Office","United States","San Diego","California","92037","West","OFF-LA-10000262","Office Supplies","Labels","Avery 494","20.88","8","0.0","9.6048","No"
"1","894","US-2023-141901","2023-08-09","2023-08-14","Standard Class","GM-14500","Gene McClure","Consumer","United States","Fresno","California","93727","West","OFF-PA-10001667","Office Supplies","Paper","Great White Multi-Use Recycled Paper (20Lb. and 84 Bright)","5.98","1","0.0","2.691","No"
"1","895","US-2023-167850","2023-08-09","2023-08-16","Standard Class","AG-10525","Andy Gerbode","Corporate","United States","Saint Petersburg","Florida","33710","South","OFF-PA-10001937","Office Supplies","Paper","Xerox 21","15.552000000000003","3","0.2","5.4432","No"
"1","896","US-2023-166471","2023-08-09","2023-08-13","Standard Class","MG-17650","Matthew Grinstein","Home Office","United States","Seattle","Washington","98103","West","TEC-PH-10000038","Technology","Phones","Jawbone MINI JAMBOX Wireless Bluetooth Speaker","219.168","2","0.2","-43.83360000000002","No"
"1","897","US-2023-166471","2023-08-09","2023-08-13","Standard Class","MG-17650","Matthew Grinstein","Home Office","United States","Seattle","Washington","98103","West","TEC-PH-10001530","Technology","Phones","Cisco Unified IP Phone 7945G VoIP phone","1091.168","4","0.2","68.19799999999998","No"
"1","898","US-2023-167850","2023-08-09","2023-08-16","Standard Class","AG-10525","Andy Gerbode","Corporate","United States","Saint Petersburg","Florida","33710","South","TEC-PH-10002398","Technology","Phones","AT&T 1070 Corded Phone","178.384","2","0.2","22.297999999999973","No"
"1","899","US-2023-127012","2023-08-11","2023-08-15","Standard Class","GM-14680","Greg Matthias","Consumer","United States","Seattle","Washington","98105","West","FUR-FU-10003691","Furniture","Furnishings","Eldon Image Series Desk Accessories, Ebony","12.35","1","0.0","5.434","Yes"
"1","900","US-2023-127012","2023-08-11","2023-08-15","Standard Class","GM-14680","Greg Matthias","Consumer","United States","Seattle","Washington","98105","West","OFF-AR-10003903","Office Supplies","Art","Sanford 52201 APSCO Electric Pencil Sharpener","40.97","1","0.0","10.6522","Yes"
"1","901","US-2023-127012","2023-08-11","2023-08-15","Standard Class","GM-14680","Greg Matthias","Consumer","United States","Seattle","Washington","98105","West","OFF-FA-10004854","Office Supplies","Fasteners","Vinyl Coated Wire Paper Clips in Organizer Box, 800/Box","22.96","2","0.0","10.7912","Yes"
"1","902","US-2023-154641","2023-08-11","2023-08-16","Standard Class","KL-16645","Ken Lonsdale","Consumer","United States","New York City","New York","10035","East","OFF-ST-10004459","Office Supplies","Storage","Tennsco Single-Tier Lockers","375.34","1","0.0","18.766999999999996","No"
"1","903","US-2023-109897","2023-08-12","2023-08-16","Standard Class","BW-11200","Ben Wallace","Consumer","United States","San Francisco","California","94122","West","FUR-FU-10002878","Furniture","Furnishings","Seth Thomas 14"" Day/Date Wall Clock","85.44","3","0.0","31.612800000000004","No"
"1","904","US-2023-156244","2023-08-12","2023-08-16","Standard Class","DH-13675","Duane Huffman","Home Office","United States","Miami","Florida","33180","South","OFF-AP-10002403","Office Supplies","Appliances","Acco Smartsocket Color-Coded Six-Outlet AC Adapter Model Surge Protectors","211.248","6","0.2","15.843599999999997","No"
"1","905","US-2023-156244","2023-08-12","2023-08-16","Standard Class","DH-13675","Duane Huffman","Home Office","United States","Miami","Florida","33180","South","OFF-AR-10004344","Office Supplies","Art","Bulldog Vacuum Base Pencil Sharpener","47.96","5","0.2","4.196499999999995","No"
"1","906","US-2023-153927","2023-08-12","2023-08-13","First Class","LL-16840","Lauren Leatherbury","Consumer","United States","Woodstock","Georgia","30188","South","OFF-BI-10000138","Office Supplies","Binders","Acco Translucent Poly Ring Binders","14.04","3","0.0","6.7392","No"
"1","907","US-2023-109302","2023-08-12","2023-08-16","Standard Class","CS-12175","Charles Sheldon","Corporate","United States","Lakewood","New Jersey","8701","East","OFF-BI-10002854","Office Supplies","Binders","Performers Binder/Pad Holder, Black","196.21","7","0.0","98.105","No"
"1","908","US-2023-156244","2023-08-12","2023-08-16","Standard Class","DH-13675","Duane Huffman","Home Office","United States","Miami","Florida","33180","South","OFF-LA-10000443","Office Supplies","Labels","Avery 501","2.952","1","0.2","0.9963","No"
"1","909","US-2023-156244","2023-08-12","2023-08-16","Standard Class","DH-13675","Duane Huffman","Home Office","United States","Miami","Florida","33180","South","OFF-PA-10000295","Office Supplies","Paper","Xerox 229","31.104000000000006","6","0.2","10.8864","No"
"1","910","US-2023-156244","2023-08-12","2023-08-16","Standard Class","DH-13675","Duane Huffman","Home Office","United States","Miami","Florida","33180","South","OFF-SU-10000432","Office Supplies","Supplies","Acco Side-Punched Conventional Columnar Pads","5.5520000000000005","2","0.2","-1.0410000000000006","No"
"1","911","US-2023-153927","2023-08-12","2023-08-13","First Class","LL-16840","Lauren Leatherbury","Consumer","United States","Woodstock","Georgia","30188","South","TEC-AC-10000023","Technology","Accessories","Maxell 74 Minute CD-R Spindle, 50/Pack","272.61","13","0.0","98.1396","No"
"1","912","US-2023-156244","2023-08-12","2023-08-16","Standard Class","DH-13675","Duane Huffman","Home Office","United States","Miami","Florida","33180","South","TEC-AC-10002473","Technology","Accessories","Maxell 4.7GB DVD-R","158.928","7","0.2","41.718599999999995","No"
"1","913","US-2023-109897","2023-08-12","2023-08-16","Standard Class","BW-11200","Ben Wallace","Consumer","United States","San Francisco","California","94122","West","TEC-PH-10003691","Technology","Phones","BlackBerry Q10","806.336","8","0.2","50.396000000000015","No"
"1","914","US-2023-164406","2023-08-15","2023-08-19","Standard Class","BD-11605","Brian Dahlen","Consumer","United States","San Francisco","California","94122","West","FUR-CH-10003833","Furniture","Chairs","Novimex Fabric Task Chair","195.136","4","0.2","-12.196000000000003","Yes"
"1","915","US-2023-164406","2023-08-15","2023-08-19","Standard Class","BD-11605","Brian Dahlen","Consumer","United States","San Francisco","California","94122","West","OFF-AP-10003287","Office Supplies","Appliances","Tripp Lite TLP810NET Broadband Surge for Modem/Fax","152.91","3","0.0","42.8148","Yes"
"1","916","US-2023-109043","2023-08-15","2023-08-17","First Class","CS-12355","Christine Sundaresam","Consumer","United States","Hollywood","Florida","33021","South","OFF-AP-10004708","Office Supplies","Appliances","Fellowes Superior 10 Outlet Split Surge Protector","152.24","5","0.2","17.12699999999999","No"
"1","917","US-2023-141005","2023-08-15","2023-08-18","First Class","CS-12355","Christine Sundaresam","Consumer","United States","Fairfield","Connecticut","6824","East","OFF-BI-10001989","Office Supplies","Binders","Premium Transparent Presentation Covers by GBC","62.94","3","0.0","30.2112","No"
"1","918","US-2023-164406","2023-08-15","2023-08-19","Standard Class","BD-11605","Brian Dahlen","Consumer","United States","San Francisco","California","94122","West","OFF-BI-10002309","Office Supplies","Binders","Avery Heavy-Duty EZD  Binder With Locking Rings","17.856","4","0.2","6.249599999999999","Yes"
"1","919","US-2023-138023","2023-08-15","2023-08-18","First Class","KH-16510","Keith Herrera","Consumer","United States","Dallas","Texas","75081","Central","OFF-BI-10003638","Office Supplies","Binders","GBC Durable Plastic Covers","30.959999999999994","8","0.8","-52.63200000000002","No"
"1","920","US-2023-164406","2023-08-15","2023-08-19","Standard Class","BD-11605","Brian Dahlen","Consumer","United States","San Francisco","California","94122","West","OFF-BI-10003638","Office Supplies","Binders","GBC Durable Plastic Covers","46.440000000000005","3","0.2","15.092999999999998","Yes"
"1","921","US-2023-164406","2023-08-15","2023-08-19","Standard Class","BD-11605","Brian Dahlen","Consumer","United States","San Francisco","California","94122","West","OFF-PA-10000167","Office Supplies","Paper","Xerox 1925","92.94","3","0.0","41.82299999999999","Yes"
"1","922","US-2023-109043","2023-08-15","2023-08-17","First Class","CS-12355","Christine Sundaresam","Consumer","United States","Hollywood","Florida","33021","South","OFF-PA-10000312","Office Supplies","Paper","Xerox 1955","91.36","5","0.2","29.691999999999993","No"
"1","923","US-2023-142839","2023-08-16","2023-08-20","Standard Class","TS-21610","Troy Staebel","Consumer","United States","Philadelphia","Pennsylvania","19143","East","FUR-TA-10001539","Furniture","Tables","Chromcraft Rectangular Conference Tables","853.0919999999999","6","0.4","-227.49120000000016","No"
"1","924","US-2023-111500","2023-08-17","2023-08-21","Standard Class","DJ-13510","Don Jones","Corporate","United States","Little Rock","Arkansas","72209","South","OFF-BI-10000829","Office Supplies","Binders","Avery Non-Stick Binders","17.96","4","0.0","8.2616","No"
"1","925","US-2023-111500","2023-08-17","2023-08-21","Standard Class","DJ-13510","Don Jones","Corporate","United States","Little Rock","Arkansas","72209","South","OFF-FA-10002676","Office Supplies","Fasteners","Colored Push Pins","12.67","7","0.0","4.5611999999999995","No"
"1","926","US-2023-111500","2023-08-17","2023-08-21","Standard Class","DJ-13510","Don Jones","Corporate","United States","Little Rock","Arkansas","72209","South","OFF-PA-10000595","Office Supplies","Paper","Xerox 1929","114.2","5","0.0","52.532","No"
"1","927","US-2023-129168","2023-08-17","2023-08-23","Standard Class","KB-16585","Ken Black","Corporate","United States","Houston","Texas","77095","Central","OFF-PA-10001639","Office Supplies","Paper","Xerox 203","15.552000000000003","3","0.2","5.4432","No"
"1","928","US-2023-111500","2023-08-17","2023-08-21","Standard Class","DJ-13510","Don Jones","Corporate","United States","Little Rock","Arkansas","72209","South","TEC-AC-10000844","Technology","Accessories","Logitech Gaming G510s - Keyboard","339.96","4","0.0","122.38559999999998","No"
"1","929","US-2023-156559","2023-08-19","2023-08-26","Standard Class","LH-16900","Lena Hernandez","Consumer","United States","Jonesboro","Arkansas","72401","South","FUR-BO-10000711","Furniture","Bookcases","Hon Metal Bookcases, Gray","638.82","9","0.0","172.4814","No"
"1","930","US-2023-133158","2023-08-19","2023-08-21","Second Class","DW-13195","David Wiener","Corporate","United States","Los Angeles","California","90045","West","FUR-FU-10000723","Furniture","Furnishings","Deflect-o EconoMat Studded, No Bevel Mat for Low Pile Carpeting","289.24","7","0.0","26.03160000000001","No"
"1","931","US-2023-121727","2023-08-19","2023-08-24","Standard Class","JK-15625","Jim Karlsson","Consumer","United States","Columbus","Ohio","43229","East","OFF-AR-10004930","Office Supplies","Art","Turquoise Lead Holder with Pocket Clip","10.72","2","0.2","1.7419999999999989","No"
"1","932","US-2023-133158","2023-08-19","2023-08-21","Second Class","DW-13195","David Wiener","Corporate","United States","Los Angeles","California","90045","West","OFF-BI-10000632","Office Supplies","Binders","Satellite Sectional Post Binders","69.456","2","0.2","22.573199999999996","No"
"1","933","US-2023-164616","2023-08-19","2023-08-21","Second Class","MS-17770","Maxwell Schwartz","Consumer","United States","Columbus","Ohio","43229","East","OFF-BI-10001718","Office Supplies","Binders","GBC DocuBind P50 Personal Binding Machine","76.77600000000001","4","0.7","-58.86159999999998","No"
"1","934","US-2023-143581","2023-08-19","2023-08-23","Standard Class","BS-11365","Bill Shonely","Corporate","United States","Columbus","Georgia","31907","South","OFF-ST-10000991","Office Supplies","Storage","Space Solutions HD Industrial Steel Shelving.","344.90999999999997","3","0.0","10.347300000000004","No"
"1","935","US-2023-164616","2023-08-19","2023-08-21","Second Class","MS-17770","Maxwell Schwartz","Consumer","United States","Columbus","Ohio","43229","East","OFF-SU-10004768","Office Supplies","Supplies","Acme Kleencut Forged Steel Scissors","9.184","2","0.2","1.1479999999999988","No"
"1","936","CA-2023-132339","2023-08-19","2023-08-23","Standard Class","JB-15400","Jennifer Braxton","Corporate","Canada","Montreal","Quebec","H1B","East","OFF-BI-10003925","Office Supplies","Binders","Fellowes PB300 Plastic Comb Binding Machine","19.44","3","0.0","9.33","No"
"1","937","CA-2023-115777","2023-08-19","2023-08-24","Standard Class","DO-13645","Doug O'Connell","Consumer","Canada","Montreal","Quebec","H1B","East","OFF-PA-10000552","Office Supplies","Paper","Xerox 200","387.99","1","0.0","182.36","No"
"1","938","US-2023-114321","2023-08-20","2023-08-25","Standard Class","NC-18535","Nick Crebassa","Corporate","United States","Hampton","Virginia","23666","South","FUR-CH-10001797","Furniture","Chairs","Safco Chair Connectors, 6/Carton","500.2399999999999","13","0.0","145.06959999999992","No"
"1","939","US-2023-166716","2023-08-20","2023-08-25","Second Class","CR-12730","Craig Reiter","Consumer","United States","Chicago","Illinois","60610","Central","FUR-CH-10004495","Furniture","Chairs","Global Leather and Oak Executive Chair, Black","421.372","2","0.3","-6.019600000000054","No"
"1","940","US-2023-114321","2023-08-20","2023-08-25","Standard Class","NC-18535","Nick Crebassa","Corporate","United States","Hampton","Virginia","23666","South","OFF-BI-10001359","Office Supplies","Binders","GBC DocuBind TL300 Electric Binding System","896.99","1","0.0","421.5853","No"
"1","941","US-2023-114321","2023-08-20","2023-08-25","Standard Class","NC-18535","Nick Crebassa","Corporate","United States","Hampton","Virginia","23666","South","OFF-PA-10000246","Office Supplies","Paper","Riverleaf Stik-Withit Designer Note Cubes","20.12","2","0.0","9.2552","No"
"1","942","US-2023-123253","2023-08-22","2023-08-25","Second Class","DE-13255","Deanra Eno","Home Office","United States","Lakewood","Ohio","44107","East","OFF-AR-10002804","Office Supplies","Art","Faber Castell Col-Erase Pencils","3.912","1","0.2","1.0269","Yes"
"1","943","US-2023-166828","2023-08-22","2023-08-25","First Class","JF-15415","Jennifer Ferguson","Consumer","United States","Saint Charles","Missouri","63301","Central","OFF-PA-10001846","Office Supplies","Paper","Xerox 1899","11.56","2","0.0","5.6644000000000005","No"
"1","944","US-2023-130918","2023-08-22","2023-08-24","Second Class","JP-15520","Jeremy Pistek","Consumer","United States","North Miami","Florida","33161","South","OFF-SU-10003936","Office Supplies","Supplies","Acme Serrated Blade Letter Opener","7.6320000000000014","3","0.2","-1.8126","No"
"1","945","US-2023-124737","2023-08-23","2023-08-27","Standard Class","AP-10915","Arthur Prichep","Consumer","United States","Denver","Colorado","80219","West","FUR-FU-10003274","Furniture","Furnishings","Regeneration Desk Collection","4.224","3","0.2","1.2672000000000003","No"
"1","946","US-2023-154837","2023-08-23","2023-08-27","Second Class","RB-19645","Robert Barroso","Corporate","United States","Los Angeles","California","90032","West","OFF-BI-10001575","Office Supplies","Binders","GBC Linen Binding Covers","49.568000000000005","2","0.2","17.348799999999997","No"
"1","947","US-2023-124737","2023-08-23","2023-08-27","Standard Class","AP-10915","Arthur Prichep","Consumer","United States","Denver","Colorado","80219","West","OFF-PA-10000019","Office Supplies","Paper","Xerox 1931","31.104000000000006","6","0.2","10.8864","No"
"1","948","US-2023-124737","2023-08-23","2023-08-27","Standard Class","AP-10915","Arthur Prichep","Consumer","United States","Denver","Colorado","80219","West","OFF-PA-10001125","Office Supplies","Paper","Xerox 1988","223.056","9","0.2","69.70499999999998","No"
"1","949","US-2023-124737","2023-08-23","2023-08-27","Standard Class","AP-10915","Arthur Prichep","Consumer","United States","Denver","Colorado","80219","West","OFF-PA-10001837","Office Supplies","Paper","Xerox 1976","15.552000000000003","3","0.2","5.4432","No"
"1","950","US-2023-112795","2023-08-23","2023-08-28","Second Class","CR-12625","Corey Roper","Home Office","United States","Grand Rapids","Michigan","49505","Central","OFF-PA-10001934","Office Supplies","Paper","Xerox 1993","19.44","3","0.0","9.5256","No"
"1","951","US-2023-110639","2023-08-23","2023-08-23","Same Day","RH-19495","Rick Hansen","Consumer","United States","New York City","New York","10009","East","OFF-PA-10003936","Office Supplies","Paper","Xerox 1994","25.92","4","0.0","12.4416","No"
"1","952","US-2023-110639","2023-08-23","2023-08-23","Same Day","RH-19495","Rick Hansen","Consumer","United States","New York City","New York","10009","East","OFF-PA-10004530","Office Supplies","Paper","Personal Creations Ink Jet Cards and Labels","45.92","4","0.0","22.5008","No"
"1","953","US-2023-124737","2023-08-23","2023-08-27","Standard Class","AP-10915","Arthur Prichep","Consumer","United States","Denver","Colorado","80219","West","OFF-SU-10004661","Office Supplies","Supplies","Acme Titanium Bonded Scissors","6.800000000000001","1","0.2","0.5099999999999998","No"
"1","954","US-2023-124737","2023-08-23","2023-08-27","Standard Class","AP-10915","Arthur Prichep","Consumer","United States","Denver","Colorado","80219","West","TEC-PH-10000149","Technology","Phones","Cisco SPA525G2 IP Phone - Wireless","143.64","9","0.2","10.772999999999987","No"
"1","955","US-2023-107916","2023-08-24","2023-08-26","First Class","JP-15460","Jennifer Patt","Corporate","United States","Oceanside","New York","11572","East","FUR-FU-10004586","Furniture","Furnishings","G.E. Longer-Life Indoor Recessed Floodlight Bulbs","13.28","2","0.0","6.3744","No"
"1","956","US-2023-107916","2023-08-24","2023-08-26","First Class","JP-15460","Jennifer Patt","Corporate","United States","Oceanside","New York","11572","East","OFF-BI-10001116","Office Supplies","Binders","Wilson Jones 1"" Hanging DublLock Ring Binders","12.672","3","0.2","4.435200000000001","No"
"1","957","US-2023-106719","2023-08-24","2023-08-24","Same Day","RB-19645","Robert Barroso","Corporate","United States","Billings","Montana","59102","West","OFF-BI-10002799","Office Supplies","Binders","SlimView Poly Binder, 3/8""","8.288","2","0.2","2.693599999999999","No"
"1","958","US-2023-120432","2023-08-24","2023-08-26","Second Class","DW-13585","Dorothy Wardle","Corporate","United States","Owensboro","Kentucky","42301","South","OFF-SU-10004661","Office Supplies","Supplies","Acme Titanium Bonded Scissors","25.5","3","0.0","6.63","No"
"1","959","US-2023-104178","2023-08-25","2023-08-29","Standard Class","JM-15265","Janet Molinari","Corporate","United States","Los Angeles","California","90036","West","FUR-FU-10000771","Furniture","Furnishings","Eldon 200 Class Desk Accessories, Smoke","6.28","1","0.0","2.6376000000000004","No"
"1","960","US-2023-107398","2023-08-25","2023-08-30","Standard Class","BS-11590","Brendan Sweed","Corporate","United States","Columbus","Ohio","43229","East","OFF-BI-10001982","Office Supplies","Binders","Wilson Jones Custom Binder Spines & Labels","6.528000000000001","4","0.7","-4.569599999999999","No"
"1","961","US-2023-107398","2023-08-25","2023-08-30","Standard Class","BS-11590","Brendan Sweed","Corporate","United States","Columbus","Ohio","43229","East","OFF-BI-10002103","Office Supplies","Binders","Cardinal Slant-D Ring Binder, Heavy Gauge Vinyl","20.856","8","0.7","-16.684799999999996","No"
"1","962","US-2023-126200","2023-08-25","2023-08-29","Standard Class","JE-15715","Joe Elijah","Consumer","United States","Houston","Texas","77070","Central","OFF-BI-10002133","Office Supplies","Binders","Wilson Jones Elliptical Ring 3 1/2"" Capacity Binders, 800 sheets","25.679999999999993","3","0.8","-39.804","No"
"1","963","US-2023-126200","2023-08-25","2023-08-29","Standard Class","JE-15715","Joe Elijah","Consumer","United States","Houston","Texas","77070","Central","OFF-BI-10002225","Office Supplies","Binders","Square Ring Data Binders, Rigid 75 Pt. Covers, 11"" x 14-7/8""","12.383999999999997","3","0.8","-19.814400000000003","No"
"1","964","US-2023-107398","2023-08-25","2023-08-30","Standard Class","BS-11590","Brendan Sweed","Corporate","United States","Columbus","Ohio","43229","East","OFF-BI-10004141","Office Supplies","Binders","Insertable Tab Indexes For Data Binders","2.8620000000000005","3","0.7","-2.2896","No"
"1","965","US-2023-115259","2023-08-25","2023-08-27","Second Class","RC-19960","Ryan Crowe","Consumer","United States","Columbus","Ohio","43229","East","OFF-EN-10002504","Office Supplies","Envelopes","Tyvek  Top-Opening Peel & Seel Envelopes, Plain White","130.464","6","0.2","44.0316","No"
"1","966","US-2023-115259","2023-08-25","2023-08-27","Second Class","RC-19960","Ryan Crowe","Consumer","United States","Columbus","Ohio","43229","East","OFF-EN-10002600","Office Supplies","Envelopes","Redi-Strip #10 Envelopes, 4 1/8 x 9 1/2","4.720000000000001","2","0.2","1.6519999999999997","No"
"1","967","US-2023-115259","2023-08-25","2023-08-27","Second Class","RC-19960","Ryan Crowe","Consumer","United States","Columbus","Ohio","43229","East","OFF-FA-10000621","Office Supplies","Fasteners","OIC Colored Binder Clips, Assorted Sizes","40.096","14","0.2","14.534799999999995","No"
"1","968","US-2023-115259","2023-08-25","2023-08-27","Second Class","RC-19960","Ryan Crowe","Consumer","United States","Columbus","Ohio","43229","East","OFF-PA-10004965","Office Supplies","Paper","Xerox 1921","23.976000000000003","3","0.2","7.492499999999999","No"
"1","969","US-2023-104178","2023-08-25","2023-08-29","Standard Class","JM-15265","Janet Molinari","Corporate","United States","Los Angeles","California","90036","West","OFF-PA-10004983","Office Supplies","Paper","Xerox 23","25.92","4","0.0","12.4416","No"
"1","970","US-2023-104178","2023-08-25","2023-08-29","Standard Class","JM-15265","Janet Molinari","Corporate","United States","Los Angeles","California","90036","West","OFF-ST-10004258","Office Supplies","Storage","Portable Personal File Box","48.84","4","0.0","13.186800000000003","No"
"1","971","US-2023-104178","2023-08-25","2023-08-29","Standard Class","JM-15265","Janet Molinari","Corporate","United States","Los Angeles","California","90036","West","TEC-AC-10002399","Technology","Accessories","SanDisk Cruzer 32 GB USB Flash Drive","95.1","5","0.0","30.431999999999995","No"
"1","972","US-2023-103660","2023-08-25","2023-08-30","Standard Class","MW-18220","Mitch Webber","Consumer","United States","Seattle","Washington","98103","West","TEC-PH-10000895","Technology","Phones","Polycom VVX 310 VoIP phone","1007.9440000000002","7","0.2","75.5958","No"
"1","973","US-2023-103331","2023-08-26","2023-09-01","Standard Class","KB-16315","Karl Braun","Consumer","United States","Newark","Delaware","19711","East","FUR-FU-10001731","Furniture","Furnishings","Acrylic Self-Standing Desk Frames","10.68","4","0.0","4.0584","No"
"1","974","US-2023-115413","2023-08-26","2023-09-01","Standard Class","PP-18955","Paul Prost","Home Office","United States","Newark","Delaware","19711","East","OFF-AR-10003770","Office Supplies","Art","Newell 340","8.64","3","0.0","2.5056","No"
"1","975","US-2023-103331","2023-08-26","2023-09-01","Standard Class","KB-16315","Karl Braun","Consumer","United States","Newark","Delaware","19711","East","OFF-PA-10002160","Office Supplies","Paper","Xerox 1978","17.34","3","0.0","8.4966","No"
"1","976","US-2023-103331","2023-08-26","2023-09-01","Standard Class","KB-16315","Karl Braun","Consumer","United States","Newark","Delaware","19711","East","OFF-PA-10002659","Office Supplies","Paper","Avoid Verbal Orders Carbonless Minifold Book","3.38","1","0.0","1.5547999999999995","No"
"1","977","US-2023-123260","2023-08-26","2023-08-30","Standard Class","FM-14290","Frank Merwin","Home Office","United States","Los Angeles","California","90032","West","TEC-AC-10002323","Technology","Accessories","SanDisk Ultra 32 GB MicroSDHC Class 10 Memory Card","176.8","8","0.0","22.98400000000001","No"
"1","978","US-2023-115413","2023-08-26","2023-09-01","Standard Class","PP-18955","Paul Prost","Home Office","United States","Newark","Delaware","19711","East","TEC-AC-10002800","Technology","Accessories","Plantronics Audio 478 Stereo USB Headset","149.97","3","0.0","52.48949999999999","No"
"1","979","US-2023-124688","2023-08-27","2023-08-29","First Class","CC-12610","Corey Catlett","Corporate","United States","Springfield","Virginia","22153","South","FUR-FU-10002456","Furniture","Furnishings","Master Caster Door Stop, Large Neon Orange","29.12","4","0.0","12.521600000000005","Yes"
"1","980","US-2023-124688","2023-08-27","2023-08-29","First Class","CC-12610","Corey Catlett","Corporate","United States","Springfield","Virginia","22153","South","FUR-TA-10003569","Furniture","Tables","Bretford CR8500 Series Meeting Room Furniture","1202.94","3","0.0","300.735","Yes"
"1","981","US-2023-143336","2023-08-27","2023-09-01","Second Class","ZD-21925","Zuschuss Donatelli","Consumer","United States","San Francisco","California","94109","West","OFF-AR-10003056","Office Supplies","Art","Newell 341","8.56","2","0.0","2.4823999999999993","Yes"
"1","982","US-2023-143336","2023-08-27","2023-09-01","Second Class","ZD-21925","Zuschuss Donatelli","Consumer","United States","San Francisco","California","94109","West","OFF-BI-10002215","Office Supplies","Binders","Wilson Jones Hanging View Binder, White, 1""","22.72","4","0.2","7.383999999999999","Yes"
"1","983","US-2023-101266","2023-08-27","2023-08-30","Second Class","MM-17920","Michael Moore","Consumer","United States","Springfield","Virginia","22153","South","OFF-PA-10002986","Office Supplies","Paper","Xerox 1898","13.36","2","0.0","6.4128","No"
"1","984","US-2023-124688","2023-08-27","2023-08-29","First Class","CC-12610","Corey Catlett","Corporate","United States","Springfield","Virginia","22153","South","TEC-PH-10000455","Technology","Phones","GE 30522EE2","579.9499999999999","5","0.0","168.18549999999993","Yes"
"1","985","US-2023-143336","2023-08-27","2023-09-01","Second Class","ZD-21925","Zuschuss Donatelli","Consumer","United States","San Francisco","California","94109","West","TEC-PH-10001949","Technology","Phones","Cisco SPA 501G IP Phone","213.48","3","0.2","16.01099999999998","Yes"
"1","986","US-2023-169775","2023-08-29","2023-09-02","Second Class","RA-19945","Ryan Akin","Consumer","United States","Miami","Florida","33178","South","FUR-TA-10001857","Furniture","Tables","Balt Solid Wood Rectangular Table","174.0585","3","0.45","-110.7645","No"
"1","987","US-2023-169775","2023-08-29","2023-09-02","Second Class","RA-19945","Ryan Akin","Consumer","United States","Miami","Florida","33178","South","OFF-BI-10004390","Office Supplies","Binders","GBC DocuBind 200 Manual Binding Machine","505.1760000000001","4","0.7","-336.7839999999999","No"
"1","988","US-2023-169775","2023-08-29","2023-09-02","Second Class","RA-19945","Ryan Akin","Consumer","United States","Miami","Florida","33178","South","OFF-EN-10001749","Office Supplies","Envelopes","Jiffy Padded Mailers with Self-Seal Closure","29.808","2","0.2","10.805399999999995","No"
"1","989","US-2023-135699","2023-08-29","2023-08-29","Same Day","HH-15010","Hilary Holden","Corporate","United States","San Francisco","California","94110","West","OFF-PA-10003001","Office Supplies","Paper","Xerox 1986","13.36","2","0.0","6.4128","Yes"
"1","990","US-2023-135699","2023-08-29","2023-08-29","Same Day","HH-15010","Hilary Holden","Corporate","United States","San Francisco","California","94110","West","OFF-PA-10004475","Office Supplies","Paper","Xerox 1940","109.92","2","0.0","53.8608","Yes"
"1","991","US-2023-146500","2023-08-30","2023-09-04","Standard Class","AT-10735","Annie Thurman","Consumer","United States","Bristol","Connecticut","6010","East","OFF-BI-10002432","Office Supplies","Binders","Wilson Jones Standard D-Ring Binders","25.299999999999997","5","0.0","11.890999999999998","No"
"1","992","US-2023-146500","2023-08-30","2023-09-04","Standard Class","AT-10735","Annie Thurman","Consumer","United States","Bristol","Connecticut","6010","East","OFF-ST-10000563","Office Supplies","Storage","Fellowes Bankers Box Stor/Drawer Steel Plus","95.94","3","0.0","9.594","No"
"1","993","US-2023-143385","2023-08-31","2023-09-05","Standard Class","SJ-20500","Shirley Jackson","Consumer","United States","Santa Fe","New Mexico","87505","West","TEC-AC-10001635","Technology","Accessories","KeyTronic KT400U2 - Keyboard - Black","92.52","9","0.0","18.50399999999999","No"
"1","994","US-2023-126522","2023-09-01","2023-09-05","Second Class","LT-16765","Larry Tron","Consumer","United States","Escondido","California","92025","West","OFF-AR-10004042","Office Supplies","Art","BOSTON Model 1800 Electric Pencil Sharpeners, Putty/Woodgrain","53.94","3","0.0","15.642599999999996","Yes"
"1","995","US-2023-165428","2023-09-01","2023-09-04","First Class","JL-15130","Jack Lebron","Consumer","United States","Houston","Texas","77036","Central","OFF-BI-10002949","Office Supplies","Binders","Prestige Round Ring Binders","3.6479999999999992","3","0.8","-6.019200000000003","No"
"1","996","US-2023-109855","2023-09-01","2023-09-05","Standard Class","LH-16900","Lena Hernandez","Consumer","United States","New York City","New York","10009","East","OFF-BI-10004716","Office Supplies","Binders","Wilson Jones Hanging Recycled Pressboard Data Binders","23.744","2","0.2","8.3104","No"
"1","997","US-2023-165428","2023-09-01","2023-09-04","First Class","JL-15130","Jack Lebron","Consumer","United States","Houston","Texas","77036","Central","OFF-PA-10004100","Office Supplies","Paper","Xerox 216","31.104000000000006","6","0.2","10.8864","No"
"1","998","US-2023-109855","2023-09-01","2023-09-05","Standard Class","LH-16900","Lena Hernandez","Consumer","United States","New York City","New York","10009","East","TEC-AC-10002842","Technology","Accessories","WD My Passport Ultra 2TB Portable External Hard Drive","357.0","3","0.0","57.12000000000002","No"
"1","999","US-2023-157721","2023-09-02","2023-09-05","First Class","JM-16195","Justin MacKendrick","Consumer","United States","Watertown","New York","13601","East","FUR-FU-10002116","Furniture","Furnishings","Tenex Carpeted, Granite-Look or Clear Contemporary Contour Shape Chair Mats","70.71","1","0.0","4.949699999999993","No"
"1","1000","US-2023-157721","2023-09-02","2023-09-05","First Class","JM-16195","Justin MacKendrick","Consumer","United States","Watertown","New York","13601","East","OFF-AP-10001303","Office Supplies","Appliances","Holmes Cool Mist Humidifier for the Whole House with 8-Gallon Output per Day, Extended Life Filter","19.9","1","0.0","8.954999999999998","No"
"1","1001","US-2023-138828","2023-09-02","2023-09-03","First Class","KD-16345","Katherine Ducich","Consumer","United States","New York City","New York","10009","East","OFF-AR-10000658","Office Supplies","Art","Newell 324","57.75","5","0.0","16.17","No"
"1","1002","US-2023-127936","2023-09-02","2023-09-04","First Class","CL-12565","Clay Ludtke","Consumer","United States","New York City","New York","10009","East","OFF-AR-10002445","Office Supplies","Art","SANFORD Major Accent Highlighters","21.24","3","0.0","8.071200000000001","No"
"1","1003","US-2023-152268","2023-09-02","2023-09-07","Standard Class","SC-20095","Sanjit Chand","Consumer","United States","Fayetteville","Arkansas","72701","South","OFF-BI-10001359","Office Supplies","Binders","GBC DocuBind TL300 Electric Binding System","1793.98","2","0.0","843.1705999999999","No"
"1","1004","US-2023-138828","2023-09-02","2023-09-03","First Class","KD-16345","Katherine Ducich","Consumer","United States","New York City","New York","10009","East","OFF-PA-10000349","Office Supplies","Paper","Easy-staple paper","14.94","3","0.0","7.021800000000001","No"
"1","1005","US-2023-106971","2023-09-02","2023-09-08","Standard Class","BM-11785","Bryan Mills","Consumer","United States","Buffalo Grove","Illinois","60089","Central","TEC-AC-10000844","Technology","Accessories","Logitech Gaming G510s - Keyboard","475.944","7","0.2","95.18879999999996","No"
"1","1006","US-2023-151792","2023-09-02","2023-09-07","Second Class","CV-12295","Christina VanderZanden","Consumer","United States","Chicago","Illinois","60653","Central","TEC-AC-10001606","Technology","Accessories","Logitech Wireless Performance Mouse MX for PC and Mac","239.976","3","0.2","53.994600000000005","No"
"1","1007","US-2023-158281","2023-09-02","2023-09-07","Standard Class","AG-10525","Andy Gerbode","Corporate","United States","Houston","Texas","77095","Central","TEC-MA-10002210","Technology","Machines","Epson TM-T88V Direct Thermal Printer - Monochrome - Desktop","559.71","3","0.4","-121.27049999999996","No"
"1","1008","US-2023-120236","2023-09-03","2023-09-04","First Class","MR-17545","Mathew Reese","Home Office","United States","Houston","Texas","77095","Central","OFF-BI-10004099","Office Supplies","Binders","GBC VeloBinder Strips","7.679999999999998","5","0.8","-11.52","No"
"1","1009","US-2023-125171","2023-09-03","2023-09-03","Same Day","AG-10390","Allen Goldenen","Consumer","United States","New York City","New York","10009","East","OFF-LA-10001175","Office Supplies","Labels","Avery 514","14.4","5","0.0","7.056","No"
"1","1010","US-2023-136861","2023-09-05","2023-09-07","First Class","PR-18880","Patrick Ryan","Consumer","United States","Saint Petersburg","Florida","33710","South","FUR-FU-10001967","Furniture","Furnishings","Telescoping Adjustable Floor Lamp","31.984","2","0.2","1.998999999999998","No"
"1","1011","US-2023-106572","2023-09-05","2023-09-10","Standard Class","NP-18700","Nora Preis","Consumer","United States","Bowling Green","Ohio","43402","East","OFF-ST-10000585","Office Supplies","Storage","Economy Rollaway Files","264.32","2","0.2","19.824","No"
"1","1012","US-2023-130449","2023-09-06","2023-09-09","First Class","VP-21760","Victoria Pisteka","Corporate","United States","San Francisco","California","94109","West","FUR-FU-10001487","Furniture","Furnishings","Eldon Expressions Wood and Plastic Desk Accessories, Cherry Wood","41.88","6","0.0","12.145199999999996","No"
"1","1013","US-2023-130449","2023-09-06","2023-09-09","First Class","VP-21760","Victoria Pisteka","Corporate","United States","San Francisco","California","94109","West","OFF-LA-10001934","Office Supplies","Labels","Avery 516","58.48","8","0.0","27.4856","No"
"1","1014","US-2023-117765","2023-09-07","2023-09-13","Standard Class","RB-19465","Rick Bensley","Home Office","United States","Tulsa","Oklahoma","74133","Central","FUR-CH-10004698","Furniture","Chairs","Padded Folding Chairs, Black, 4/Carton","161.96","2","0.0","45.34880000000001","No"
"1","1015","US-2023-122882","2023-09-07","2023-09-13","Standard Class","SB-20290","Sean Braxton","Corporate","United States","Philadelphia","Pennsylvania","19134","East","FUR-FU-10000758","Furniture","Furnishings","DAX Natural Wood-Tone Poster Frame","42.368","2","0.2","8.473599999999996","No"
"1","1016","US-2023-131002","2023-09-07","2023-09-12","Second Class","TB-21400","Tom Boeckenhauer","Consumer","United States","Tulsa","Oklahoma","74133","Central","FUR-FU-10004270","Furniture","Furnishings","Executive Impressions 13"" Clairmont Wall Clock","57.69","3","0.0","23.6529","No"
"1","1017","US-2023-131002","2023-09-07","2023-09-12","Second Class","TB-21400","Tom Boeckenhauer","Consumer","United States","Tulsa","Oklahoma","74133","Central","FUR-FU-10004665","Furniture","Furnishings","3M Polarizing Task Lamp with Clamp Arm, Light Gray","821.8799999999999","6","0.0","213.6888","No"
"1","1018","US-2023-117765","2023-09-07","2023-09-13","Standard Class","RB-19465","Rick Bensley","Home Office","United States","Tulsa","Oklahoma","74133","Central","FUR-TA-10001039","Furniture","Tables","KI Adjustable-Height Table","429.9","5","0.0","111.77400000000004","No"
"1","1019","US-2023-105165","2023-09-07","2023-09-10","First Class","SZ-20035","Sam Zeldin","Home Office","United States","Houston","Texas","77036","Central","FUR-TA-10004154","Furniture","Tables","Riverside Furniture Oval Coffee Table, Oval End Table, End Table with Drawer","200.795","1","0.3","-22.948000000000008","No"
"1","1020","US-2023-105165","2023-09-07","2023-09-10","First Class","SZ-20035","Sam Zeldin","Home Office","United States","Houston","Texas","77036","Central","OFF-AR-10003179","Office Supplies","Art","Dixon Ticonderoga Core-Lock Colored Pencils","21.864","3","0.2","3.5528999999999984","No"
"1","1021","US-2023-105165","2023-09-07","2023-09-10","First Class","SZ-20035","Sam Zeldin","Home Office","United States","Houston","Texas","77036","Central","OFF-BI-10000050","Office Supplies","Binders","Angle-D Binders with Locking Rings, Label Holders","2.9199999999999995","2","0.8","-4.8180000000000005","No"
"1","1022","US-2023-117765","2023-09-07","2023-09-13","Standard Class","RB-19465","Rick Bensley","Home Office","United States","Tulsa","Oklahoma","74133","Central","OFF-BI-10000474","Office Supplies","Binders","Avery Recycled Flexi-View Covers for Binding Systems","32.06","2","0.0","15.3888","No"
"1","1023","US-2023-131002","2023-09-07","2023-09-12","Second Class","TB-21400","Tom Boeckenhauer","Consumer","United States","Tulsa","Oklahoma","74133","Central","OFF-BI-10000948","Office Supplies","Binders","GBC Laser Imprintable Binding System Covers, Desert Sand","42.81","3","0.0","20.1207","No"
"1","1024","US-2023-126193","2023-09-07","2023-09-14","Standard Class","SS-20410","Shahid Shariari","Consumer","United States","Oswego","Illinois","60543","Central","OFF-BI-10001249","Office Supplies","Binders","Avery Heavy-Duty EZD View Binder with Locking Rings","3.8279999999999994","3","0.8","-6.507600000000002","No"
"1","1025","US-2023-109918","2023-09-07","2023-09-12","Second Class","LR-17035","Lisa Ryan","Corporate","United States","Santa Clara","California","95051","West","OFF-BI-10004308","Office Supplies","Binders","Avery Legal 4-Ring Binder","83.92000000000002","5","0.2","31.47","Yes"
"1","1026","US-2023-126193","2023-09-07","2023-09-14","Standard Class","SS-20410","Shahid Shariari","Consumer","United States","Oswego","Illinois","60543","Central","OFF-BI-10004632","Office Supplies","Binders","Ibico Hi-Tech Manual Binding System","304.98999999999995","5","0.8","-533.7325000000001","No"
"1","1027","US-2023-126193","2023-09-07","2023-09-14","Standard Class","SS-20410","Shahid Shariari","Consumer","United States","Oswego","Illinois","60543","Central","OFF-FA-10000936","Office Supplies","Fasteners","Acco Hot Clips Clips to Go","13.16","5","0.2","4.1125","No"
"1","1028","US-2023-109918","2023-09-07","2023-09-12","Second Class","LR-17035","Lisa Ryan","Corporate","United States","Santa Clara","California","95051","West","OFF-PA-10000174","Office Supplies","Paper","Message Book, Wirebound, Four 5 1/2"" X 4"" Forms/Pg., 200 Dupl. Sets/Book","20.56","2","0.0","9.663199999999998","Yes"
"1","1029","US-2023-131002","2023-09-07","2023-09-12","Second Class","TB-21400","Tom Boeckenhauer","Consumer","United States","Tulsa","Oklahoma","74133","Central","OFF-PA-10000223","Office Supplies","Paper","Xerox 2000","12.96","2","0.0","6.2208000000000006","No"
"1","1030","US-2023-122882","2023-09-07","2023-09-13","Standard Class","SB-20290","Sean Braxton","Corporate","United States","Philadelphia","Pennsylvania","19134","East","OFF-ST-10002344","Office Supplies","Storage","Carina 42""Hx23 3/4""W Media Storage Unit","64.784","1","0.2","-14.576399999999996","No"
"1","1031","US-2023-117765","2023-09-07","2023-09-13","Standard Class","RB-19465","Rick Bensley","Home Office","United States","Tulsa","Oklahoma","74133","Central","OFF-ST-10003327","Office Supplies","Storage","Akro-Mils 12-Gallon Tote","19.86","2","0.0","5.759399999999998","No"
"1","1032","US-2023-109918","2023-09-07","2023-09-12","Second Class","LR-17035","Lisa Ryan","Corporate","United States","Santa Clara","California","95051","West","OFF-SU-10004290","Office Supplies","Supplies","Acme Design Line 8"" Stainless Steel Bent Scissors w/Champagne Handles, 3-1/8"" Cut","27.36","4","0.0","7.3872","Yes"
"1","1033","US-2023-105165","2023-09-07","2023-09-10","First Class","SZ-20035","Sam Zeldin","Home Office","United States","Houston","Texas","77036","Central","TEC-AC-10002718","Technology","Accessories","Belkin Standard 104 key USB Keyboard","46.688","4","0.2","-2.918000000000003","No"
"1","1034","US-2023-122882","2023-09-07","2023-09-13","Standard Class","SB-20290","Sean Braxton","Corporate","United States","Philadelphia","Pennsylvania","19134","East","TEC-MA-10004679","Technology","Machines","StarTech.com 10/100 VDSL2 Ethernet Extender Kit","399.54","4","0.7","-559.3559999999999","No"
"1","1035","US-2023-131002","2023-09-07","2023-09-12","Second Class","TB-21400","Tom Boeckenhauer","Consumer","United States","Tulsa","Oklahoma","74133","Central","TEC-PH-10000215","Technology","Phones","Plantronics Cordless Phone Headset with In-line Volume - M214C","104.85","3","0.0","28.309500000000007","No"
"1","1036","US-2023-105165","2023-09-07","2023-09-10","First Class","SZ-20035","Sam Zeldin","Home Office","United States","Houston","Texas","77036","Central","TEC-PH-10000675","Technology","Phones","Panasonic KX TS3282B Corded phone","196.776","3","0.2","14.758199999999997","No"
"1","1037","US-2023-100006","2023-09-07","2023-09-13","Standard Class","DK-13375","Dennis Kane","Consumer","United States","New York City","New York","10024","East","TEC-PH-10002075","Technology","Phones","AT&T EL51110 DECT","377.97","3","0.0","109.6113","No"
"1","1038","US-2023-122882","2023-09-07","2023-09-13","Standard Class","SB-20290","Sean Braxton","Corporate","United States","Philadelphia","Pennsylvania","19134","East","TEC-PH-10003589","Technology","Phones","invisibleSHIELD by ZAGG Smudge-Free Screen Protector","32.382","3","0.4","4.317599999999999","No"
"1","1039","US-2023-107818","2023-09-08","2023-09-14","Standard Class","MC-17275","Marc Crier","Consumer","United States","Pasco","Washington","99301","West","FUR-CH-10000454","Furniture","Chairs","Hon Deluxe Fabric Upholstered Stacking Chairs, Rounded Back","975.92","5","0.2","121.98999999999992","No"
"1","1040","US-2023-139892","2023-09-08","2023-09-12","Standard Class","BM-11140","Becky Martin","Consumer","United States","San Antonio","Texas","78207","Central","FUR-CH-10004287","Furniture","Chairs","SAFCO Arco Folding Chair","1740.0599999999995","9","0.3","-24.858000000000175","No"
"1","1041","US-2023-146283","2023-09-08","2023-09-15","Standard Class","KT-16465","Kean Takahito","Consumer","United States","Houston","Texas","77036","Central","FUR-CH-10004287","Furniture","Chairs","SAFCO Arco Folding Chair","966.6999999999998","5","0.3","-13.810000000000116","No"
"1","1042","US-2023-146815","2023-09-08","2023-09-13","Standard Class","PP-18955","Paul Prost","Home Office","United States","New York City","New York","10009","East","FUR-CH-10004289","Furniture","Chairs","Global Super Steno Chair","172.764","2","0.1","13.437199999999986","No"
"1","1043","US-2023-123127","2023-09-08","2023-09-12","Standard Class","SP-20620","Stefania Perrino","Corporate","United States","Long Beach","New York","11561","East","OFF-AP-10001962","Office Supplies","Appliances","Black & Decker Filter for Double Action Dustbuster Cordless Vac BLDV7210","16.78","2","0.0","4.195","No"
"1","1044","US-2023-139892","2023-09-08","2023-09-12","Standard Class","BM-11140","Becky Martin","Consumer","United States","San Antonio","Texas","78207","Central","OFF-AP-10002518","Office Supplies","Appliances","Kensington 7 Outlet MasterPiece Power Center","177.97999999999996","5","0.8","-453.8490000000001","No"
"1","1045","US-2023-168592","2023-09-08","2023-09-14","Standard Class","DP-13390","Dennis Pardue","Home Office","United States","San Francisco","California","94110","West","OFF-AP-10004785","Office Supplies","Appliances","Holmes Replacement Filter for HEPA Air Cleaner, Medium Room","56.65","5","0.0","24.359500000000004","No"
"1","1046","US-2023-107818","2023-09-08","2023-09-14","Standard Class","MC-17275","Marc Crier","Consumer","United States","Pasco","Washington","99301","West","OFF-AR-10000380","Office Supplies","Art","Hunt PowerHouse Electric Pencil Sharpener, Blue","303.84","8","0.0","91.15199999999996","No"
"1","1047","US-2023-139892","2023-09-08","2023-09-12","Standard Class","BM-11140","Becky Martin","Consumer","United States","San Antonio","Texas","78207","Central","OFF-AR-10002656","Office Supplies","Art","Sanford Liquid Accent Highlighters","32.064","6","0.2","6.813599999999997","No"
"1","1048","US-2023-107818","2023-09-08","2023-09-14","Standard Class","MC-17275","Marc Crier","Consumer","United States","Pasco","Washington","99301","West","OFF-AR-10003045","Office Supplies","Art","Prang Colored Pencils","5.88","2","0.0","2.646","No"
"1","1049","US-2023-146815","2023-09-08","2023-09-13","Standard Class","PP-18955","Paul Prost","Home Office","United States","New York City","New York","10009","East","OFF-AR-10003469","Office Supplies","Art","Nontoxic Chalk","3.52","2","0.0","1.6896","No"
"1","1050","US-2023-139892","2023-09-08","2023-09-12","Standard Class","BM-11140","Becky Martin","Consumer","United States","San Antonio","Texas","78207","Central","OFF-AR-10004441","Office Supplies","Art","BIC Brite Liner Highlighters","9.936","3","0.2","2.7324","No"
"1","1051","US-2023-140032","2023-09-08","2023-09-13","Standard Class","TS-21340","Toby Swindell","Consumer","United States","San Francisco","California","94109","West","OFF-BI-10000822","Office Supplies","Binders","Acco PRESSTEX Data Binder with Storage Hooks, Light Blue, 9 1/2"" X 11""","8.608","2","0.2","3.0127999999999995","No"
"1","1052","US-2023-115987","2023-09-08","2023-09-13","Second Class","LH-17020","Lisa Hazard","Consumer","United States","Tyler","Texas","75701","Central","OFF-BI-10001071","Office Supplies","Binders","GBC ProClick Punch Binding System","51.18399999999998","4","0.8","-79.33519999999999","No"
"1","1053","US-2023-128839","2023-09-08","2023-09-13","Standard Class","TT-21070","Ted Trevino","Consumer","United States","Chesapeake","Virginia","23320","South","OFF-FA-10002280","Office Supplies","Fasteners","Advantus Plastic Paper Clips","45.0","9","0.0","21.6","No"
"1","1054","US-2023-168592","2023-09-08","2023-09-14","Standard Class","DP-13390","Dennis Pardue","Home Office","United States","San Francisco","California","94110","West","OFF-FA-10002988","Office Supplies","Fasteners","Ideal Clamps","4.02","2","0.0","1.9698","No"
"1","1055","US-2023-146283","2023-09-08","2023-09-15","Standard Class","KT-16465","Kean Takahito","Consumer","United States","Houston","Texas","77036","Central","OFF-PA-10000482","Office Supplies","Paper","Snap-A-Way Black Print Carbonless Ruled Speed Letter, Triplicate","182.112","6","0.2","61.46279999999998","No"
"1","1056","US-2023-146283","2023-09-08","2023-09-15","Standard Class","KT-16465","Kean Takahito","Consumer","United States","Houston","Texas","77036","Central","OFF-PA-10002259","Office Supplies","Paper","Geographics Note Cards, Blank, White, 8 1/2"" x 11""","17.904","2","0.2","6.2664","No"
"1","1057","US-2023-107818","2023-09-08","2023-09-14","Standard Class","MC-17275","Marc Crier","Consumer","United States","Pasco","Washington","99301","West","OFF-ST-10000736","Office Supplies","Storage","Carina Double Wide Media Storage Towers in Natural & Black","485.88","6","0.0","19.43519999999998","No"
"1","1058","US-2023-139892","2023-09-08","2023-09-12","Standard Class","BM-11140","Becky Martin","Consumer","United States","San Antonio","Texas","78207","Central","OFF-ST-10000991","Office Supplies","Storage","Space Solutions HD Industrial Steel Shelving.","275.928","3","0.2","-58.634699999999995","No"
"1","1059","US-2023-168592","2023-09-08","2023-09-14","Standard Class","DP-13390","Dennis Pardue","Home Office","United States","San Francisco","California","94110","West","OFF-ST-10002406","Office Supplies","Storage","Pizazz Global Quick File","14.97","1","0.0","4.191600000000001","No"
"1","1060","US-2023-163293","2023-09-08","2023-09-11","First Class","KC-16255","Karen Carlisle","Corporate","United States","Macon","Georgia","31204","South","TEC-AC-10000023","Technology","Accessories","Maxell 74 Minute CD-R Spindle, 50/Pack","83.88","4","0.0","30.196799999999996","No"
"1","1061","US-2023-132500","2023-09-08","2023-09-12","Standard Class","GZ-14470","Gary Zandusky","Consumer","United States","San Francisco","California","94110","West","TEC-AC-10001383","Technology","Accessories","Logitech Wireless Touch Keyboard K400","49.98","2","0.0","8.496599999999994","No"
"1","1062","US-2023-163293","2023-09-08","2023-09-11","First Class","KC-16255","Karen Carlisle","Corporate","United States","Macon","Georgia","31204","South","TEC-AC-10004209","Technology","Accessories","Memorex Froggy Flash Drive 4 GB","32.97","3","0.0","12.8583","No"
"1","1063","US-2023-128839","2023-09-08","2023-09-13","Standard Class","TT-21070","Ted Trevino","Consumer","United States","Chesapeake","Virginia","23320","South","TEC-MA-10000029","Technology","Machines","Epson WorkForce WF-2530 All-in-One Printer, Copier Scanner","209.96999999999997","3","0.0","90.2871","No"
"1","1064","US-2023-139892","2023-09-08","2023-09-12","Standard Class","BM-11140","Becky Martin","Consumer","United States","San Antonio","Texas","78207","Central","TEC-MA-10000822","Technology","Machines","Lexmark MX611dhe Monochrome Laser Printer","8159.951999999999","8","0.4","-1359.992000000002","No"
"1","1065","US-2023-139892","2023-09-08","2023-09-12","Standard Class","BM-11140","Becky Martin","Consumer","United States","San Antonio","Texas","78207","Central","TEC-PH-10003931","Technology","Phones","JBL Micro Wireless Portable Bluetooth Speaker","143.976","3","0.2","8.998500000000007","No"
"1","1066","US-2023-126403","2023-09-09","2023-09-12","Second Class","RR-19525","Rick Reed","Corporate","United States","Lowell","Massachusetts","1852","East","FUR-CH-10003761","Furniture","Chairs","Global Italian Leather Office Chair","785.8799999999999","6","0.0","212.18759999999995","Yes"
"1","1067","US-2023-102869","2023-09-09","2023-09-14","Second Class","LC-17140","Logan Currie","Consumer","United States","Philadelphia","Pennsylvania","19140","East","FUR-FU-10002456","Furniture","Furnishings","Master Caster Door Stop, Large Neon Orange","17.472","3","0.2","5.023200000000001","No"
"1","1068","US-2023-131870","2023-09-09","2023-09-11","First Class","NF-18595","Nicole Fjeld","Home Office","United States","Lancaster","Ohio","43130","East","FUR-FU-10002501","Furniture","Furnishings","Nu-Dell Executive Frame","60.67200000000001","6","0.2","12.892799999999998","No"
"1","1069","US-2023-131870","2023-09-09","2023-09-11","First Class","NF-18595","Nicole Fjeld","Home Office","United States","Lancaster","Ohio","43130","East","OFF-AR-10000634","Office Supplies","Art","Newell 320","30.816000000000003","9","0.2","2.696400000000001","No"
"1","1070","US-2023-144407","2023-09-09","2023-09-15","Standard Class","MS-17365","Maribeth Schnelling","Consumer","United States","Detroit","Michigan","48227","Central","OFF-LA-10003923","Office Supplies","Labels","Alphabetical Labels for Top Tab Filing","103.6","7","0.0","51.8","No"
"1","1071","US-2023-102869","2023-09-09","2023-09-14","Second Class","LC-17140","Logan Currie","Consumer","United States","Philadelphia","Pennsylvania","19140","East","OFF-PA-10000788","Office Supplies","Paper","Xerox 210","15.552000000000003","3","0.2","5.4432","No"
"1","1072","US-2023-126403","2023-09-09","2023-09-12","Second Class","RR-19525","Rick Reed","Corporate","United States","Lowell","Massachusetts","1852","East","OFF-PA-10001144","Office Supplies","Paper","Xerox 1913","166.44","3","0.0","79.8912","Yes"
"1","1073","US-2023-103527","2023-09-09","2023-09-14","Second Class","CC-12220","Chris Cortes","Consumer","United States","Chicago","Illinois","60653","Central","OFF-PA-10001622","Office Supplies","Paper","Ampad Poly Cover Wirebound Steno Book, 6"" x 9"" Assorted Colors, Gregg Ruled","10.896","3","0.2","3.4049999999999994","No"
"1","1074","US-2023-126403","2023-09-09","2023-09-12","Second Class","RR-19525","Rick Reed","Corporate","United States","Lowell","Massachusetts","1852","East","OFF-PA-10004665","Office Supplies","Paper","Advantus Motivational Note Cards","26.2","2","0.0","12.838","Yes"
"1","1075","US-2023-126403","2023-09-09","2023-09-12","Second Class","RR-19525","Rick Reed","Corporate","United States","Lowell","Massachusetts","1852","East","OFF-ST-10000078","Office Supplies","Storage","Tennsco 6- and 18-Compartment Lockers","1325.85","5","0.0","238.6529999999999","Yes"
"1","1076","US-2023-102869","2023-09-09","2023-09-14","Second Class","LC-17140","Logan Currie","Consumer","United States","Philadelphia","Pennsylvania","19140","East","TEC-AC-10002134","Technology","Accessories","Rosewill 107 Normal Keys USB Wired Standard Keyboard","64.70400000000001","6","0.2","-4.852800000000002","No"
"1","1077","US-2023-115196","2023-09-09","2023-09-13","Standard Class","DL-12925","Daniel Lacy","Consumer","United States","Greenville","North Carolina","27834","South","TEC-MA-10002073","Technology","Machines","3D Systems Cube Printer, 2nd Generation, White","1299.99","2","0.5","-571.9956","No"
"1","1078","US-2023-102869","2023-09-09","2023-09-14","Second Class","LC-17140","Logan Currie","Consumer","United States","Philadelphia","Pennsylvania","19140","East","TEC-PH-10002549","Technology","Phones","Polycom SoundPoint IP 450 VoIP phone","135.516","1","0.4","-31.620400000000004","No"
"1","1079","US-2023-125731","2023-09-10","2023-09-16","Standard Class","CL-12565","Clay Ludtke","Consumer","United States","Gresham","Oregon","97030","West","FUR-CH-10003973","Furniture","Chairs","GuestStacker Chair with Chrome Finish Legs","1487.04","5","0.2","148.70400000000006","No"
"1","1080","US-2023-113383","2023-09-10","2023-09-13","First Class","SF-20065","Sandra Flanagan","Consumer","United States","Clifton","New Jersey","7011","East","FUR-FU-10001986","Furniture","Furnishings","Dana Fluorescent Magnifying Lamp, White, 36""","254.9","5","0.0","76.46999999999998","No"
"1","1081","US-2023-113383","2023-09-10","2023-09-13","First Class","SF-20065","Sandra Flanagan","Consumer","United States","Clifton","New Jersey","7011","East","OFF-AP-10004532","Office Supplies","Appliances","Kensington 6 Outlet Guardian Standard Surge Protector","81.92","4","0.0","22.1184","No"
"1","1082","US-2023-138835","2023-09-10","2023-09-14","Standard Class","DA-13450","Dianna Arnett","Home Office","United States","Virginia Beach","Virginia","23464","South","OFF-BI-10003314","Office Supplies","Binders","Tuff Stuff Recycled Round Ring Binders","9.64","2","0.0","4.7236","No"
"1","1083","US-2023-125731","2023-09-10","2023-09-16","Standard Class","CL-12565","Clay Ludtke","Consumer","United States","Gresham","Oregon","97030","West","OFF-EN-10003072","Office Supplies","Envelopes","Peel & Seel Envelopes","21.728","7","0.2","7.604799999999999","No"
"1","1084","CA-2023-126438","2023-09-10","2023-09-13","First Class","AR-10345","Alex Russell","Corporate","Canada","Montreal","Quebec","H1C","East","OFF-AR-10003338","Office Supplies","Art","Eberhard Faber 3 1/2"" Golf Pencils","14.88","2","0.0","3.72","No"
"1","1085","US-2023-112837","2023-09-11","2023-09-16","Standard Class","LW-17125","Liz Willingham","Consumer","United States","Oxnard","California","93030","West","FUR-FU-10004006","Furniture","Furnishings","Deflect-o DuraMat Lighweight, Studded, Beveled Mat for Low Pile Carpeting","127.95","3","0.0","21.751499999999982","No"
"1","1086","US-2023-116246","2023-09-12","2023-09-17","Second Class","LW-17215","Luke Weiss","Consumer","United States","New York City","New York","10035","East","FUR-CH-10002024","Furniture","Chairs","HON 5400 Series Task Chairs for Big and Tall","3785.292","6","0.1","420.5880000000002","No"
"1","1087","US-2023-119081","2023-09-12","2023-09-19","Standard Class","TA-21385","Tom Ashbrook","Home Office","United States","Olathe","Kansas","66062","Central","FUR-FU-10003464","Furniture","Furnishings","Seth Thomas 8 1/2"" Cubicle Clock","40.56","2","0.0","12.9792","No"
"1","1088","US-2023-138527","2023-09-12","2023-09-17","Standard Class","BN-11470","Brad Norvell","Corporate","United States","Cary","North Carolina","27511","South","OFF-AP-10001469","Office Supplies","Appliances","Fellowes 8 Outlet Superior Workstation Surge Protector","166.84","5","0.2","18.769499999999987","No"
"1","1089","US-2023-103702","2023-09-12","2023-09-17","Standard Class","AF-10885","Art Foster","Consumer","United States","Fairfield","Ohio","45014","East","OFF-BI-10002429","Office Supplies","Binders","Premier Elliptical Ring Binder, Black","63.92400000000001","7","0.7","-46.8776","No"
"1","1090","US-2023-150924","2023-09-12","2023-09-16","Second Class","PT-19090","Pete Takahito","Consumer","United States","Houston","Texas","77070","Central","OFF-BI-10004040","Office Supplies","Binders","Wilson Jones Impact Binders","5.179999999999999","5","0.8","-8.029","No"
"1","1091","US-2023-119081","2023-09-12","2023-09-19","Standard Class","TA-21385","Tom Ashbrook","Home Office","United States","Olathe","Kansas","66062","Central","OFF-BI-10004519","Office Supplies","Binders","GBC DocuBind P100 Manual Binding Machine","331.96","2","0.0","149.38199999999998","No"
"1","1092","US-2023-138527","2023-09-12","2023-09-17","Standard Class","BN-11470","Brad Norvell","Corporate","United States","Cary","North Carolina","27511","South","OFF-PA-10001800","Office Supplies","Paper","Xerox 220","10.368000000000002","2","0.2","3.6288","No"
"1","1093","US-2023-119081","2023-09-12","2023-09-19","Standard Class","TA-21385","Tom Ashbrook","Home Office","United States","Olathe","Kansas","66062","Central","OFF-SU-10000157","Office Supplies","Supplies","Compact Automatic Electric Letter Opener","357.93","3","0.0","7.158600000000007","No"
"1","1094","US-2023-119081","2023-09-12","2023-09-19","Standard Class","TA-21385","Tom Ashbrook","Home Office","United States","Olathe","Kansas","66062","Central","TEC-AC-10001542","Technology","Accessories","SanDisk Cruzer 16 GB USB Flash Drive","57.400000000000006","5","0.0","10.905999999999992","No"
"1","1095","US-2023-138527","2023-09-12","2023-09-17","Standard Class","BN-11470","Brad Norvell","Corporate","United States","Cary","North Carolina","27511","South","TEC-AC-10002399","Technology","Accessories","SanDisk Cruzer 32 GB USB Flash Drive","15.216","1","0.2","2.282399999999999","No"
"1","1096","US-2023-101476","2023-09-12","2023-09-13","First Class","SD-20485","Shirley Daniels","Home Office","United States","New Rochelle","New York","10801","East","TEC-MA-10000029","Technology","Machines","Epson WorkForce WF-2530 All-in-One Printer, Copier Scanner","69.99","1","0.0","30.0957","No"
"1","1097","US-2023-113859","2023-09-13","2023-09-17","Standard Class","BC-11125","Becky Castell","Home Office","United States","Odessa","Texas","79762","Central","FUR-CH-10004698","Furniture","Chairs","Padded Folding Chairs, Black, 4/Carton","340.116","6","0.3","-9.717599999999976","No"
"1","1098","US-2023-142769","2023-09-13","2023-09-13","Same Day","RP-19390","Resi Pölking","Consumer","United States","Seattle","Washington","98103","West","FUR-FU-10001918","Furniture","Furnishings","C-Line Cubicle Keepers Polyproplyene Holder With Velcro Backings","14.19","3","0.0","5.534100000000001","Yes"
"1","1099","US-2023-142769","2023-09-13","2023-09-13","Same Day","RP-19390","Resi Pölking","Consumer","United States","Seattle","Washington","98103","West","OFF-AP-10004785","Office Supplies","Appliances","Holmes Replacement Filter for HEPA Air Cleaner, Medium Room","22.66","2","0.0","9.743800000000002","Yes"
"1","1100","US-2023-145212","2023-09-13","2023-09-19","Standard Class","DC-12850","Dan Campbell","Consumer","United States","New York City","New York","10011","East","OFF-AR-10002833","Office Supplies","Art","Newell 322","5.46","3","0.0","1.4742000000000002","No"
"1","1101","US-2023-156216","2023-09-13","2023-09-17","Standard Class","EA-14035","Erin Ashbrook","Corporate","United States","Charlotte","North Carolina","28205","South","OFF-BI-10001679","Office Supplies","Binders","GBC Instant Index System for Binding Systems","18.648000000000003","7","0.7","-12.432","No"
"1","1102","US-2023-126277","2023-09-13","2023-09-18","Second Class","LH-16900","Lena Hernandez","Consumer","United States","Columbus","Ohio","43229","East","OFF-BI-10004022","Office Supplies","Binders","Acco Suede Grain Vinyl Round Ring Binder","2.502","3","0.7","-2.0016","No"
"1","1103","US-2023-142769","2023-09-13","2023-09-13","Same Day","RP-19390","Resi Pölking","Consumer","United States","Seattle","Washington","98103","West","OFF-FA-10000840","Office Supplies","Fasteners","OIC Thumb-Tacks","5.699999999999999","5","0.0","2.679","Yes"
"1","1104","US-2023-142769","2023-09-13","2023-09-13","Same Day","RP-19390","Resi Pölking","Consumer","United States","Seattle","Washington","98103","West","OFF-PA-10002923","Office Supplies","Paper","Xerox 1942","48.94","1","0.0","24.47","Yes"
"1","1105","US-2023-132962","2023-09-13","2023-09-16","First Class","JM-15535","Jessica Myrick","Consumer","United States","Philadelphia","Pennsylvania","19143","East","OFF-PA-10003543","Office Supplies","Paper","Xerox 1985","15.552000000000003","3","0.2","5.4432","No"
"1","1106","US-2023-140039","2023-09-13","2023-09-17","Standard Class","ON-18715","Odella Nelson","Corporate","United States","Tempe","Arizona","85281","West","OFF-ST-10001034","Office Supplies","Storage","Eldon File Chest Portable File","79.4","5","0.2","5.955000000000005","No"
"1","1107","US-2023-142769","2023-09-13","2023-09-13","Same Day","RP-19390","Resi Pölking","Consumer","United States","Seattle","Washington","98103","West","OFF-SU-10001574","Office Supplies","Supplies","Acme Value Line Scissors","7.3","2","0.0","2.1899999999999995","Yes"
"1","1108","US-2023-142769","2023-09-13","2023-09-13","Same Day","RP-19390","Resi Pölking","Consumer","United States","Seattle","Washington","98103","West","TEC-AC-10000865","Technology","Accessories","WD My Passport Ultra 500GB Portable External Hard Drive","118.0","2","0.0","20.059999999999988","Yes"
"1","1109","US-2023-142769","2023-09-13","2023-09-13","Same Day","RP-19390","Resi Pölking","Consumer","United States","Seattle","Washington","98103","West","TEC-AC-10001606","Technology","Accessories","Logitech Wireless Performance Mouse MX for PC and Mac","199.98","2","0.0","75.9924","Yes"
"1","1110","US-2023-142769","2023-09-13","2023-09-13","Same Day","RP-19390","Resi Pölking","Consumer","United States","Seattle","Washington","98103","West","TEC-AC-10003399","Technology","Accessories","Memorex Mini Travel Drive 64 GB USB 2.0 Flash Drive","144.96","4","0.0","60.8832","Yes"
"1","1111","US-2023-132962","2023-09-13","2023-09-16","First Class","JM-15535","Jessica Myrick","Consumer","United States","Philadelphia","Pennsylvania","19143","East","TEC-AC-10004353","Technology","Accessories","Hypercom P1300 Pinpad","252.00000000000003","5","0.2","53.55","No"
"1","1112","US-2023-127635","2023-09-14","2023-09-18","Second Class","SC-20260","Scott Cohen","Corporate","United States","Corpus Christi","Texas","78415","Central","FUR-FU-10000550","Furniture","Furnishings","Stacking Trays by OIC","9.96","5","0.6","-6.723000000000001","No"
"1","1113","US-2023-159184","2023-09-14","2023-09-19","Standard Class","JC-15775","John Castell","Consumer","United States","Macon","Georgia","31204","South","FUR-FU-10002878","Furniture","Furnishings","Seth Thomas 14"" Day/Date Wall Clock","142.4","5","0.0","52.688","No"
"1","1114","US-2023-145576","2023-09-14","2023-09-18","Second Class","CA-12775","Cynthia Arntzen","Consumer","United States","Tampa","Florida","33614","South","FUR-FU-10004020","Furniture","Furnishings","Advantus Panel Wall Acrylic Frame","13.128","3","0.2","3.7743","No"
"1","1115","US-2023-160766","2023-09-14","2023-09-14","Same Day","DM-13015","Darrin Martin","Consumer","United States","New York City","New York","10009","East","FUR-TA-10001039","Furniture","Tables","KI Adjustable-Height Table","464.292","9","0.4","-108.33479999999996","Yes"
"1","1116","US-2023-100853","2023-09-14","2023-09-19","Standard Class","JB-15400","Jennifer Braxton","Corporate","United States","Chicago","Illinois","60623","Central","OFF-AP-10000891","Office Supplies","Appliances","Kensington 7 Outlet MasterPiece HOMEOFFICE Power Control Center","52.44799999999999","2","0.8","-131.12000000000003","No"
"1","1117","US-2023-160766","2023-09-14","2023-09-14","Same Day","DM-13015","Darrin Martin","Consumer","United States","New York City","New York","10009","East","OFF-AP-10002945","Office Supplies","Appliances","Honeywell Enviracaire Portable HEPA Air Cleaner for 17' x 22' Room","601.3","2","0.0","198.42899999999997","Yes"
"1","1118","US-2023-145576","2023-09-14","2023-09-18","Second Class","CA-12775","Cynthia Arntzen","Consumer","United States","Tampa","Florida","33614","South","OFF-AP-10003914","Office Supplies","Appliances","Sanitaire Vibra Groomer IR Commercial Upright Vacuum, Replacement Belts","13.0","5","0.2","1.3000000000000007","No"
"1","1119","US-2023-127635","2023-09-14","2023-09-18","Second Class","SC-20260","Scott Cohen","Corporate","United States","Corpus Christi","Texas","78415","Central","OFF-BI-10001721","Office Supplies","Binders","Trimflex Flexible Post Binders","8.551999999999998","2","0.8","-13.6832","No"
"1","1120","US-2023-159184","2023-09-14","2023-09-19","Standard Class","JC-15775","John Castell","Consumer","United States","Macon","Georgia","31204","South","OFF-BI-10001890","Office Supplies","Binders","Avery Poly Binder Pockets","7.16","2","0.0","3.4368","No"
"1","1121","US-2023-160766","2023-09-14","2023-09-14","Same Day","DM-13015","Darrin Martin","Consumer","United States","New York City","New York","10009","East","OFF-EN-10001099","Office Supplies","Envelopes","Staple envelope","68.46","7","0.0","31.491599999999995","Yes"
"1","1122","US-2023-113362","2023-09-14","2023-09-19","Standard Class","AJ-10960","Astrea Jones","Consumer","United States","Rochester","New York","14609","East","OFF-EN-10003845","Office Supplies","Envelopes","Colored Envelopes","11.07","3","0.0","5.092199999999999","No"
"1","1123","US-2023-127635","2023-09-14","2023-09-18","Second Class","SC-20260","Scott Cohen","Corporate","United States","Corpus Christi","Texas","78415","Central","OFF-FA-10000053","Office Supplies","Fasteners","Revere Boxed Rubber Bands by Revere","6.048","4","0.2","-1.3607999999999998","No"
"1","1124","US-2023-100853","2023-09-14","2023-09-19","Standard Class","JB-15400","Jennifer Braxton","Corporate","United States","Chicago","Illinois","60623","Central","OFF-LA-10003148","Office Supplies","Labels","Avery 51","20.16","4","0.2","6.551999999999999","No"
"1","1125","US-2023-160766","2023-09-14","2023-09-14","Same Day","DM-13015","Darrin Martin","Consumer","United States","New York City","New York","10009","East","OFF-PA-10000213","Office Supplies","Paper","Xerox 198","44.82000000000001","9","0.0","21.065400000000004","Yes"
"1","1126","US-2023-127635","2023-09-14","2023-09-18","Second Class","SC-20260","Scott Cohen","Corporate","United States","Corpus Christi","Texas","78415","Central","OFF-PA-10004610","Office Supplies","Paper","Xerox 1900","6.848000000000001","2","0.2","2.1399999999999992","No"
"1","1127","US-2023-113362","2023-09-14","2023-09-19","Standard Class","AJ-10960","Astrea Jones","Consumer","United States","Rochester","New York","14609","East","OFF-ST-10001809","Office Supplies","Storage","Fellowes Officeware Wire Shelving","449.15","5","0.0","8.98299999999999","No"
"1","1128","US-2023-160766","2023-09-14","2023-09-14","Same Day","DM-13015","Darrin Martin","Consumer","United States","New York City","New York","10009","East","TEC-MA-10003979","Technology","Machines","Ativa V4110MDD Micro-Cut Shredder","2799.96","4","0.0","1371.9804","Yes"
"1","1129","US-2023-160766","2023-09-14","2023-09-14","Same Day","DM-13015","Darrin Martin","Consumer","United States","New York City","New York","10009","East","TEC-PH-10000526","Technology","Phones","Vtech CS6719","287.96999999999997","3","0.0","80.6316","Yes"
"1","1130","US-2023-160766","2023-09-14","2023-09-14","Same Day","DM-13015","Darrin Martin","Consumer","United States","New York City","New York","10009","East","TEC-PH-10001536","Technology","Phones","Spigen Samsung Galaxy S5 Case Wallet","16.99","1","0.0","4.417399999999999","Yes"
"1","1131","US-2023-149594","2023-09-15","2023-09-19","Standard Class","MF-18250","Monica Federle","Corporate","United States","Philadelphia","Pennsylvania","19120","East","FUR-FU-10000222","Furniture","Furnishings","Seth Thomas 16"" Steel Case Clock","103.936","4","0.2","16.889599999999998","No"
"1","1132","US-2023-138100","2023-09-15","2023-09-20","Standard Class","AA-10315","Alex Avila","Consumer","United States","New York City","New York","10011","East","FUR-FU-10002456","Furniture","Furnishings","Master Caster Door Stop, Large Neon Orange","14.56","2","0.0","6.2608000000000015","No"
"1","1133","US-2023-138100","2023-09-15","2023-09-20","Standard Class","AA-10315","Alex Avila","Consumer","United States","New York City","New York","10011","East","OFF-PA-10000349","Office Supplies","Paper","Easy-staple paper","14.94","3","0.0","7.021800000000001","No"
"1","1134","US-2023-141152","2023-09-16","2023-09-19","First Class","RF-19345","Randy Ferguson","Corporate","United States","New York City","New York","10024","East","OFF-BI-10002931","Office Supplies","Binders","Avery Trapezoid Extra Heavy Duty 4"" Binders","33.552","1","0.2","12.582","No"
"1","1135","US-2023-103940","2023-09-17","2023-09-21","Standard Class","BN-11515","Bradley Nguyen","Consumer","United States","Seattle","Washington","98103","West","FUR-FU-10004671","Furniture","Furnishings","Executive Impressions 12"" Wall Clock","35.34","2","0.0","13.429200000000002","Yes"
"1","1136","US-2023-131947","2023-09-17","2023-09-22","Standard Class","JA-15970","Joseph Airdo","Consumer","United States","Springfield","Oregon","97477","West","OFF-AR-10000411","Office Supplies","Art","Boston 16701 Slimline Battery Pencil Sharpener","38.256","3","0.2","4.781999999999995","No"
"1","1137","US-2023-131947","2023-09-17","2023-09-22","Standard Class","JA-15970","Joseph Airdo","Consumer","United States","Springfield","Oregon","97477","West","OFF-AR-10001473","Office Supplies","Art","Newell 313","5.248","2","0.2","0.4592000000000003","No"
"1","1138","US-2023-103940","2023-09-17","2023-09-21","Standard Class","BN-11515","Bradley Nguyen","Consumer","United States","Seattle","Washington","98103","West","OFF-BI-10002735","Office Supplies","Binders","GBC Prestige Therm-A-Bind Covers","137.24","5","0.2","46.3185","Yes"
"1","1139","US-2023-158638","2023-09-17","2023-09-21","Standard Class","AG-10765","Anthony Garverick","Home Office","United States","Philadelphia","Pennsylvania","19120","East","OFF-BI-10003712","Office Supplies","Binders","Acco Pressboard Covers with Storage Hooks, 14 7/8"" x 11"", Light Blue","5.892000000000001","4","0.7","-4.1244","No"
"1","1140","US-2023-112851","2023-09-17","2023-09-21","Standard Class","NR-18550","Nick Radford","Consumer","United States","Chula Vista","California","91911","West","OFF-EN-10001453","Office Supplies","Envelopes","Tyvek Interoffice Envelopes, 9 1/2"" x 12 1/2"", 100/Box","182.94","3","0.0","85.98179999999999","No"
"1","1141","US-2023-131947","2023-09-17","2023-09-22","Standard Class","JA-15970","Joseph Airdo","Consumer","United States","Springfield","Oregon","97477","West","OFF-PA-10000246","Office Supplies","Paper","Riverleaf Stik-Withit Designer Note Cubes","40.24","5","0.2","13.078","No"
"1","1142","US-2023-117170","2023-09-17","2023-09-24","Standard Class","KT-16465","Kean Takahito","Consumer","United States","Raleigh","North Carolina","27604","South","OFF-PA-10000682","Office Supplies","Paper","Xerox 1924","4.6240000000000006","1","0.2","1.6762","No"
"1","1143","US-2023-131947","2023-09-17","2023-09-22","Standard Class","JA-15970","Joseph Airdo","Consumer","United States","Springfield","Oregon","97477","West","OFF-PA-10003039","Office Supplies","Paper","Xerox 1960","148.704","6","0.2","46.469999999999985","No"
"1","1144","US-2023-103940","2023-09-17","2023-09-21","Standard Class","BN-11515","Bradley Nguyen","Consumer","United States","Seattle","Washington","98103","West","OFF-ST-10000943","Office Supplies","Storage","Eldon ProFile File 'N Store Portable File Tub Letter/Legal Size Black","57.92999999999999","3","0.0","16.2204","Yes"
"1","1145","US-2023-103940","2023-09-17","2023-09-21","Standard Class","BN-11515","Bradley Nguyen","Consumer","United States","Seattle","Washington","98103","West","OFF-ST-10004963","Office Supplies","Storage","Eldon Gobal File Keepers","30.28","2","0.0","1.211199999999998","Yes"
"1","1146","US-2023-117170","2023-09-17","2023-09-24","Standard Class","KT-16465","Kean Takahito","Consumer","United States","Raleigh","North Carolina","27604","South","TEC-AC-10001109","Technology","Accessories","Logitech Trackman Marble Mouse","47.984","2","0.2","13.1956","No"
"1","1147","US-2023-131947","2023-09-17","2023-09-22","Standard Class","JA-15970","Joseph Airdo","Consumer","United States","Springfield","Oregon","97477","West","TEC-AC-10004633","Technology","Accessories","Verbatim 25 GB 6x Blu-ray Single Layer Recordable Disc, 3/Pack","55.92","10","0.2","16.776000000000007","No"
"1","1148","US-2023-131947","2023-09-17","2023-09-22","Standard Class","JA-15970","Joseph Airdo","Consumer","United States","Springfield","Oregon","97477","West","TEC-MA-10004086","Technology","Machines","Plantronics Single Ear Headset","29.925","5","0.7","-21.944999999999993","No"
"1","1149","US-2023-168130","2023-09-19","2023-09-19","Same Day","BS-11365","Bill Shonely","Corporate","United States","New York City","New York","10011","East","FUR-CH-10000988","Furniture","Chairs","Hon Olson Stacker Stools","887.103","7","0.1","177.42059999999998","No"
"1","1150","US-2023-138177","2023-09-19","2023-09-24","Standard Class","ND-18460","Neil Ducich","Corporate","United States","Chandler","Arizona","85224","West","FUR-TA-10004607","Furniture","Tables","Hon 2111 Invitation Series Straight Table","73.915","1","0.5","-45.82730000000001","No"
"1","1151","US-2023-159849","2023-09-19","2023-09-19","Same Day","JK-15640","Jim Kriz","Home Office","United States","San Francisco","California","94110","West","OFF-FA-10000053","Office Supplies","Fasteners","Revere Boxed Rubber Bands by Revere","5.67","3","0.0","0.1134000000000001","No"
"1","1152","US-2023-156601","2023-09-19","2023-09-24","Standard Class","FA-14230","Frank Atkinson","Corporate","United States","Long Beach","California","90805","West","OFF-FA-10000624","Office Supplies","Fasteners","OIC Binder Clips","7.16","2","0.0","3.58","No"
"1","1153","US-2023-132787","2023-09-19","2023-09-23","Standard Class","MC-18130","Mike Caudle","Corporate","United States","Seattle","Washington","98115","West","OFF-ST-10001321","Office Supplies","Storage","Decoflex Hanging Personal Folder File, Blue","92.52","6","0.0","24.980400000000007","No"
"1","1154","US-2023-127299","2023-09-19","2023-09-24","Standard Class","JL-15835","John Lee","Consumer","United States","Charlotte","North Carolina","28205","South","OFF-ST-10003722","Office Supplies","Storage","Project Tote Personal File","67.344","6","0.2","7.576199999999989","No"
"1","1155","US-2023-106992","2023-09-19","2023-09-21","Second Class","SB-20290","Sean Braxton","Corporate","United States","Houston","Texas","77036","Central","TEC-MA-10000822","Technology","Machines","Lexmark MX611dhe Monochrome Laser Printer","3059.982","3","0.4","-509.9970000000007","No"
"1","1156","US-2023-127299","2023-09-19","2023-09-24","Standard Class","JL-15835","John Lee","Consumer","United States","Charlotte","North Carolina","28205","South","TEC-MA-10001127","Technology","Machines","HP Designjet T520 Inkjet Large Format Printer - 24"" Color","2624.985","3","0.5","-944.9946000000004","No"
"1","1157","US-2023-106992","2023-09-19","2023-09-21","Second Class","SB-20290","Sean Braxton","Corporate","United States","Houston","Texas","77036","Central","TEC-MA-10003353","Technology","Machines","Xerox WorkCentre 6505DN Laser Multifunction Printer","2519.9579999999996","7","0.4","-251.99579999999992","No"
"1","1158","US-2023-166744","2023-09-20","2023-09-24","Standard Class","DN-13690","Duane Noonan","Consumer","United States","Columbia","Maryland","21044","East","FUR-BO-10001337","Furniture","Bookcases","O'Sullivan Living Dimensions 2-Shelf Bookcases","362.94","3","0.0","36.294","Yes"
"1","1159","US-2023-125997","2023-09-20","2023-09-23","First Class","MW-18220","Mitch Webber","Consumer","United States","New York City","New York","10011","East","FUR-BO-10002213","Furniture","Bookcases","DMI Eclipse Executive Suite Bookcases","801.5680000000001","2","0.2","-10.019600000000054","No"
"1","1160","US-2023-120411","2023-09-20","2023-09-23","First Class","SB-20185","Sarah Brown","Consumer","United States","Chicago","Illinois","60653","Central","FUR-BO-10004218","Furniture","Bookcases","Bush Heritage Pine Collection 5-Shelf Bookcase, Albany Pine Finish, *Special Order","493.4299999999999","5","0.3","-70.48999999999998","No"
"1","1161","US-2023-125997","2023-09-20","2023-09-23","First Class","MW-18220","Mitch Webber","Consumer","United States","New York City","New York","10011","East","FUR-CH-10001394","Furniture","Chairs","Global Leather Executive Chair","631.782","2","0.1","140.39599999999993","No"
"1","1162","US-2023-166744","2023-09-20","2023-09-24","Standard Class","DN-13690","Duane Noonan","Consumer","United States","Columbia","Maryland","21044","East","FUR-FU-10004952","Furniture","Furnishings","C-Line Cubicle Keepers Polyproplyene Holder w/Velcro Back, 8-1/2x11, 25/Bx","164.22","3","0.0","50.9082","Yes"
"1","1163","US-2023-134614","2023-09-20","2023-09-25","Standard Class","PF-19165","Philip Fox","Consumer","United States","Bloomington","Illinois","61701","Central","FUR-TA-10004534","Furniture","Tables","Bevis 44 x 96 Conference Tables","617.7","6","0.5","-407.6820000000002","No"
"1","1164","US-2023-133704","2023-09-20","2023-09-26","Standard Class","MA-17995","Michelle Arnett","Home Office","United States","Los Angeles","California","90004","West","OFF-AP-10001366","Office Supplies","Appliances","Staple holder","43.92","4","0.0","11.858400000000003","No"
"1","1165","US-2023-125997","2023-09-20","2023-09-23","First Class","MW-18220","Mitch Webber","Consumer","United States","New York City","New York","10011","East","OFF-AP-10003842","Office Supplies","Appliances","Euro-Pro Shark Turbo Vacuum","30.98","1","0.0","8.0548","No"
"1","1166","US-2023-151953","2023-09-20","2023-09-25","Standard Class","DB-13555","Dorothy Badders","Corporate","United States","Jacksonville","Florida","32216","South","OFF-AR-10003469","Office Supplies","Art","Nontoxic Chalk","2.8160000000000003","2","0.2","0.9856","No"
"1","1167","US-2023-133704","2023-09-20","2023-09-26","Standard Class","MA-17995","Michelle Arnett","Home Office","United States","Los Angeles","California","90004","West","OFF-BI-10001636","Office Supplies","Binders","Ibico Plastic and Wire Spiral Binding Combs","20.232","3","0.2","6.575399999999998","No"
"1","1168","US-2023-156433","2023-09-20","2023-09-26","Standard Class","ES-14020","Erica Smith","Consumer","United States","San Francisco","California","94110","West","OFF-LA-10001569","Office Supplies","Labels","Avery 499","9.96","2","0.0","4.5816","No"
"1","1169","US-2023-125997","2023-09-20","2023-09-23","First Class","MW-18220","Mitch Webber","Consumer","United States","New York City","New York","10011","East","OFF-LA-10002762","Office Supplies","Labels","Avery 485","75.17999999999999","6","0.0","35.334599999999995","No"
"1","1170","US-2023-156433","2023-09-20","2023-09-26","Standard Class","ES-14020","Erica Smith","Consumer","United States","San Francisco","California","94110","West","OFF-PA-10003724","Office Supplies","Paper","Wirebound Message Book, 4 per Page","21.72","4","0.0","10.6428","No"
"1","1171","US-2023-126480","2023-09-20","2023-09-24","Standard Class","HG-14965","Henry Goldwyn","Corporate","United States","San Diego","California","92024","West","OFF-PA-10004610","Office Supplies","Paper","Xerox 1900","8.56","2","0.0","3.851999999999999","No"
"1","1172","US-2023-166744","2023-09-20","2023-09-24","Standard Class","DN-13690","Duane Noonan","Consumer","United States","Columbia","Maryland","21044","East","TEC-AC-10003628","Technology","Accessories","Logitech 910-002974 M325 Wireless Mouse for Web Scrolling","59.98","2","0.0","26.391200000000005","Yes"
"1","1173","US-2023-120411","2023-09-20","2023-09-23","First Class","SB-20185","Sarah Brown","Consumer","United States","Chicago","Illinois","60653","Central","TEC-PH-10002185","Technology","Phones","QVS USB Car Charger 2-Port 2.1Amp for iPod/iPhone/iPad/iPad 2/iPad 3","11.12","2","0.2","3.4749999999999996","No"
"1","1174","US-2023-125997","2023-09-20","2023-09-23","First Class","MW-18220","Mitch Webber","Consumer","United States","New York City","New York","10011","East","TEC-PH-10003072","Technology","Phones","Panasonic KX-TG9541B DECT 6.0 Digital 2-Line Expandable Cordless Phone With Digital Answering System","1349.91","9","0.0","661.4559","No"
"1","1175","US-2023-125997","2023-09-20","2023-09-23","First Class","MW-18220","Mitch Webber","Consumer","United States","New York City","New York","10011","East","TEC-PH-10003484","Technology","Phones","Ooma Telo VoIP Home Phone System","629.9499999999999","5","0.0","157.4875","No"
"1","1176","CA-2023-153738","2023-09-20","2023-09-22","First Class","AG-10270","Alejandro Grove","Consumer","Canada","Toronto","Ontario","M2N","East","OFF-BI-10001308","Office Supplies","Binders","GBC Standard Plastic Binding Systems' Combs","37.68","6","0.0","16.96","No"
"1","1177","US-2023-166310","2023-09-21","2023-09-23","First Class","JS-15940","Joni Sundaresam","Home Office","United States","Garland","Texas","75043","Central","FUR-FU-10001546","Furniture","Furnishings","Dana Swing-Arm Lamps","8.544","2","0.6","-7.475999999999999","No"
"1","1178","US-2023-125514","2023-09-21","2023-09-22","First Class","BM-11650","Brian Moss","Corporate","United States","Omaha","Nebraska","68104","Central","OFF-AP-10000358","Office Supplies","Appliances","Fellowes Basic Home/Office Series Surge Protectors","25.96","2","0.0","7.528399999999998","No"
"1","1179","US-2023-125514","2023-09-21","2023-09-22","First Class","BM-11650","Brian Moss","Corporate","United States","Omaha","Nebraska","68104","Central","OFF-AP-10003281","Office Supplies","Appliances","Acco 6 Outlet Guardian Standard Surge Suppressor","36.27","3","0.0","10.880999999999997","No"
"1","1180","US-2023-153969","2023-09-21","2023-09-25","Standard Class","HF-14995","Herbert Flentye","Consumer","United States","San Francisco","California","94109","West","OFF-AR-10001615","Office Supplies","Art","Newell 34","59.52","3","0.0","15.4752","No"
"1","1181","US-2023-124513","2023-09-21","2023-09-25","Standard Class","SL-20155","Sara Luxemburg","Home Office","United States","New York City","New York","10011","East","OFF-AR-10002956","Office Supplies","Art","Boston 16801 Nautilus Battery Pencil Sharpener","66.03","3","0.0","17.1678","No"
"1","1182","US-2023-117478","2023-09-21","2023-09-24","First Class","LH-16750","Larry Hughes","Consumer","United States","Philadelphia","Pennsylvania","19140","East","OFF-BI-10000050","Office Supplies","Binders","Angle-D Binders with Locking Rings, Label Holders","6.570000000000001","3","0.7","-5.036999999999999","No"
"1","1183","US-2023-153969","2023-09-21","2023-09-25","Standard Class","HF-14995","Herbert Flentye","Consumer","United States","San Francisco","California","94109","West","OFF-EN-10001539","Office Supplies","Envelopes","Staple envelope","15.56","2","0.0","7.3132","No"
"1","1184","US-2023-153969","2023-09-21","2023-09-25","Standard Class","HF-14995","Herbert Flentye","Consumer","United States","San Francisco","California","94109","West","OFF-EN-10004483","Office Supplies","Envelopes","#10 White Business Envelopes,4 1/8 x 9 1/2","78.35","5","0.0","36.82449999999999","No"
"1","1185","US-2023-168823","2023-09-21","2023-09-24","First Class","MA-17560","Matt Abelman","Home Office","United States","Philadelphia","Pennsylvania","19143","East","OFF-LA-10004425","Office Supplies","Labels","Staple-on labels","20.808000000000003","9","0.2","7.0226999999999995","No"
"1","1186","US-2023-125514","2023-09-21","2023-09-22","First Class","BM-11650","Brian Moss","Corporate","United States","Omaha","Nebraska","68104","Central","OFF-PA-10000029","Office Supplies","Paper","Xerox 224","6.48","1","0.0","3.1104000000000003","No"
"1","1187","US-2023-153969","2023-09-21","2023-09-25","Standard Class","HF-14995","Herbert Flentye","Consumer","United States","San Francisco","California","94109","West","OFF-PA-10000327","Office Supplies","Paper","Xerox 1971","38.52","9","0.0","17.333999999999996","No"
"1","1188","US-2023-153969","2023-09-21","2023-09-25","Standard Class","HF-14995","Herbert Flentye","Consumer","United States","San Francisco","California","94109","West","OFF-PA-10002246","Office Supplies","Paper","Wirebound Four 2-3/4 x 5 Forms per Page, 400 Sets per Book","19.35","3","0.0","9.4815","No"
"1","1189","US-2023-168823","2023-09-21","2023-09-24","First Class","MA-17560","Matt Abelman","Home Office","United States","Philadelphia","Pennsylvania","19143","East","OFF-PA-10004000","Office Supplies","Paper","While You Were Out Pads, 50 per Pad, 4 x 5 1/4, Green Cycle","11.352000000000002","3","0.2","4.1151","No"
"1","1190","US-2023-135972","2023-09-21","2023-09-23","Second Class","JG-15115","Jack Garza","Consumer","United States","Des Moines","Washington","98198","West","TEC-CO-10002313","Technology","Copiers","Canon PC1080F Personal Copier","1799.97","3","0.0","701.9883","No"
"1","1191","US-2023-153969","2023-09-21","2023-09-25","Standard Class","HF-14995","Herbert Flentye","Consumer","United States","San Francisco","California","94109","West","TEC-PH-10001299","Technology","Phones","Polycom CX300 Desktop Phone USB VoIP phone","239.98400000000004","2","0.2","23.998400000000004","No"
"1","1192","US-2023-135972","2023-09-21","2023-09-23","Second Class","JG-15115","Jack Garza","Consumer","United States","Des Moines","Washington","98198","West","TEC-PH-10003012","Technology","Phones","Nortel Meridian M3904 Professional Digital phone","246.384","2","0.2","27.718199999999968","No"
"1","1193","US-2023-156160","2023-09-22","2023-09-29","Standard Class","AS-10090","Adam Shillingsburg","Consumer","United States","New York City","New York","10035","East","FUR-CH-10004983","Furniture","Chairs","Office Star - Mid Back Dual function Ergonomic High Back Chair with 2-Way Adjustable Arms","579.528","4","0.1","83.70959999999997","No"
"1","1194","US-2023-156160","2023-09-22","2023-09-29","Standard Class","AS-10090","Adam Shillingsburg","Consumer","United States","New York City","New York","10035","East","FUR-FU-10001876","Furniture","Furnishings","Computer Room Manger, 14""","97.44","3","0.0","35.078399999999995","No"
"1","1195","US-2023-156160","2023-09-22","2023-09-29","Standard Class","AS-10090","Adam Shillingsburg","Consumer","United States","New York City","New York","10035","East","OFF-AR-10003876","Office Supplies","Art","Avery Hi-Liter GlideStik Fluorescent Highlighter, Yellow Ink","13.04","4","0.0","5.7376000000000005","No"
"1","1196","US-2023-156160","2023-09-22","2023-09-29","Standard Class","AS-10090","Adam Shillingsburg","Consumer","United States","New York City","New York","10035","East","OFF-BI-10003355","Office Supplies","Binders","Cardinal Holdit Business Card Pockets","3.984","1","0.2","1.3944","No"
"1","1197","US-2023-127488","2023-09-22","2023-09-24","Second Class","MS-17365","Maribeth Schnelling","Consumer","United States","Boca Raton","Florida","33433","South","OFF-LA-10001613","Office Supplies","Labels","Avery File Folder Labels","4.608","2","0.2","1.6704","No"
"1","1198","US-2023-158225","2023-09-22","2023-09-28","Standard Class","SE-20110","Sanjit Engle","Consumer","United States","San Jose","California","95123","West","OFF-ST-10000675","Office Supplies","Storage","File Shuttle II and Handi-File, Black","169.45","5","0.0","42.3625","No"
"1","1199","US-2023-158225","2023-09-22","2023-09-28","Standard Class","SE-20110","Sanjit Engle","Consumer","United States","San Jose","California","95123","West","OFF-ST-10002301","Office Supplies","Storage","Tennsco Commercial Shelving","40.68","2","0.0","0.4067999999999969","No"
"1","1200","US-2023-103191","2023-09-22","2023-09-27","Standard Class","VG-21805","Vivek Grady","Corporate","United States","Chicago","Illinois","60653","Central","OFF-ST-10002574","Office Supplies","Storage","SAFCO Commercial Wire Shelving, Black","331.536","3","0.2","-82.884","No"
"1","1201","US-2023-134733","2023-09-23","2023-09-28","Standard Class","BM-11650","Brian Moss","Corporate","United States","San Diego","California","92037","West","FUR-BO-10002916","Furniture","Bookcases","Rush Hierlooms Collection 1"" Thick Stackable Bookcases","435.999","3","0.15","20.517599999999987","No"
"1","1202","US-2023-163650","2023-09-23","2023-09-25","First Class","TT-21220","Thomas Thornton","Consumer","United States","Dover","Delaware","19901","East","OFF-AR-10002375","Office Supplies","Art","Newell 351","9.84","3","0.0","2.853599999999999","No"
"1","1203","US-2023-116904","2023-09-23","2023-09-28","Standard Class","SC-20095","Sanjit Chand","Consumer","United States","Minneapolis","Minnesota","55407","Central","OFF-BI-10000301","Office Supplies","Binders","GBC Instant Report Kit","12.94","2","0.0","6.47","No"
"1","1204","US-2023-116904","2023-09-23","2023-09-28","Standard Class","SC-20095","Sanjit Chand","Consumer","United States","Minneapolis","Minnesota","55407","Central","OFF-BI-10001120","Office Supplies","Binders","Ibico EPK-21 Electric Binding System","9449.95","5","0.0","4630.4755000000005","No"
"1","1205","US-2023-163559","2023-09-23","2023-09-28","Second Class","ST-20530","Shui Tom","Consumer","United States","New York City","New York","10035","East","OFF-BI-10002026","Office Supplies","Binders","Avery Arch Ring Binders","139.44","3","0.2","47.06099999999999","No"
"1","1206","US-2023-113964","2023-09-23","2023-09-30","Standard Class","JP-16135","Julie Prescott","Home Office","United States","New York City","New York","10011","East","OFF-BI-10004654","Office Supplies","Binders","Avery Binding System Hidden Tab Executive Style Index Sets","18.464","4","0.2","6.9239999999999995","No"
"1","1207","US-2023-148369","2023-09-23","2023-09-27","Standard Class","TH-21115","Thea Hudgings","Corporate","United States","Newark","Delaware","19711","East","OFF-BI-10004876","Office Supplies","Binders","Wilson Jones Suede Grain Vinyl Binders","11.12","4","0.0","5.448799999999999","No"
"1","1208","US-2023-163650","2023-09-23","2023-09-25","First Class","TT-21220","Thomas Thornton","Consumer","United States","Dover","Delaware","19901","East","OFF-BI-10004965","Office Supplies","Binders","Ibico Covers for Plastic or Wire Binding Elements","34.5","3","0.0","15.525","No"
"1","1209","US-2023-147900","2023-09-23","2023-09-28","Standard Class","JK-15640","Jim Kriz","Home Office","United States","Lakewood","Ohio","44107","East","OFF-PA-10003063","Office Supplies","Paper","EcoTones Memo Sheets","28.8","9","0.2","10.080000000000002","No"
"1","1210","US-2023-116904","2023-09-23","2023-09-28","Standard Class","SC-20095","Sanjit Chand","Consumer","United States","Minneapolis","Minnesota","55407","Central","OFF-PA-10004888","Office Supplies","Paper","Xerox 217","32.400000000000006","5","0.0","15.552","No"
"1","1211","US-2023-116904","2023-09-23","2023-09-28","Standard Class","SC-20095","Sanjit Chand","Consumer","United States","Minneapolis","Minnesota","55407","Central","OFF-ST-10000736","Office Supplies","Storage","Carina Double Wide Media Storage Towers in Natural & Black","404.9","5","0.0","16.195999999999984","No"
"1","1212","US-2023-134733","2023-09-23","2023-09-28","Standard Class","BM-11650","Brian Moss","Corporate","United States","San Diego","California","92037","West","TEC-PH-10002726","Technology","Phones","netTALK DUO VoIP Telephone Service","83.98400000000001","2","0.2","31.494","No"
"1","1213","US-2023-123344","2023-09-24","2023-09-29","Standard Class","JD-16060","Julia Dunbar","Consumer","United States","San Francisco","California","94109","West","OFF-ST-10001713","Office Supplies","Storage","Gould Plastics 9-Pocket Panel Bin, 18-3/8w x 5-1/4d x 20-1/2h, Black","211.96","4","0.0","8.478399999999993","No"
"1","1214","CA-2023-160325","2023-09-24","2023-09-24","Same Day","BP-11095","Bart Pistole","Corporate","Canada","Montreal","Quebec","H1C","East","TEC-PH-10000984","Technology","Phones","Panasonic KX-TG9471B","391.98","2","0.0","109.75","No"
"1","1215","CA-2023-160325","2023-09-24","2023-09-24","Same Day","BP-11095","Bart Pistole","Corporate","Canada","Montreal","Quebec","H1C","East","TEC-PH-10001944","Technology","Phones","Wi-Ex zBoost YX540 Cellular Phone Signal Booster","437.85","3","0.0","131.36","No"
"1","1216","US-2023-112914","2023-09-25","2023-09-30","Standard Class","MT-18070","Michelle Tran","Home Office","United States","Houston","Texas","77041","Central","FUR-BO-10003272","Furniture","Bookcases","O'Sullivan Living Dimensions 5-Shelf Bookcases","300.53279999999995","2","0.32","-97.23120000000004","No"
"1","1217","US-2023-141355","2023-09-25","2023-09-30","Standard Class","BF-11005","Barry Franz","Home Office","United States","Aurora","Colorado","80013","West","OFF-AR-10003179","Office Supplies","Art","Dixon Ticonderoga Core-Lock Colored Pencils","14.576","2","0.2","2.368599999999999","No"
"1","1218","US-2023-112914","2023-09-25","2023-09-30","Standard Class","MT-18070","Michelle Tran","Home Office","United States","Houston","Texas","77041","Central","OFF-BI-10002982","Office Supplies","Binders","Avery Self-Adhesive Photo Pockets for Polaroid Photos","2.7239999999999993","2","0.8","-4.358400000000001","No"
"1","1219","US-2023-112914","2023-09-25","2023-09-30","Standard Class","MT-18070","Michelle Tran","Home Office","United States","Houston","Texas","77041","Central","OFF-EN-10001509","Office Supplies","Envelopes","Poly String Tie Envelopes","3.264","2","0.2","1.1015999999999997","No"
"1","1220","US-2023-112914","2023-09-25","2023-09-30","Standard Class","MT-18070","Michelle Tran","Home Office","United States","Houston","Texas","77041","Central","OFF-PA-10003270","Office Supplies","Paper","Xerox 1954","33.792","8","0.2","10.56","No"
"1","1221","US-2023-132451","2023-09-26","2023-09-27","First Class","KF-16285","Karen Ferguson","Home Office","United States","San Diego","California","92105","West","FUR-CH-10000454","Furniture","Chairs","Hon Deluxe Fabric Upholstered Stacking Chairs, Rounded Back","585.552","3","0.2","73.19399999999996","No"
"1","1222","US-2023-151925","2023-09-26","2023-10-01","Second Class","KT-16465","Kean Takahito","Consumer","United States","Los Angeles","California","90049","West","FUR-CH-10002961","Furniture","Chairs","Leather Task Chair, Black","145.568","2","0.2","0.0","No"
"1","1223","US-2023-144974","2023-09-26","2023-09-30","Standard Class","CM-12715","Craig Molinari","Corporate","United States","Philadelphia","Pennsylvania","19140","East","FUR-FU-10001095","Furniture","Furnishings","DAX Black Cherry Wood-Tone Poster Frame","21.184","1","0.2","4.7664","No"
"1","1224","US-2023-144974","2023-09-26","2023-09-30","Standard Class","CM-12715","Craig Molinari","Corporate","United States","Philadelphia","Pennsylvania","19140","East","OFF-AP-10001492","Office Supplies","Appliances","Acco Six-Outlet Power Strip, 4' Cord Length","41.376","6","0.2","3.103200000000001","No"
"1","1225","US-2023-115133","2023-09-26","2023-09-30","Standard Class","DA-13450","Dianna Arnett","Home Office","United States","Lancaster","Ohio","43130","East","OFF-AP-10001634","Office Supplies","Appliances","Hoover Commercial Lightweight Upright Vacuum","16.704","6","0.2","1.2527999999999988","No"
"1","1226","US-2023-164385","2023-09-26","2023-10-01","Second Class","NB-18580","Nicole Brennan","Corporate","United States","Philadelphia","Pennsylvania","19134","East","OFF-AP-10002191","Office Supplies","Appliances","Belkin 8 Outlet SurgeMaster II Gold Surge Protector","143.952","3","0.2","14.39520000000001","No"
"1","1227","US-2023-144974","2023-09-26","2023-09-30","Standard Class","CM-12715","Craig Molinari","Corporate","United States","Philadelphia","Pennsylvania","19140","East","OFF-BI-10003274","Office Supplies","Binders","Avery Durable Slant Ring Binders, No Labels","5.970000000000001","5","0.7","-4.577","No"
"1","1228","US-2023-152723","2023-09-26","2023-09-26","Same Day","HG-14965","Henry Goldwyn","Corporate","United States","Mesquite","Texas","75150","Central","OFF-BI-10003460","Office Supplies","Binders","Acco 3-Hole Punch","0.8759999999999998","1","0.8","-1.4016000000000002","No"
"1","1229","US-2023-115133","2023-09-26","2023-09-30","Standard Class","DA-13450","Dianna Arnett","Home Office","United States","Lancaster","Ohio","43130","East","OFF-PA-10000174","Office Supplies","Paper","Message Book, Wirebound, Four 5 1/2"" X 4"" Forms/Pg., 200 Dupl. Sets/Book","32.896","4","0.2","11.102399999999996","No"
"1","1230","US-2023-132451","2023-09-26","2023-09-27","First Class","KF-16285","Karen Ferguson","Home Office","United States","San Diego","California","92105","West","OFF-PA-10004888","Office Supplies","Paper","Xerox 217","19.44","3","0.0","9.3312","No"
"1","1231","US-2023-127586","2023-09-26","2023-09-30","Standard Class","CS-12400","Christopher Schild","Home Office","United States","Seattle","Washington","98115","West","OFF-ST-10002615","Office Supplies","Storage","Dual Level, Single-Width Filing Carts","310.12","2","0.0","80.6312","No"
"1","1232","US-2023-115133","2023-09-26","2023-09-30","Standard Class","DA-13450","Dianna Arnett","Home Office","United States","Lancaster","Ohio","43130","East","TEC-AC-10002370","Technology","Accessories","Maxell CD-R Discs","3.152","2","0.2","0.4727999999999996","No"
"1","1233","US-2023-115049","2023-09-26","2023-10-01","Standard Class","MM-17920","Michael Moore","Consumer","United States","Chicago","Illinois","60623","Central","TEC-AC-10004859","Technology","Accessories","Maxell Pro 80 Minute CD-R, 10/Pack","153.824","11","0.2","38.456","No"
"1","1234","US-2023-133130","2023-09-27","2023-10-01","Standard Class","TH-21100","Thea Hendricks","Consumer","United States","San Diego","California","92037","West","FUR-CH-10002602","Furniture","Chairs","DMI Arturo Collection Mission-style Design Wood Chair","603.92","5","0.2","45.29400000000001","No"
"1","1235","US-2023-120887","2023-09-27","2023-10-03","Standard Class","TS-21205","Thomas Seio","Corporate","United States","Hackensack","New Jersey","7601","East","FUR-FU-10001588","Furniture","Furnishings","Deflect-o SuperTray Unbreakable Stackable Tray, Letter, Black","87.53999999999999","3","0.0","37.6422","No"
"1","1236","US-2023-133130","2023-09-27","2023-10-01","Standard Class","TH-21100","Thea Hendricks","Consumer","United States","San Diego","California","92037","West","OFF-PA-10000675","Office Supplies","Paper","Xerox 1919","81.98","2","0.0","40.1702","No"
"1","1237","US-2023-114335","2023-09-28","2023-10-03","Standard Class","XP-21865","Xylona Preis","Consumer","United States","Hollywood","Florida","33021","South","FUR-FU-10000277","Furniture","Furnishings","Deflect-o DuraMat Antistatic Studded Beveled Mat for Medium Pile Carpeting","337.088","4","0.2","16.854399999999984","No"
"1","1238","US-2023-125136","2023-09-28","2023-10-03","Standard Class","KD-16495","Keith Dawkins","Corporate","United States","Fayetteville","North Carolina","28314","South","OFF-PA-10001457","Office Supplies","Paper","White GlueTop Scratch Pads","96.256","8","0.2","31.283199999999987","No"
"1","1239","US-2023-125136","2023-09-28","2023-10-03","Standard Class","KD-16495","Keith Dawkins","Corporate","United States","Fayetteville","North Carolina","28314","South","OFF-PA-10001804","Office Supplies","Paper","Xerox 195","10.688","2","0.2","3.7408","No"
"1","1240","US-2023-107153","2023-09-28","2023-10-03","Standard Class","GZ-14545","George Zrebassa","Corporate","United States","Lawrence","Massachusetts","1841","East","OFF-ST-10001321","Office Supplies","Storage","Decoflex Hanging Personal Folder File, Blue","46.26","3","0.0","12.490200000000003","No"
"1","1241","CA-2023-107153","2023-09-28","2023-10-03","Standard Class","GZ-14545","George Zrebassa","Corporate","Canada","Montreal","Quebec","H1A","East","OFF-ST-10001321","Office Supplies","Storage","Decoflex Hanging Personal Folder File, Blue","10.688","2","0.2","3.7408","No"
"1","1242","US-2023-124856","2023-09-29","2023-10-03","Second Class","LD-17005","Lisa DeCherney","Consumer","United States","New York City","New York","10011","East","FUR-FU-10000521","Furniture","Furnishings","Seth Thomas 14"" Putty-Colored Wall Clock","117.36","4","0.0","36.38159999999999","No"
"1","1243","US-2023-126683","2023-09-29","2023-10-01","Second Class","PP-18955","Paul Prost","Home Office","United States","Seattle","Washington","98115","West","FUR-FU-10001706","Furniture","Furnishings","Longer-Life Soft White Bulbs","6.16","2","0.0","2.9568","No"
"1","1244","US-2023-146969","2023-09-29","2023-10-03","Standard Class","AP-10915","Arthur Prichep","Consumer","United States","Los Angeles","California","90045","West","FUR-FU-10004188","Furniture","Furnishings","Luxo Professional Combination Clamp-On Lamps","204.6","2","0.0","53.196","No"
"1","1245","US-2023-126683","2023-09-29","2023-10-01","Second Class","PP-18955","Paul Prost","Home Office","United States","Seattle","Washington","98115","West","FUR-TA-10002958","Furniture","Tables","Bevis Oval Conference Table, Walnut","2348.82","9","0.0","399.29939999999976","No"
"1","1246","US-2023-122931","2023-09-29","2023-10-03","Standard Class","SM-20950","Suzanne McNair","Corporate","United States","Philadelphia","Pennsylvania","19134","East","FUR-TA-10004147","Furniture","Tables","Hon 4060 Series Tables","67.17599999999999","1","0.4","-20.152800000000006","No"
"1","1247","US-2023-122931","2023-09-29","2023-10-03","Standard Class","SM-20950","Suzanne McNair","Corporate","United States","Philadelphia","Pennsylvania","19134","East","FUR-TA-10004175","Furniture","Tables","Hon 30"" x 60"" Table with Locking Drawer","409.272","2","0.4","-81.8544","No"
"1","1248","US-2023-122931","2023-09-29","2023-10-03","Standard Class","SM-20950","Suzanne McNair","Corporate","United States","Philadelphia","Pennsylvania","19134","East","OFF-AR-10003469","Office Supplies","Art","Nontoxic Chalk","4.224","3","0.2","1.4783999999999995","No"
"1","1249","US-2023-111962","2023-09-29","2023-10-04","Standard Class","EB-14170","Evan Bailliet","Consumer","United States","Seattle","Washington","98115","West","OFF-BI-10001308","Office Supplies","Binders","GBC Standard Plastic Binding Systems' Combs","10.048000000000002","2","0.2","3.139999999999999","No"
"1","1250","US-2023-146969","2023-09-29","2023-10-03","Standard Class","AP-10915","Arthur Prichep","Consumer","United States","Los Angeles","California","90045","West","OFF-FA-10001561","Office Supplies","Fasteners","Stockwell Push Pins","8.72","4","0.0","2.8776","No"
"1","1251","US-2023-124856","2023-09-29","2023-10-03","Second Class","LD-17005","Lisa DeCherney","Consumer","United States","New York City","New York","10011","East","OFF-LA-10000121","Office Supplies","Labels","Avery 48","18.9","3","0.0","8.693999999999999","No"
"1","1252","US-2023-122931","2023-09-29","2023-10-03","Standard Class","SM-20950","Suzanne McNair","Corporate","United States","Philadelphia","Pennsylvania","19134","East","OFF-LA-10002945","Office Supplies","Labels","Permanent Self-Adhesive File Folder Labels for Typewriters, 1 1/8 x 3 1/2, White","55.44","11","0.2","18.017999999999997","No"
"1","1253","US-2023-122931","2023-09-29","2023-10-03","Standard Class","SM-20950","Suzanne McNair","Corporate","United States","Philadelphia","Pennsylvania","19134","East","OFF-PA-10000533","Office Supplies","Paper","Southworth Parchment Paper & Envelopes","20.928","4","0.2","6.8016","No"
"1","1254","US-2023-124856","2023-09-29","2023-10-03","Second Class","LD-17005","Lisa DeCherney","Consumer","United States","New York City","New York","10011","East","OFF-PA-10001289","Office Supplies","Paper","White Computer Printout Paper by Universal","77.52","2","0.0","37.9848","No"
"1","1255","US-2023-146969","2023-09-29","2023-10-03","Standard Class","AP-10915","Arthur Prichep","Consumer","United States","Los Angeles","California","90045","West","OFF-PA-10002105","Office Supplies","Paper","Xerox 223","6.48","1","0.0","3.1104000000000003","No"
"1","1256","US-2023-111962","2023-09-29","2023-10-04","Standard Class","EB-14170","Evan Bailliet","Consumer","United States","Seattle","Washington","98115","West","OFF-ST-10000046","Office Supplies","Storage","Fellowes Super Stor/Drawer Files","807.75","5","0.0","153.47250000000005","No"
"1","1257","US-2023-124856","2023-09-29","2023-10-03","Second Class","LD-17005","Lisa DeCherney","Consumer","United States","New York City","New York","10011","East","OFF-ST-10002615","Office Supplies","Storage","Dual Level, Single-Width Filing Carts","1395.54","9","0.0","362.8404000000001","No"
"1","1258","US-2023-146969","2023-09-29","2023-10-03","Standard Class","AP-10915","Arthur Prichep","Consumer","United States","Los Angeles","California","90045","West","OFF-ST-10004340","Office Supplies","Storage","Fellowes Mobile File Cart, Black","62.18","1","0.0","16.788600000000002","No"
"1","1259","US-2023-122931","2023-09-29","2023-10-03","Standard Class","SM-20950","Suzanne McNair","Corporate","United States","Philadelphia","Pennsylvania","19134","East","OFF-ST-10004459","Office Supplies","Storage","Tennsco Single-Tier Lockers","1801.632","6","0.2","-337.80600000000004","No"
"1","1260","US-2023-146969","2023-09-29","2023-10-03","Standard Class","AP-10915","Arthur Prichep","Consumer","United States","Los Angeles","California","90045","West","TEC-MA-10004241","Technology","Machines","Star Micronics TSP800 TSP847IIU Receipt Printer","686.32","2","0.2","223.05399999999997","No"
"1","1261","US-2023-159478","2023-09-30","2023-10-06","Standard Class","MH-17785","Maya Herman","Corporate","United States","New York City","New York","10035","East","FUR-FU-10000221","Furniture","Furnishings","Master Caster Door Stop, Brown","15.24","3","0.0","5.1815999999999995","No"
"1","1262","US-2023-140886","2023-09-30","2023-10-04","Standard Class","KW-16570","Kelly Williams","Consumer","United States","Clarksville","Tennessee","37042","South","OFF-AP-10000696","Office Supplies","Appliances","Holmes Odor Grabber","69.21600000000001","6","0.2","11.247599999999997","No"
"1","1263","US-2023-141649","2023-09-30","2023-09-30","Same Day","DM-12955","Dario Medina","Corporate","United States","Fairfield","Ohio","45014","East","OFF-AP-10003217","Office Supplies","Appliances","Eureka Sanitaire  Commercial Upright","795.4080000000001","6","0.2","59.65559999999999","No"
"1","1264","US-2023-137351","2023-09-30","2023-10-04","Standard Class","DB-13615","Doug Bickford","Consumer","United States","Seattle","Washington","98105","West","OFF-BI-10003910","Office Supplies","Binders","DXL Angle-View Binders with Locking Rings by Samsill","43.176","7","0.2","13.4925","No"
"1","1265","US-2023-102008","2023-09-30","2023-10-04","Standard Class","RA-19915","Russell Applegate","Consumer","United States","New York City","New York","10011","East","OFF-PA-10004092","Office Supplies","Paper","Tops Green Bar Computer Printout Paper","48.94","1","0.0","24.47","No"
"1","1266","US-2023-167633","2023-09-30","2023-10-05","Standard Class","BW-11200","Ben Wallace","Consumer","United States","Boynton Beach","Florida","33437","South","OFF-PA-10004888","Office Supplies","Paper","Xerox 217","15.552000000000003","3","0.2","5.4432","No"
"1","1267","US-2023-132745","2023-10-01","2023-10-05","Standard Class","NF-18475","Neil Französisch","Home Office","United States","Reno","Nevada","89502","West","OFF-FA-10000254","Office Supplies","Fasteners","Sterling Rubber Bands by Alliance","4.71","1","0.0","0.0","No"
"1","1268","US-2023-108189","2023-10-02","2023-10-05","First Class","ES-14080","Erin Smith","Corporate","United States","Tempe","Arizona","85281","West","OFF-EN-10004846","Office Supplies","Envelopes","Letter or Legal Size Expandable Poly String Tie Envelopes","12.768","6","0.2","4.628400000000001","No"
"1","1269","US-2023-108189","2023-10-02","2023-10-05","First Class","ES-14080","Erin Smith","Corporate","United States","Tempe","Arizona","85281","West","OFF-FA-10000735","Office Supplies","Fasteners","Staples","4.672","2","0.2","1.4599999999999995","No"
"1","1270","US-2023-108189","2023-10-02","2023-10-05","First Class","ES-14080","Erin Smith","Corporate","United States","Tempe","Arizona","85281","West","OFF-PA-10001838","Office Supplies","Paper","Adams Telephone Message Book W/Dividers/Space For Phone Numbers, 5 1/4""X8 1/2"", 300/Messages","9.408","2","0.2","3.4103999999999997","No"
"1","1271","US-2023-108189","2023-10-02","2023-10-05","First Class","ES-14080","Erin Smith","Corporate","United States","Tempe","Arizona","85281","West","OFF-SU-10003567","Office Supplies","Supplies","Stiletto Hand Letter Openers","15.36","2","0.2","-3.2639999999999993","No"
"1","1272","US-2023-108189","2023-10-02","2023-10-05","First Class","ES-14080","Erin Smith","Corporate","United States","Tempe","Arizona","85281","West","TEC-AC-10003038","Technology","Accessories","Kingston Digital DataTraveler 16GB USB 2.0","7.16","1","0.2","-0.089500000000001","No"
"1","1273","US-2023-108189","2023-10-02","2023-10-05","First Class","ES-14080","Erin Smith","Corporate","United States","Tempe","Arizona","85281","West","TEC-PH-10001557","Technology","Phones","Pyle PMP37LED","230.376","3","0.2","20.15789999999999","No"
"1","1274","US-2023-108189","2023-10-02","2023-10-05","First Class","ES-14080","Erin Smith","Corporate","United States","Tempe","Arizona","85281","West","TEC-PH-10001760","Technology","Phones","Bose SoundLink Bluetooth Speaker","318.40000000000003","2","0.2","107.46","No"
"1","1275","US-2023-157882","2023-10-03","2023-10-08","Second Class","AR-10405","Allen Rosenblatt","Corporate","United States","Los Angeles","California","90036","West","FUR-CH-10002774","Furniture","Chairs","Global Deluxe Stacking Chair, Gray","122.352","3","0.2","13.764599999999994","No"
"1","1276","US-2023-153976","2023-10-03","2023-10-08","Second Class","BP-11290","Beth Paige","Consumer","United States","Evanston","Illinois","60201","Central","FUR-CH-10002880","Furniture","Chairs","Global High-Back Leather Tilter, Burgundy","258.279","3","0.3","-70.10430000000002","No"
"1","1277","US-2023-120775","2023-10-03","2023-10-07","Standard Class","RD-19930","Russell D'Ascenzo","Consumer","United States","Dallas","Texas","75217","Central","FUR-FU-10000758","Furniture","Furnishings","DAX Natural Wood-Tone Poster Frame","31.776000000000003","3","0.6","-19.065600000000007","No"
"1","1278","US-2023-157882","2023-10-03","2023-10-08","Second Class","AR-10405","Allen Rosenblatt","Corporate","United States","Los Angeles","California","90036","West","FUR-TA-10001866","Furniture","Tables","Bevis Round Conference Room Tables and Bases","143.432","1","0.2","3.5857999999999848","No"
"1","1279","US-2023-155817","2023-10-03","2023-10-09","Standard Class","SL-20155","Sara Luxemburg","Home Office","United States","Durham","North Carolina","27707","South","OFF-AR-10002335","Office Supplies","Art","DIXON Oriole Pencils","6.192","3","0.2","0.4644000000000003","No"
"1","1280","US-2023-108903","2023-10-03","2023-10-03","Same Day","DO-13435","Denny Ordway","Consumer","United States","Columbus","Ohio","43229","East","OFF-AR-10004010","Office Supplies","Art","Hunt Boston Vacuum Mount KS Pencil Sharpener","55.98400000000001","2","0.2","4.1987999999999985","No"
"1","1281","US-2023-120775","2023-10-03","2023-10-07","Standard Class","RD-19930","Russell D'Ascenzo","Consumer","United States","Dallas","Texas","75217","Central","OFF-BI-10002609","Office Supplies","Binders","Avery Hidden Tab Dividers for Binding Systems","1.7879999999999996","3","0.8","-3.0396","No"
"1","1282","US-2023-108903","2023-10-03","2023-10-03","Same Day","DO-13435","Denny Ordway","Consumer","United States","Columbus","Ohio","43229","East","OFF-EN-10004030","Office Supplies","Envelopes","Convenience Packs of Business Envelopes","14.480000000000002","5","0.2","4.886999999999999","No"
"1","1283","US-2023-120775","2023-10-03","2023-10-07","Standard Class","RD-19930","Russell D'Ascenzo","Consumer","United States","Dallas","Texas","75217","Central","OFF-FA-10000254","Office Supplies","Fasteners","Sterling Rubber Bands by Alliance","15.072","4","0.2","-3.768","No"
"1","1284","US-2023-120775","2023-10-03","2023-10-07","Standard Class","RD-19930","Russell D'Ascenzo","Consumer","United States","Dallas","Texas","75217","Central","OFF-FA-10002676","Office Supplies","Fasteners","Colored Push Pins","4.344","3","0.2","0.8687999999999998","No"
"1","1285","US-2023-120775","2023-10-03","2023-10-07","Standard Class","RD-19930","Russell D'Ascenzo","Consumer","United States","Dallas","Texas","75217","Central","OFF-LA-10002271","Office Supplies","Labels","Smead Alpha-Z Color-Coded Second Alphabetical Labels and Starter Set","4.928000000000001","2","0.2","1.7247999999999997","No"
"1","1286","US-2023-155817","2023-10-03","2023-10-09","Standard Class","SL-20155","Sara Luxemburg","Home Office","United States","Durham","North Carolina","27707","South","OFF-ST-10000532","Office Supplies","Storage","Advantus Rolling Drawer Organizers","61.568","2","0.2","4.6175999999999995","No"
"1","1287","US-2023-108903","2023-10-03","2023-10-03","Same Day","DO-13435","Denny Ordway","Consumer","United States","Columbus","Ohio","43229","East","TEC-AC-10003023","Technology","Accessories","Logitech G105 Gaming Keyboard","142.488","3","0.2","-3.5622000000000043","No"
"1","1288","US-2023-166891","2023-10-04","2023-10-06","First Class","CC-12220","Chris Cortes","Consumer","United States","New York City","New York","10024","East","FUR-CH-10003298","Furniture","Chairs","Office Star - Contemporary Task Swivel chair with Loop Arms, Charcoal","589.41","5","0.1","-6.549000000000049","No"
"1","1289","US-2023-153479","2023-10-04","2023-10-08","Standard Class","DF-13135","David Flashing","Consumer","United States","Vallejo","California","94591","West","OFF-BI-10002867","Office Supplies","Binders","GBC Recycled Regency Composition Covers","95.648","2","0.2","31.08559999999999","No"
"1","1290","US-2023-102085","2023-10-04","2023-10-09","Standard Class","JD-16015","Joy Daniels","Consumer","United States","Seattle","Washington","98115","West","OFF-LA-10002475","Office Supplies","Labels","Avery 519","29.24","4","0.0","13.7428","No"
"1","1291","US-2023-153479","2023-10-04","2023-10-08","Standard Class","DF-13135","David Flashing","Consumer","United States","Vallejo","California","94591","West","OFF-LA-10004689","Office Supplies","Labels","Avery 512","14.45","5","0.0","6.7915","No"
"1","1292","US-2023-152422","2023-10-05","2023-10-10","Second Class","BD-11635","Brian Derr","Consumer","United States","Columbus","Ohio","43229","East","OFF-AP-10002892","Office Supplies","Appliances","Belkin F5C206VTEL 6 Outlet Surge","91.92","5","0.2","11.489999999999991","No"
"1","1293","US-2023-152233","2023-10-05","2023-10-06","First Class","KH-16510","Keith Herrera","Consumer","United States","Pomona","California","91767","West","TEC-AC-10002800","Technology","Accessories","Plantronics Audio 478 Stereo USB Headset","99.98","2","0.0","34.992999999999995","No"
"1","1294","CA-2023-131807","2023-10-05","2023-10-10","Standard Class","GG-14650","Greg Guthrie","Corporate","Canada","Calgary","Alberta","T1Y","West","FUR-CH-10001190","Furniture","Chairs","Global Deluxe High-Back Office Chair in Storm","435.17","4","0.2","-59.84","No"
"1","1295","CA-2023-131807","2023-10-05","2023-10-10","Standard Class","GG-14650","Greg Guthrie","Corporate","Canada","Edmonton","Alberta","T5A","West","FUR-FU-10004666","Furniture","Furnishings","DAX Clear Channel Poster Frame","72.9","5","0.0","26.97","No"
"1","1296","CA-2023-131807","2023-10-05","2023-10-10","Standard Class","GG-14650","Greg Guthrie","Corporate","Canada","Edmonton","Alberta","T5A","West","FUR-TA-10004086","Furniture","Tables","KI Adjustable-Height Table","206.35","3","0.2","5.16","No"
"1","1297","CA-2023-131807","2023-10-05","2023-10-10","Standard Class","GG-14650","Greg Guthrie","Corporate","Canada","Edmonton","Alberta","T5A","West","OFF-AP-10004052","Office Supplies","Appliances","Hoover Replacement Belts For Soft Guard & Commercial Ltweight Upright Vacs, 2/Pk","15.8","4","0.0","4.11","No"
"1","1298","CA-2023-131807","2023-10-05","2023-10-10","Standard Class","GG-14650","Greg Guthrie","Corporate","Canada","Calgary","Alberta","T1Y","West","OFF-FA-10002780","Office Supplies","Fasteners","Staples","14.9","5","0.0","6.85","No"
"1","1299","CA-2023-131807","2023-10-05","2023-10-10","Standard Class","GG-14650","Greg Guthrie","Corporate","Canada","Edmonton","Alberta","T5A","West","TEC-PH-10000702","Technology","Phones","Square Credit Card Reader, 4 1/2"" x 4 1/2"" x 1"", White","7.99","1","0.2","2.7","No"
"1","1300","US-2023-132542","2023-10-06","2023-10-08","Second Class","AM-10360","Alice McCarthy","Corporate","United States","Omaha","Nebraska","68104","Central","OFF-BI-10004099","Office Supplies","Binders","GBC VeloBinder Strips","15.36","2","0.0","7.68","No"
"1","1301","US-2023-110611","2023-10-06","2023-10-13","Standard Class","JD-16015","Joy Daniels","Consumer","United States","Philadelphia","Pennsylvania","19120","East","OFF-ST-10000642","Office Supplies","Storage","Tennsco Lockers, Gray","83.92000000000002","5","0.2","-13.637000000000011","No"
"1","1302","US-2023-109680","2023-10-06","2023-10-09","First Class","VP-21760","Victoria Pisteka","Corporate","United States","Indianapolis","Indiana","46203","Central","OFF-ST-10001932","Office Supplies","Storage","Fellowes Staxonsteel Drawer Files","386.34","2","0.0","54.08760000000001","No"
"1","1303","US-2023-134677","2023-10-06","2023-10-10","Standard Class","XP-21865","Xylona Preis","Consumer","United States","San Diego","California","92024","West","TEC-AC-10001445","Technology","Accessories","Imation USB 2.0 Swivel Flash Drive USB flash drive - 4 GB - Pink","9.09","3","0.0","1.9088999999999996","No"
"1","1304","US-2023-117429","2023-10-07","2023-10-13","Standard Class","MR-17545","Mathew Reese","Home Office","United States","Philadelphia","Pennsylvania","19140","East","FUR-FU-10000222","Furniture","Furnishings","Seth Thomas 16"" Steel Case Clock","129.92","5","0.2","21.112","No"
"1","1305","US-2023-132801","2023-10-07","2023-10-12","Standard Class","JG-15805","John Grady","Corporate","United States","Dallas","Texas","75217","Central","OFF-ST-10001228","Office Supplies","Storage","Fellowes Personal Hanging Folder Files, Navy","107.44","10","0.2","10.744000000000009","No"
"1","1306","US-2023-119977","2023-10-08","2023-10-13","Second Class","DN-13690","Duane Noonan","Consumer","United States","New York City","New York","10011","East","OFF-PA-10003823","Office Supplies","Paper","Xerox 197","123.92","4","0.0","55.764","No"
"1","1307","US-2023-142951","2023-10-08","2023-10-08","Same Day","JG-15115","Jack Garza","Consumer","United States","Charlotte","North Carolina","28205","South","TEC-AC-10002331","Technology","Accessories","Maxell 74 Minute CDR, 10/Pack","23.472","3","0.2","4.987799999999998","No"
"1","1308","US-2023-138240","2023-10-09","2023-10-14","Standard Class","SJ-20500","Shirley Jackson","Consumer","United States","San Francisco","California","94122","West","OFF-AR-10002135","Office Supplies","Art","Boston Heavy-Duty Trimline Electric Pencil Sharpeners","144.60000000000002","3","0.0","41.93399999999998","No"
"1","1309","US-2023-137911","2023-10-09","2023-10-15","Standard Class","BP-11095","Bart Pistole","Corporate","United States","Jacksonville","North Carolina","28540","South","OFF-PA-10004071","Office Supplies","Paper","Eaton Premium Continuous-Feed Paper, 25% Cotton, Letter Size, White, 1000 Shts/Box","88.768","2","0.2","31.068799999999996","No"
"1","1310","US-2023-138240","2023-10-09","2023-10-14","Standard Class","SJ-20500","Shirley Jackson","Consumer","United States","San Francisco","California","94122","West","TEC-PH-10002583","Technology","Phones","iOttie HLCRIO102 Car Mount","15.992","1","0.2","-2.998500000000002","No"
"1","1311","US-2023-140403","2023-10-10","2023-10-10","Same Day","TN-21040","Tanja Norvell","Home Office","United States","Manteca","California","95336","West","FUR-CH-10002774","Furniture","Chairs","Global Deluxe Stacking Chair, Gray","122.352","3","0.2","13.764599999999994","No"
"1","1312","US-2023-150329","2023-10-10","2023-10-14","Standard Class","SD-20485","Shirley Daniels","Home Office","United States","Phoenix","Arizona","85023","West","FUR-FU-10003724","Furniture","Furnishings","Westinghouse Clip-On Gooseneck Lamps","46.872","7","0.2","3.515399999999998","No"
"1","1313","US-2023-134054","2023-10-10","2023-10-10","Same Day","FC-14335","Fred Chung","Corporate","United States","Albuquerque","New Mexico","87105","West","OFF-AR-10000937","Office Supplies","Art","Dixon Ticonderoga Core-Lock Colored Pencils, 48-Color Set","255.84999999999997","7","0.0","112.574","No"
"1","1314","US-2023-105137","2023-10-10","2023-10-10","Same Day","RB-19435","Richard Bierner","Consumer","United States","Columbus","Ohio","43229","East","OFF-BI-10002429","Office Supplies","Binders","Premier Elliptical Ring Binder, Black","18.264000000000003","2","0.7","-13.3936","Yes"
"1","1315","US-2023-103492","2023-10-10","2023-10-15","Standard Class","CM-12715","Craig Molinari","Corporate","United States","Huntsville","Texas","77340","Central","OFF-BI-10004140","Office Supplies","Binders","Avery Non-Stick Binders","0.8979999999999998","1","0.8","-1.5715000000000008","No"
"1","1316","US-2023-103492","2023-10-10","2023-10-15","Standard Class","CM-12715","Craig Molinari","Corporate","United States","Huntsville","Texas","77340","Central","OFF-BI-10004817","Office Supplies","Binders","GBC Personal VeloBind Strips","11.979999999999997","5","0.8","-19.16800000000001","No"
"1","1317","US-2023-140403","2023-10-10","2023-10-10","Same Day","TN-21040","Tanja Norvell","Home Office","United States","Manteca","California","95336","West","OFF-EN-10001219","Office Supplies","Envelopes","#10- 4 1/8"" x 9 1/2"" Security-Tint Envelopes","15.28","2","0.0","7.4872","No"
"1","1318","US-2023-105137","2023-10-10","2023-10-10","Same Day","RB-19435","Richard Bierner","Consumer","United States","Columbus","Ohio","43229","East","TEC-MA-10002694","Technology","Machines","Hewlett-Packard Deskjet F4180 All-in-One Color Ink-jet - Printer / copier / scanner","101.994","2","0.7","-71.39579999999998","Yes"
"1","1319","US-2023-103492","2023-10-10","2023-10-15","Standard Class","CM-12715","Craig Molinari","Corporate","United States","Huntsville","Texas","77340","Central","TEC-PH-10001128","Technology","Phones","Motorola Droid Maxx","719.9520000000001","6","0.2","71.99520000000001","No"
"1","1320","US-2023-103492","2023-10-10","2023-10-15","Standard Class","CM-12715","Craig Molinari","Corporate","United States","Huntsville","Texas","77340","Central","TEC-PH-10004667","Technology","Phones","Cisco 8x8 Inc. 6753i IP Business Phone System","755.9440000000002","7","0.2","66.14509999999996","No"
"1","1321","US-2023-157924","2023-10-11","2023-10-13","First Class","HA-14920","Helen Andreada","Consumer","United States","Pasadena","California","91104","West","FUR-CH-10000229","Furniture","Chairs","Global Enterprise Series Seating High-Back Swivel/Tilt Chairs","433.568","2","0.2","-65.03520000000005","Yes"
"1","1322","US-2023-116834","2023-10-11","2023-10-16","Standard Class","Dp-13240","Dean percer","Home Office","United States","Seattle","Washington","98115","West","FUR-FU-10001196","Furniture","Furnishings","DAX Cubicle Frames - 8x10","63.47","11","0.0","19.040999999999997","No"
"1","1323","US-2023-114314","2023-10-11","2023-10-15","Standard Class","DB-13555","Dorothy Badders","Corporate","United States","Fayetteville","Arkansas","72701","South","FUR-FU-10002107","Furniture","Furnishings","Eldon Pizzaz Desk Accessories","8.92","4","0.0","3.9248","No"
"1","1324","US-2023-128538","2023-10-11","2023-10-15","Standard Class","AS-10240","Alan Shonely","Consumer","United States","Redondo Beach","California","90278","West","OFF-EN-10001219","Office Supplies","Envelopes","#10- 4 1/8"" x 9 1/2"" Security-Tint Envelopes","7.64","1","0.0","3.7436","No"
"1","1325","US-2023-126571","2023-10-11","2023-10-15","Standard Class","JF-15565","Jill Fjeld","Consumer","United States","Philadelphia","Pennsylvania","19120","East","OFF-EN-10002230","Office Supplies","Envelopes","Airmail Envelopes","201.432","3","0.2","67.98329999999999","No"
"1","1326","US-2023-114314","2023-10-11","2023-10-15","Standard Class","DB-13555","Dorothy Badders","Corporate","United States","Fayetteville","Arkansas","72701","South","OFF-LA-10000240","Office Supplies","Labels","Self-Adhesive Address Labels for Typewriters by Universal","7.31","1","0.0","3.4357","No"
"1","1327","US-2023-157924","2023-10-11","2023-10-13","First Class","HA-14920","Helen Andreada","Consumer","United States","Pasadena","California","91104","West","OFF-ST-10002352","Office Supplies","Storage","Iris Project Case","31.92","4","0.0","8.299199999999999","Yes"
"1","1328","US-2023-126571","2023-10-11","2023-10-15","Standard Class","JF-15565","Jill Fjeld","Consumer","United States","Philadelphia","Pennsylvania","19120","East","OFF-ST-10003816","Office Supplies","Storage","Fellowes High-Stak Drawer Files","281.904","2","0.2","10.571399999999985","No"
"1","1329","US-2023-116834","2023-10-11","2023-10-16","Standard Class","Dp-13240","Dean percer","Home Office","United States","Seattle","Washington","98115","West","TEC-AC-10002942","Technology","Accessories","WD My Passport Ultra 1TB Portable External Hard Drive","345.0","5","0.0","58.649999999999984","No"
"1","1330","US-2023-139451","2023-10-12","2023-10-16","Standard Class","DN-13690","Duane Noonan","Consumer","United States","San Francisco","California","94122","West","OFF-AR-10002053","Office Supplies","Art","Premium Writing Pencils, Soft, #2 by Central Association for the Blind","14.9","5","0.0","4.172000000000001","No"
"1","1331","US-2023-139451","2023-10-12","2023-10-16","Standard Class","DN-13690","Duane Noonan","Consumer","United States","San Francisco","California","94122","West","OFF-ST-10002370","Office Supplies","Storage","Sortfiler Multipurpose Personal File Organizer, Black","21.39","1","0.0","6.203099999999999","No"
"1","1332","US-2023-154655","2023-10-12","2023-10-17","Standard Class","BP-11050","Barry Pond","Corporate","United States","Chicago","Illinois","60623","Central","OFF-SU-10000898","Office Supplies","Supplies","Acme Hot Forged Carbon Steel Scissors with Nickel-Plated Handles, 3 7/8"" Cut, 8""L","22.24","2","0.2","2.501999999999997","No"
"1","1333","US-2023-164742","2023-10-13","2023-10-18","Second Class","ML-17395","Marina Lichtenstein","Corporate","United States","Lakewood","New Jersey","8701","East","FUR-CH-10002880","Furniture","Chairs","Global High-Back Leather Tilter, Burgundy","245.98","2","0.0","27.057799999999983","No"
"1","1334","US-2023-151995","2023-10-13","2023-10-15","First Class","ZC-21910","Zuschuss Carroll","Consumer","United States","Edmonds","Washington","98026","West","FUR-TA-10002903","Furniture","Tables","Bevis Round Bullnose 29"" High Table Top","1298.55","5","0.0","311.652","No"
"1","1335","US-2023-151995","2023-10-13","2023-10-15","First Class","ZC-21910","Zuschuss Carroll","Consumer","United States","Edmonds","Washington","98026","West","OFF-AP-10000240","Office Supplies","Appliances","Belkin F9G930V10-GRY 9 Outlet Surge","213.92","4","0.0","62.03679999999997","No"
"1","1336","US-2023-151995","2023-10-13","2023-10-15","First Class","ZC-21910","Zuschuss Carroll","Consumer","United States","Edmonds","Washington","98026","West","OFF-AR-10003190","Office Supplies","Art","Newell 32","11.52","4","0.0","3.2256","No"
"1","1337","US-2023-132010","2023-10-13","2023-10-15","First Class","MA-17995","Michelle Arnett","Home Office","United States","Richmond","Virginia","23223","South","OFF-BI-10002432","Office Supplies","Binders","Wilson Jones Standard D-Ring Binders","15.18","3","0.0","7.134599999999999","No"
"1","1338","US-2023-123316","2023-10-13","2023-10-17","Standard Class","SP-20545","Sibella Parks","Corporate","United States","Mount Vernon","New York","10550","East","OFF-BI-10002764","Office Supplies","Binders","Recycled Pressboard Report Cover with Reinforced Top Hinge","7.752000000000001","3","0.2","2.8101","No"
"1","1339","US-2023-164742","2023-10-13","2023-10-18","Second Class","ML-17395","Marina Lichtenstein","Corporate","United States","Lakewood","New Jersey","8701","East","OFF-BI-10004738","Office Supplies","Binders","Flexible Leather- Look Classic Collection Ring Binder","18.94","1","0.0","9.47","No"
"1","1340","US-2023-132010","2023-10-13","2023-10-15","First Class","MA-17995","Michelle Arnett","Home Office","United States","Richmond","Virginia","23223","South","OFF-EN-10003160","Office Supplies","Envelopes","Pastel Pink Envelopes","36.4","5","0.0","17.472","No"
"1","1341","US-2023-132010","2023-10-13","2023-10-15","First Class","MA-17995","Michelle Arnett","Home Office","United States","Richmond","Virginia","23223","South","OFF-ST-10003641","Office Supplies","Storage","Space Solutions Industrial Galvanized Steel Shelving.","315.2","4","0.0","6.3040000000000305","No"
"1","1342","US-2023-151995","2023-10-13","2023-10-15","First Class","ZC-21910","Zuschuss Carroll","Consumer","United States","Edmonds","Washington","98026","West","TEC-AC-10001101","Technology","Accessories","Sony 16GB Class 10 Micro SDHC R40 Memory Card","25.78","2","0.0","2.5779999999999994","No"
"1","1343","US-2023-132010","2023-10-13","2023-10-15","First Class","MA-17995","Michelle Arnett","Home Office","United States","Richmond","Virginia","23223","South","TEC-AC-10001542","Technology","Accessories","SanDisk Cruzer 16 GB USB Flash Drive","22.96","2","0.0","4.362399999999997","No"
"1","1344","US-2023-151330","2023-10-14","2023-10-17","First Class","TC-21295","Toby Carlisle","Consumer","United States","Everett","Massachusetts","2149","East","FUR-CH-10000749","Furniture","Chairs","Office Star - Ergonomic Mid Back Chair with 2-Way Adjustable Arms","1628.82","9","0.0","260.61120000000017","No"
"1","1345","US-2023-163748","2023-10-14","2023-10-18","Standard Class","HG-15025","Hunter Glantz","Consumer","United States","Fort Worth","Texas","76106","Central","OFF-AP-10004052","Office Supplies","Appliances","Hoover Replacement Belts For Soft Guard & Commercial Ltweight Upright Vacs, 2/Pk","3.1599999999999993","4","0.8","-8.532","No"
"1","1346","US-2023-151015","2023-10-14","2023-10-20","Standard Class","BD-11500","Bradley Drucker","Consumer","United States","Chicago","Illinois","60653","Central","OFF-BI-10000343","Office Supplies","Binders","Pressboard Covers with Storage Hooks, 9 1/2"" x 11"", Light Blue","2.9459999999999993","3","0.8","-4.860900000000001","No"
"1","1347","US-2023-146353","2023-10-14","2023-10-16","Second Class","JE-15610","Jim Epp","Corporate","United States","Concord","New Hampshire","3301","East","OFF-BI-10003476","Office Supplies","Binders","Avery Metallic Poly Binders","22.92","4","0.0","11.0016","No"
"1","1348","US-2023-151015","2023-10-14","2023-10-20","Standard Class","BD-11500","Bradley Drucker","Consumer","United States","Chicago","Illinois","60653","Central","OFF-PA-10001184","Office Supplies","Paper","Xerox 1903","19.136000000000003","4","0.2","6.9368","No"
"1","1349","US-2023-151015","2023-10-14","2023-10-20","Standard Class","BD-11500","Bradley Drucker","Consumer","United States","Chicago","Illinois","60653","Central","OFF-PA-10002581","Office Supplies","Paper","Xerox 1951","322.192","13","0.2","100.68499999999996","No"
"1","1350","US-2023-151330","2023-10-14","2023-10-17","First Class","TC-21295","Toby Carlisle","Consumer","United States","Everett","Massachusetts","2149","East","OFF-ST-10000615","Office Supplies","Storage","SimpliFile Personal File, Black Granite, 15w x 6-15/16d x 11-1/4h","79.45","7","0.0","22.24600000000001","No"
"1","1351","US-2023-146353","2023-10-14","2023-10-16","Second Class","JE-15610","Jim Epp","Corporate","United States","Concord","New Hampshire","3301","East","OFF-ST-10001469","Office Supplies","Storage","Fellowes Bankers Box Recycled Super Stor/Drawer","269.9","5","0.0","16.19399999999999","No"
"1","1352","US-2023-151330","2023-10-14","2023-10-17","First Class","TC-21295","Toby Carlisle","Consumer","United States","Everett","Massachusetts","2149","East","TEC-AC-10000865","Technology","Accessories","WD My Passport Ultra 500GB Portable External Hard Drive","177.0","3","0.0","30.089999999999986","No"
"1","1353","US-2023-163748","2023-10-14","2023-10-18","Standard Class","HG-15025","Hunter Glantz","Consumer","United States","Fort Worth","Texas","76106","Central","TEC-CO-10002095","Technology","Copiers","Hewlett Packard 610 Color Digital Copier / Printer","1999.96","5","0.2","624.9875","No"
"1","1354","US-2023-122021","2023-10-15","2023-10-17","First Class","AC-10660","Anna Chung","Consumer","United States","Parma","Ohio","44134","East","FUR-CH-10003761","Furniture","Chairs","Global Italian Leather Office Chair","183.372","2","0.3","-7.858800000000002","No"
"1","1355","US-2023-143182","2023-10-15","2023-10-20","Standard Class","DL-12865","Dan Lawera","Consumer","United States","Hialeah","Florida","33012","South","FUR-FU-10004270","Furniture","Furnishings","Executive Impressions 13"" Clairmont Wall Clock","15.384","1","0.2","4.038300000000001","No"
"1","1356","US-2023-122021","2023-10-15","2023-10-17","First Class","AC-10660","Anna Chung","Consumer","United States","Parma","Ohio","44134","East","OFF-PA-10002230","Office Supplies","Paper","Xerox 1897","7.968000000000001","2","0.2","2.8884000000000007","No"
"1","1357","US-2023-109456","2023-10-16","2023-10-17","Same Day","LS-17245","Lynn Smith","Consumer","United States","San Francisco","California","94110","West","OFF-BI-10000136","Office Supplies","Binders","Avery Non-Stick Heavy Duty View Round Locking Ring Binders","14.352000000000002","3","0.2","5.023199999999999","No"
"1","1358","US-2023-109456","2023-10-16","2023-10-17","Same Day","LS-17245","Lynn Smith","Consumer","United States","San Francisco","California","94110","West","TEC-AC-10003610","Technology","Accessories","Logitech Illuminated - Keyboard","179.97","3","0.0","86.38560000000001","No"
"1","1359","US-2023-103086","2023-10-17","2023-10-19","Second Class","EB-14170","Evan Bailliet","Consumer","United States","Houston","Texas","77095","Central","FUR-FU-10004586","Furniture","Furnishings","G.E. Longer-Life Indoor Recessed Floodlight Bulbs","5.312","2","0.6","-1.5935999999999997","No"
"1","1360","US-2023-124394","2023-10-17","2023-10-22","Second Class","TB-21520","Tracy Blumstein","Consumer","United States","Beaumont","Texas","77705","Central","OFF-BI-10003676","Office Supplies","Binders","GBC Standard Recycled Report Covers, Clear Plastic Sheets","10.779999999999996","5","0.8","-17.248000000000008","No"
"1","1361","US-2023-124394","2023-10-17","2023-10-22","Second Class","TB-21520","Tracy Blumstein","Consumer","United States","Beaumont","Texas","77705","Central","TEC-AC-10001314","Technology","Accessories","Case Logic 2.4GHz Wireless Keyboard","119.976","3","0.2","-17.99640000000002","No"
"1","1362","US-2023-110408","2023-10-18","2023-10-20","Second Class","AS-10225","Alan Schoenberger","Corporate","United States","Montgomery","Alabama","36116","South","FUR-CH-10003774","Furniture","Chairs","Global Wood Trimmed Manager's Task Chair, Khaki","545.88","6","0.0","70.96439999999998","No"
"1","1363","US-2023-115084","2023-10-18","2023-10-22","Standard Class","LS-17200","Luke Schmidt","Corporate","United States","Texarkana","Arkansas","71854","South","FUR-CH-10004626","Furniture","Chairs","Office Star Flex Back Scooter Chair with Aluminum Finish Frame","605.34","6","0.0","145.2816","No"
"1","1364","US-2023-143168","2023-10-18","2023-10-23","Second Class","IG-15085","Ivan Gibson","Consumer","United States","Seattle","Washington","98103","West","OFF-BI-10003784","Office Supplies","Binders","Computer Printout Index Tabs","1.344","1","0.2","0.4703999999999999","No"
"1","1365","US-2023-138450","2023-10-18","2023-10-22","Standard Class","EH-13765","Edward Hooks","Corporate","United States","Philadelphia","Pennsylvania","19134","East","OFF-EN-10001335","Office Supplies","Envelopes","White Business Envelopes with Contemporary Seam, Recycled White Business Envelopes","52.512","6","0.2","19.692","No"
"1","1366","US-2023-143168","2023-10-18","2023-10-23","Second Class","IG-15085","Ivan Gibson","Consumer","United States","Seattle","Washington","98103","West","OFF-PA-10000167","Office Supplies","Paper","Xerox 1925","61.96","2","0.0","27.882","No"
"1","1367","US-2023-138450","2023-10-18","2023-10-22","Standard Class","EH-13765","Edward Hooks","Corporate","United States","Philadelphia","Pennsylvania","19134","East","OFF-PA-10003016","Office Supplies","Paper","Adams ""While You Were Out"" Message Pads","10.048000000000002","4","0.2","3.139999999999999","No"
"1","1368","US-2023-110408","2023-10-18","2023-10-20","Second Class","AS-10225","Alan Schoenberger","Corporate","United States","Montgomery","Alabama","36116","South","OFF-ST-10001522","Office Supplies","Storage","Gould Plastics 18-Pocket Panel Bin, 34w x 5-1/4d x 20-1/2h","275.96999999999997","3","0.0","11.03879999999998","No"
"1","1369","US-2023-138450","2023-10-18","2023-10-22","Standard Class","EH-13765","Edward Hooks","Corporate","United States","Philadelphia","Pennsylvania","19134","East","OFF-ST-10003479","Office Supplies","Storage","Eldon Base for stackable storage shelf, platinum","186.912","6","0.2","-35.04600000000003","No"
"1","1370","US-2023-110408","2023-10-18","2023-10-20","Second Class","AS-10225","Alan Schoenberger","Corporate","United States","Montgomery","Alabama","36116","South","TEC-PH-10002352","Technology","Phones","Avaya IP Phone 1140E VoIP phone","1394.95","5","0.0","362.6869999999999","No"
"1","1371","US-2023-155264","2023-10-19","2023-10-22","Second Class","RP-19270","Rachel Payne","Corporate","United States","San Francisco","California","94110","West","OFF-BI-10003196","Office Supplies","Binders","Accohide Poly Flexible Ring Binders","2.9920000000000004","1","0.2","1.122","No"
"1","1372","US-2023-155264","2023-10-19","2023-10-22","Second Class","RP-19270","Rachel Payne","Corporate","United States","San Francisco","California","94110","West","OFF-BI-10003727","Office Supplies","Binders","Avery Durable Slant Ring Binders With Label Holder","20.064","6","0.2","7.022399999999999","No"
"1","1373","US-2023-155264","2023-10-19","2023-10-22","Second Class","RP-19270","Rachel Payne","Corporate","United States","San Francisco","California","94110","West","OFF-LA-10002787","Office Supplies","Labels","Avery 480","18.75","5","0.0","9.0","No"
"1","1374","US-2023-155264","2023-10-19","2023-10-22","Second Class","RP-19270","Rachel Payne","Corporate","United States","San Francisco","California","94110","West","OFF-PA-10003228","Office Supplies","Paper","Xerox 1917","146.73","3","0.0","68.9631","No"
"1","1375","US-2023-117317","2023-10-19","2023-10-19","Same Day","JF-15490","Jeremy Farry","Consumer","United States","Los Angeles","California","90032","West","OFF-PA-10004519","Office Supplies","Paper","Spiral Phone Message Books with Labels by Adams","13.44","3","0.0","6.585600000000001","No"
"1","1376","US-2023-155264","2023-10-19","2023-10-22","Second Class","RP-19270","Rachel Payne","Corporate","United States","San Francisco","California","94110","West","TEC-PH-10001305","Technology","Phones","Panasonic KX TS208W Corded phone","117.57600000000002","3","0.2","11.75760000000001","No"
"1","1377","US-2023-100867","2023-10-19","2023-10-24","Standard Class","EH-14125","Eugene Hildebrand","Home Office","United States","Lakewood","California","90712","West","TEC-PH-10004922","Technology","Phones","RCA Visys Integrated PBX 8-Line Router","321.552","6","0.2","20.09700000000001","Yes"
"1","1378","CA-2023-125388","2023-10-19","2023-10-23","Standard Class","MP-17965","Michael Paige","Corporate","Canada","Montreal","Quebec","H1A","East","FUR-FU-10004712","Furniture","Furnishings","Westinghouse Mesh Shade Clip-On Gooseneck Lamp, Black","117.57600000000002","3","0.2","11.75760000000001","No"
"1","1379","CA-2023-125388","2023-10-19","2023-10-23","Standard Class","MP-17965","Michael Paige","Corporate","Canada","Montreal","Quebec","H1A","East","OFF-ST-10000918","Office Supplies","Storage","Crate-A-Files","56.56","4","0.0","14.71","No"
"1","1380","CA-2023-100867","2023-10-19","2023-10-24","Standard Class","EH-14125","Eugene Hildebrand","Home Office","Canada","Vancouver","British Columbia","V6G","West","TEC-PH-10004922","Technology","Phones","RCA Visys Integrated PBX 8-Line Router","32.7","3","0.0","8.5","No"
"1","1381","US-2023-169684","2023-10-20","2023-10-23","First Class","FH-14365","Fred Hopkins","Corporate","United States","Knoxville","Tennessee","37918","South","FUR-TA-10003008","Furniture","Tables","Lesro Round Back Collection Coffee Table, End Table","328.59000000000003","3","0.4","-147.8655","No"
"1","1382","US-2023-137092","2023-10-20","2023-10-22","Second Class","LS-16975","Lindsay Shagiari","Home Office","United States","Chicago","Illinois","60653","Central","OFF-BI-10000632","Office Supplies","Binders","Satellite Sectional Post Binders","8.681999999999997","1","0.8","-14.759400000000005","No"
"1","1383","US-2023-137092","2023-10-20","2023-10-22","Second Class","LS-16975","Lindsay Shagiari","Home Office","United States","Chicago","Illinois","60653","Central","OFF-LA-10003510","Office Supplies","Labels","Avery 4027 File Folder Labels for Dot Matrix Printers, 5000 Labels per Box, White","24.424000000000003","1","0.2","7.9378","No"
"1","1384","US-2023-137092","2023-10-20","2023-10-22","Second Class","LS-16975","Lindsay Shagiari","Home Office","United States","Chicago","Illinois","60653","Central","OFF-PA-10002109","Office Supplies","Paper","Wirebound Voice Message Log Book","3.808","1","0.2","1.2375999999999996","No"
"1","1385","US-2023-169684","2023-10-20","2023-10-23","First Class","FH-14365","Fred Hopkins","Corporate","United States","Knoxville","Tennessee","37918","South","OFF-ST-10000934","Office Supplies","Storage","Contico 72""H Heavy-Duty Storage System","98.352","3","0.2","-24.588","No"
"1","1386","US-2023-146703","2023-10-20","2023-10-25","Second Class","PO-18865","Patrick O'Donnell","Consumer","United States","Westland","Michigan","48185","Central","OFF-ST-10001713","Office Supplies","Storage","Gould Plastics 9-Pocket Panel Bin, 18-3/8w x 5-1/4d x 20-1/2h, Black","211.96","4","0.0","8.478399999999993","No"
"1","1387","US-2023-137092","2023-10-20","2023-10-22","Second Class","LS-16975","Lindsay Shagiari","Home Office","United States","Chicago","Illinois","60653","Central","OFF-ST-10003805","Office Supplies","Storage","24 Capacity Maxi Data Binder Racks, Pearl","505.3200000000001","3","0.2","31.582499999999953","No"
"1","1388","US-2023-137092","2023-10-20","2023-10-22","Second Class","LS-16975","Lindsay Shagiari","Home Office","United States","Chicago","Illinois","60653","Central","TEC-AC-10001606","Technology","Accessories","Logitech Wireless Performance Mouse MX for PC and Mac","319.968","4","0.2","71.9928","No"
"1","1389","US-2023-142587","2023-10-21","2023-10-22","First Class","TB-21520","Tracy Blumstein","Consumer","United States","Fairfield","Ohio","45014","East","FUR-TA-10000617","Furniture","Tables","Hon Practical Foundations 30 x 60 Training Table, Light Gray/Charcoal","409.59","3","0.4","-122.87700000000004","No"
"1","1390","US-2023-100916","2023-10-21","2023-10-26","Standard Class","FH-14275","Frank Hawley","Corporate","United States","Newport News","Virginia","23602","South","FUR-TA-10004607","Furniture","Tables","Hon 2111 Invitation Series Straight Table","591.32","4","0.0","112.3508","No"
"1","1391","US-2023-142587","2023-10-21","2023-10-22","First Class","TB-21520","Tracy Blumstein","Consumer","United States","Fairfield","Ohio","45014","East","OFF-AP-10004708","Office Supplies","Appliances","Fellowes Superior 10 Outlet Split Surge Protector","121.79200000000002","4","0.2","13.701599999999988","No"
"1","1392","US-2023-100916","2023-10-21","2023-10-26","Standard Class","FH-14275","Frank Hawley","Corporate","United States","Newport News","Virginia","23602","South","OFF-AR-10001022","Office Supplies","Art","SANFORD Liquid Accent Tank-Style Highlighters","2.84","1","0.0","0.8803999999999998","No"
"1","1393","US-2023-169852","2023-10-21","2023-10-26","Standard Class","SF-20965","Sylvia Foulston","Corporate","United States","San Diego","California","92024","West","OFF-BI-10001460","Office Supplies","Binders","Plastic Binding Combs","36.36","3","0.2","12.2715","No"
"1","1394","US-2023-100916","2023-10-21","2023-10-26","Standard Class","FH-14275","Frank Hawley","Corporate","United States","Newport News","Virginia","23602","South","OFF-ST-10003479","Office Supplies","Storage","Eldon Base for stackable storage shelf, platinum","194.7","5","0.0","9.734999999999978","No"
"1","1395","US-2023-151967","2023-10-22","2023-10-26","Standard Class","NB-18580","Nicole Brennan","Corporate","United States","Bossier City","Louisiana","71111","South","FUR-FU-10000193","Furniture","Furnishings","Tenex Chairmats For Use with Hard Floors","129.92","4","0.0","10.393599999999992","No"
"1","1396","US-2023-110072","2023-10-22","2023-10-28","Standard Class","MG-17680","Maureen Gastineau","Home Office","United States","Newark","Ohio","43055","East","FUR-FU-10000521","Furniture","Furnishings","Seth Thomas 14"" Putty-Colored Wall Clock","93.888","4","0.2","12.90959999999999","No"
"1","1397","US-2023-130729","2023-10-24","2023-10-29","Standard Class","AA-10375","Allen Armold","Consumer","United States","Rancho Cucamonga","California","91730","West","OFF-BI-10002706","Office Supplies","Binders","Avery Premier Heavy-Duty Binder with Round Locking Rings","34.272","3","0.2","11.1384","No"
"1","1398","US-2023-113047","2023-10-24","2023-10-24","Same Day","AP-10915","Arthur Prichep","Consumer","United States","Rock Hill","South Carolina","29730","South","OFF-FA-10002763","Office Supplies","Fasteners","Advantus Map Pennant Flags and Round Head Tacks","11.85","3","0.0","3.7919999999999994","No"
"1","1399","US-2023-108707","2023-10-24","2023-10-29","Standard Class","DB-12910","Daniel Byrd","Home Office","United States","Fort Lauderdale","Florida","33311","South","OFF-PA-10000788","Office Supplies","Paper","Xerox 210","10.368000000000002","2","0.2","3.6288","No"
"1","1400","US-2023-139542","2023-10-25","2023-10-29","Standard Class","EH-14185","Evan Henry","Consumer","United States","Philadelphia","Pennsylvania","19120","East","OFF-BI-10000309","Office Supplies","Binders","GBC Twin Loop Wire Binding Elements, 9/16"" Spine, Black","13.698000000000002","3","0.7","-9.5886","No"
"1","1401","US-2023-158400","2023-10-25","2023-10-28","First Class","AH-10030","Aaron Hawkins","Corporate","United States","San Francisco","California","94109","West","OFF-BI-10002353","Office Supplies","Binders","GBC VeloBind Cover Sets","49.408","4","0.2","18.528","No"
"1","1402","US-2023-139542","2023-10-25","2023-10-29","Standard Class","EH-14185","Evan Henry","Consumer","United States","Philadelphia","Pennsylvania","19120","East","TEC-AC-10001553","Technology","Accessories","Memorex 25GB 6X Branded Blu-Ray Recordable Disc, 15/Pack","40.776","3","0.2","0.5097000000000005","No"
"1","1403","US-2023-162278","2023-10-26","2023-10-30","Second Class","AH-10585","Angele Hood","Consumer","United States","Seattle","Washington","98105","West","FUR-FU-10000448","Furniture","Furnishings","Tenex Chairmats For Use With Carpeted Floors","63.92","4","0.0","3.195999999999998","No"
"1","1404","US-2023-162278","2023-10-26","2023-10-30","Second Class","AH-10585","Angele Hood","Consumer","United States","Seattle","Washington","98105","West","TEC-PH-10000526","Technology","Phones","Vtech CS6719","383.96","5","0.2","38.396000000000015","No"
"1","1405","US-2023-148285","2023-10-27","2023-11-01","Standard Class","RD-19810","Ross DeVincentis","Home Office","United States","Fayetteville","North Carolina","28314","South","OFF-PA-10000349","Office Supplies","Paper","Easy-staple paper","11.952000000000002","3","0.2","4.0338","No"
"1","1406","US-2023-148285","2023-10-27","2023-11-01","Standard Class","RD-19810","Ross DeVincentis","Home Office","United States","Fayetteville","North Carolina","28314","South","OFF-PA-10001166","Office Supplies","Paper","Xerox 2","10.368000000000002","2","0.2","3.6288","No"
"1","1407","US-2023-101931","2023-10-28","2023-10-31","First Class","TS-21370","Todd Sumrall","Corporate","United States","Los Angeles","California","90049","West","FUR-BO-10001337","Furniture","Bookcases","O'Sullivan Living Dimensions 2-Shelf Bookcases","616.998","6","0.15","-36.294","No"
"1","1408","US-2023-101931","2023-10-28","2023-10-31","First Class","TS-21370","Todd Sumrall","Corporate","United States","Los Angeles","California","90049","West","OFF-BI-10004140","Office Supplies","Binders","Avery Non-Stick Binders","7.184000000000001","2","0.2","2.244999999999999","No"
"1","1409","US-2023-101931","2023-10-28","2023-10-31","First Class","TS-21370","Todd Sumrall","Corporate","United States","Los Angeles","California","90049","West","OFF-ST-10003442","Office Supplies","Storage","Eldon Portable Mobile Manager","141.4","5","0.0","38.178","No"
"1","1410","US-2023-101931","2023-10-28","2023-10-31","First Class","TS-21370","Todd Sumrall","Corporate","United States","Los Angeles","California","90049","West","OFF-SU-10000646","Office Supplies","Supplies","Premier Automatic Letter Opener","480.74","2","0.0","14.422200000000032","No"
"1","1411","US-2023-101931","2023-10-28","2023-10-31","First Class","TS-21370","Todd Sumrall","Corporate","United States","Los Angeles","California","90049","West","OFF-SU-10002301","Office Supplies","Supplies","Serrated Blade or Curved Handle Hand Letter Openers","6.28","2","0.0","0.0628000000000001","No"
"1","1412","US-2023-107769","2023-10-28","2023-11-01","Standard Class","BT-11395","Bill Tyler","Corporate","United States","Garden City","Kansas","67846","Central","TEC-PH-10001336","Technology","Phones","Digium D40 VoIP phone","257.98","2","0.0","74.8142","No"
"1","1413","US-2023-166590","2023-10-29","2023-11-02","Standard Class","NC-18625","Noah Childs","Corporate","United States","Columbus","Indiana","47201","Central","OFF-PA-10000482","Office Supplies","Paper","Snap-A-Way Black Print Carbonless Ruled Speed Letter, Triplicate","75.88","2","0.0","35.663599999999995","No"
"1","1414","US-2023-166590","2023-10-29","2023-11-02","Standard Class","NC-18625","Noah Childs","Corporate","United States","Columbus","Indiana","47201","Central","TEC-AC-10003433","Technology","Accessories","Maxell 4.7GB DVD+R 5/Pack","1.98","2","0.0","0.891","No"
"1","1415","US-2023-154627","2023-10-29","2023-10-31","First Class","SA-20830","Sue Ann Reed","Consumer","United States","Chicago","Illinois","60610","Central","TEC-PH-10001363","Technology","Phones","Apple iPhone 5S","2735.952","6","0.2","341.9939999999997","No"
"1","1416","US-2023-145387","2023-10-31","2023-11-02","Second Class","AM-10705","Anne McFarland","Consumer","United States","Cranston","Rhode Island","2920","East","FUR-CH-10002320","Furniture","Chairs","Hon Pagoda Stacking Chairs","1604.9","5","0.0","481.4699999999999","No"
"1","1417","US-2023-106439","2023-10-31","2023-11-04","Standard Class","GG-14650","Greg Guthrie","Corporate","United States","Los Angeles","California","90049","West","FUR-CH-10003833","Furniture","Chairs","Novimex Fabric Task Chair","146.352","3","0.2","-9.147000000000006","No"
"1","1418","US-2023-145387","2023-10-31","2023-11-02","Second Class","AM-10705","Anne McFarland","Consumer","United States","Cranston","Rhode Island","2920","East","FUR-FU-10000023","Furniture","Furnishings","Eldon Wave Desk Accessories","17.669999999999998","3","0.0","7.774800000000001","No"
"1","1419","US-2023-145387","2023-10-31","2023-11-02","Second Class","AM-10705","Anne McFarland","Consumer","United States","Cranston","Rhode Island","2920","East","FUR-FU-10002364","Furniture","Furnishings","Eldon Expressions Wood Desk Accessories, Oak","14.76","2","0.0","4.280399999999998","No"
"1","1420","US-2023-145387","2023-10-31","2023-11-02","Second Class","AM-10705","Anne McFarland","Consumer","United States","Cranston","Rhode Island","2920","East","FUR-TA-10003238","Furniture","Tables","Chromcraft Bull-Nose Wood 48"" x 96"" Rectangular Conference Tables","385.686","1","0.3","-60.607800000000026","No"
"1","1421","US-2023-108609","2023-10-31","2023-11-02","Second Class","AJ-10780","Anthony Jacobs","Corporate","United States","Lorain","Ohio","44052","East","FUR-TA-10003954","Furniture","Tables","Hon 94000 Series Round Tables","1421.664","8","0.4","-734.5264","Yes"
"1","1422","US-2023-106439","2023-10-31","2023-11-04","Standard Class","GG-14650","Greg Guthrie","Corporate","United States","Los Angeles","California","90049","West","OFF-AR-10001419","Office Supplies","Art","Newell 325","12.39","3","0.0","3.717","No"
"1","1423","US-2023-145387","2023-10-31","2023-11-02","Second Class","AM-10705","Anne McFarland","Consumer","United States","Cranston","Rhode Island","2920","East","OFF-AR-10001683","Office Supplies","Art","Lumber Crayons","49.25","5","0.0","18.715000000000003","No"
"1","1424","US-2023-106439","2023-10-31","2023-11-04","Standard Class","GG-14650","Greg Guthrie","Corporate","United States","Los Angeles","California","90049","West","OFF-BI-10002571","Office Supplies","Binders","Avery Framed View Binder, EZD Ring (Locking), Navy, 1 1/2""","15.968000000000002","2","0.2","5.389199999999999","No"
"1","1425","US-2023-145387","2023-10-31","2023-11-02","Second Class","AM-10705","Anne McFarland","Consumer","United States","Cranston","Rhode Island","2920","East","OFF-BI-10004001","Office Supplies","Binders","GBC Recycled VeloBinder Covers","34.08","2","0.0","15.676799999999997","No"
"1","1426","US-2023-106439","2023-10-31","2023-11-04","Standard Class","GG-14650","Greg Guthrie","Corporate","United States","Los Angeles","California","90049","West","OFF-BI-10004209","Office Supplies","Binders","Fellowes Twister Kit, Gray/Clear, 3/pkg","19.296","3","0.2","6.029999999999999","No"
"1","1427","US-2023-106439","2023-10-31","2023-11-04","Standard Class","GG-14650","Greg Guthrie","Corporate","United States","Los Angeles","California","90049","West","OFF-FA-10002975","Office Supplies","Fasteners","Staples","11.34","3","0.0","5.2164","No"
"1","1428","US-2023-106439","2023-10-31","2023-11-04","Standard Class","GG-14650","Greg Guthrie","Corporate","United States","Los Angeles","California","90049","West","OFF-PA-10000477","Office Supplies","Paper","Xerox 1952","64.74000000000001","13","0.0","30.427800000000005","No"
"1","1429","US-2023-145387","2023-10-31","2023-11-02","Second Class","AM-10705","Anne McFarland","Consumer","United States","Cranston","Rhode Island","2920","East","OFF-PA-10002195","Office Supplies","Paper","RSVP Cards & Envelopes, Blank White, 8-1/2"" X 11"", 24 Cards/25 Envelopes/Set","10.16","2","0.0","4.7752","No"
"1","1430","US-2023-106439","2023-10-31","2023-11-04","Standard Class","GG-14650","Greg Guthrie","Corporate","United States","Los Angeles","California","90049","West","OFF-ST-10001963","Office Supplies","Storage","Tennsco Regal Shelving Units","405.64","4","0.0","12.16919999999999","No"
"1","1431","US-2023-106439","2023-10-31","2023-11-04","Standard Class","GG-14650","Greg Guthrie","Corporate","United States","Los Angeles","California","90049","West","OFF-ST-10003996","Office Supplies","Storage","Letter/Legal File Tote with Clear Snap-On Lid, Black Granite","80.3","5","0.0","20.877999999999997","No"
"1","1432","US-2023-106439","2023-10-31","2023-11-04","Standard Class","GG-14650","Greg Guthrie","Corporate","United States","Los Angeles","California","90049","West","TEC-AC-10004568","Technology","Accessories","Maxell LTO Ultrium - 800 GB","251.91","9","0.0","47.86289999999998","No"
"1","1433","US-2023-167262","2023-10-31","2023-11-03","Second Class","AC-10450","Amy Cox","Consumer","United States","Avondale","Arizona","85323","West","TEC-PH-10000486","Technology","Phones","Plantronics HL10 Handset Lifter","742.336","8","0.2","83.51279999999991","No"
"1","1434","US-2023-120313","2023-10-31","2023-11-02","Second Class","NL-18310","Nancy Lomonaco","Home Office","United States","San Francisco","California","94110","West","TEC-PH-10003092","Technology","Phones","Motorola L804","73.584","2","0.2","8.278199999999998","No"
"1","1435","US-2023-114195","2023-11-01","2023-11-03","First Class","EA-14035","Erin Ashbrook","Corporate","United States","Mason","Ohio","45040","East","FUR-FU-10002253","Furniture","Furnishings","Howard Miller 13"" Diameter Pewter Finish Round Wall Clock","68.704","2","0.2","16.317200000000003","No"
"1","1436","US-2023-137155","2023-11-01","2023-11-05","Standard Class","DL-12925","Daniel Lacy","Consumer","United States","Long Beach","New York","11561","East","FUR-FU-10003142","Furniture","Furnishings","Master Big Foot Doorstop, Beige","31.68","6","0.0","9.820799999999998","No"
"1","1437","US-2023-137155","2023-11-01","2023-11-05","Standard Class","DL-12925","Daniel Lacy","Consumer","United States","Long Beach","New York","11561","East","OFF-AP-10002518","Office Supplies","Appliances","Kensington 7 Outlet MasterPiece Power Center","533.9399999999999","3","0.0","154.84259999999995","No"
"1","1438","US-2023-139423","2023-11-01","2023-11-05","Standard Class","DG-13300","Deirdre Greer","Corporate","United States","Orange","New Jersey","7050","East","OFF-AP-10004708","Office Supplies","Appliances","Fellowes Superior 10 Outlet Split Surge Protector","76.12","2","0.0","22.074799999999996","No"
"1","1439","US-2023-102673","2023-11-01","2023-11-05","Standard Class","KH-16630","Ken Heidel","Corporate","United States","Charlotte","North Carolina","28205","South","OFF-AR-10000634","Office Supplies","Art","Newell 320","10.272000000000002","3","0.2","0.8988","No"
"1","1440","US-2023-134313","2023-11-01","2023-11-07","Standard Class","RA-19915","Russell Applegate","Consumer","United States","Denver","Colorado","80219","West","OFF-AR-10001897","Office Supplies","Art","Model L Table or Wall-Mount Pencil Sharpener","43.176","3","0.2","4.3176000000000005","No"
"1","1441","US-2023-152562","2023-11-01","2023-11-08","Standard Class","JO-15145","Jack O'Briant","Corporate","United States","Richmond","Kentucky","40475","South","OFF-AR-10001919","Office Supplies","Art","OIC #2 Pencils, Medium Soft","5.64","3","0.0","1.6355999999999995","No"
"1","1442","US-2023-114195","2023-11-01","2023-11-03","First Class","EA-14035","Erin Ashbrook","Corporate","United States","Mason","Ohio","45040","East","OFF-BI-10000494","Office Supplies","Binders","Acco Economy Flexible Poly Round Ring Binder","3.132","2","0.7","-2.609999999999999","No"
"1","1443","US-2023-114195","2023-11-01","2023-11-03","First Class","EA-14035","Erin Ashbrook","Corporate","United States","Mason","Ohio","45040","East","OFF-BI-10001658","Office Supplies","Binders","GBC Standard Therm-A-Bind Covers","22.428000000000004","3","0.7","-17.942399999999992","No"
"1","1444","US-2023-102673","2023-11-01","2023-11-05","Standard Class","KH-16630","Ken Heidel","Corporate","United States","Charlotte","North Carolina","28205","South","OFF-FA-10003021","Office Supplies","Fasteners","Staples","7.52","5","0.2","1.4099999999999997","No"
"1","1445","US-2023-102673","2023-11-01","2023-11-05","Standard Class","KH-16630","Ken Heidel","Corporate","United States","Charlotte","North Carolina","28205","South","OFF-LA-10001771","Office Supplies","Labels","Avery 513","47.80800000000001","12","0.2","15.537599999999998","No"
"1","1446","US-2023-168305","2023-11-01","2023-11-08","Standard Class","PL-18925","Paul Lucas","Home Office","United States","Los Angeles","California","90049","West","OFF-LA-10003498","Office Supplies","Labels","Avery 475","44.400000000000006","3","0.0","22.200000000000003","No"
"1","1447","US-2023-126907","2023-11-01","2023-11-08","Standard Class","SM-20950","Suzanne McNair","Corporate","United States","Chicago","Illinois","60610","Central","OFF-PA-10000533","Office Supplies","Paper","Southworth Parchment Paper & Envelopes","15.696000000000002","3","0.2","5.1011999999999995","No"
"1","1448","US-2023-137155","2023-11-01","2023-11-05","Standard Class","DL-12925","Daniel Lacy","Consumer","United States","Long Beach","New York","11561","East","OFF-PA-10000806","Office Supplies","Paper","Xerox 1934","167.94","3","0.0","82.2906","No"
"1","1449","US-2023-168305","2023-11-01","2023-11-08","Standard Class","PL-18925","Paul Lucas","Home Office","United States","Los Angeles","California","90049","West","OFF-PA-10004947","Office Supplies","Paper","Easy-staple paper","21.4","5","0.0","9.63","No"
"1","1450","US-2023-152562","2023-11-01","2023-11-08","Standard Class","JO-15145","Jack O'Briant","Corporate","United States","Richmond","Kentucky","40475","South","OFF-ST-10000464","Office Supplies","Storage","Multi-Use Personal File Cart and Caster Set, Three Stacking Bins","69.52","2","0.0","19.4656","No"
"1","1451","US-2023-148915","2023-11-01","2023-11-05","Standard Class","ND-18370","Natalie DeCherney","Consumer","United States","Portland","Oregon","97206","West","OFF-ST-10001128","Office Supplies","Storage","Carina Mini System Audio Rack, Model AR050B","443.92","5","0.2","-94.33299999999996","No"
"1","1452","US-2023-148915","2023-11-01","2023-11-05","Standard Class","ND-18370","Natalie DeCherney","Consumer","United States","Portland","Oregon","97206","West","TEC-PH-10000673","Technology","Phones","Plantronics Voyager Pro HD - Bluetooth Headset","155.976","3","0.2","54.5916","No"
"1","1453","US-2023-134313","2023-11-01","2023-11-07","Standard Class","RA-19915","Russell Applegate","Consumer","United States","Denver","Colorado","80219","West","TEC-PH-10001795","Technology","Phones","ClearOne CHATAttach 160 - speaker phone","1983.968","4","0.2","247.9959999999998","No"
"1","1454","US-2023-102673","2023-11-01","2023-11-05","Standard Class","KH-16630","Ken Heidel","Corporate","United States","Charlotte","North Carolina","28205","South","TEC-PH-10004434","Technology","Phones","Cisco IP Phone 7961G VoIP phone - Dark gray","978.84","9","0.2","110.1194999999999","No"
"1","1455","US-2023-107454","2023-11-02","2023-11-06","Standard Class","RD-19720","Roger Demir","Consumer","United States","New York City","New York","10024","East","FUR-FU-10004018","Furniture","Furnishings","Tensor Computer Mounted Lamp","89.34","6","0.0","24.121800000000004","No"
"1","1456","US-2023-129147","2023-11-02","2023-11-06","Standard Class","LC-17050","Liz Carlisle","Consumer","United States","Medina","Ohio","44256","East","OFF-BI-10001098","Office Supplies","Binders","Acco D-Ring Binder w/DublLock","19.242","3","0.7","-13.4694","No"
"1","1457","US-2023-107454","2023-11-02","2023-11-06","Standard Class","RD-19720","Roger Demir","Consumer","United States","New York City","New York","10024","East","OFF-LA-10001569","Office Supplies","Labels","Avery 499","34.86","7","0.0","16.0356","No"
"1","1458","US-2023-115889","2023-11-02","2023-11-06","Standard Class","SH-20395","Shahid Hopkins","Consumer","United States","San Francisco","California","94122","West","OFF-ST-10003208","Office Supplies","Storage","Adjustable Depth Letter/Legal Cart","362.92","2","0.0","105.24679999999996","No"
"1","1459","US-2023-134726","2023-11-02","2023-11-07","Second Class","SW-20755","Steven Ward","Corporate","United States","Seattle","Washington","98115","West","TEC-AC-10000023","Technology","Accessories","Maxell 74 Minute CD-R Spindle, 50/Pack","41.94","2","0.0","15.098399999999998","Yes"
"1","1460","US-2023-120670","2023-11-02","2023-11-06","Standard Class","JK-16120","Julie Kriz","Home Office","United States","Fort Lauderdale","Florida","33311","South","TEC-AC-10004171","Technology","Accessories","Razer Kraken 7.1 Surround Sound Over Ear USB Gaming Headset","799.9200000000001","10","0.2","239.976","No"
"1","1461","US-2023-129147","2023-11-02","2023-11-06","Standard Class","LC-17050","Liz Carlisle","Consumer","United States","Medina","Ohio","44256","East","TEC-PH-10001299","Technology","Phones","Polycom CX300 Desktop Phone USB VoIP phone","539.9639999999999","6","0.4","-107.99280000000002","No"
"1","1462","US-2023-129147","2023-11-02","2023-11-06","Standard Class","LC-17050","Liz Carlisle","Consumer","United States","Medina","Ohio","44256","East","TEC-PH-10001552","Technology","Phones","I Need's 3d Hello Kitty Hybrid Silicone Case Cover for HTC One X 4g with 3d Hello Kitty Stylus Pen Green/pink","50.232","7","0.4","-10.046400000000002","No"
"1","1463","US-2023-115889","2023-11-02","2023-11-06","Standard Class","SH-20395","Shahid Hopkins","Consumer","United States","San Francisco","California","94122","West","TEC-PH-10001615","Technology","Phones","AT&T CL82213","46.384","2","0.2","5.218199999999992","No"
"1","1464","US-2023-134726","2023-11-02","2023-11-07","Second Class","SW-20755","Steven Ward","Corporate","United States","Seattle","Washington","98115","West","TEC-PH-10001750","Technology","Phones","Samsung Rugby III","52.792","1","0.2","4.619300000000003","Yes"
"1","1465","US-2023-148782","2023-11-02","2023-11-07","Standard Class","PO-18850","Patrick O'Brill","Consumer","United States","Irving","Texas","75061","Central","TEC-PH-10002923","Technology","Phones","Logitech B530 USB Headset - headset - Full size, Binaural","88.77600000000001","3","0.2","7.767900000000001","No"
"1","1466","US-2023-165764","2023-11-03","2023-11-07","Standard Class","SH-20395","Shahid Hopkins","Consumer","United States","Jacksonville","North Carolina","28540","South","FUR-FU-10001468","Furniture","Furnishings","Tenex Antistatic Computer Chair Mats","410.352","3","0.2","-51.29400000000004","No"
"1","1467","US-2023-165764","2023-11-03","2023-11-07","Standard Class","SH-20395","Shahid Hopkins","Consumer","United States","Jacksonville","North Carolina","28540","South","FUR-TA-10001768","Furniture","Tables","Hon Racetrack Conference Tables","945.036","6","0.4","-299.2614000000001","No"
"1","1468","US-2023-153619","2023-11-03","2023-11-03","Same Day","TC-21535","Tracy Collins","Home Office","United States","Los Angeles","California","90049","West","OFF-AR-10001868","Office Supplies","Art","Prang Dustless Chalk Sticks","6.72","4","0.0","3.36","No"
"1","1469","US-2023-119529","2023-11-03","2023-11-05","Second Class","DM-13345","Denise Monton","Corporate","United States","Orange","New Jersey","7050","East","OFF-BI-10000546","Office Supplies","Binders","Avery Durable Binders","5.76","2","0.0","2.8224","No"
"1","1470","US-2023-121573","2023-11-03","2023-11-07","Standard Class","SG-20605","Speros Goranitis","Consumer","United States","New York City","New York","10009","East","OFF-BI-10000666","Office Supplies","Binders","Surelock Post Binders","48.896","2","0.2","18.336","No"
"1","1471","US-2023-165764","2023-11-03","2023-11-07","Standard Class","SH-20395","Shahid Hopkins","Consumer","United States","Jacksonville","North Carolina","28540","South","OFF-BI-10002982","Office Supplies","Binders","Avery Self-Adhesive Photo Pockets for Polaroid Photos","14.301000000000002","7","0.7","-10.4874","No"
"1","1472","US-2023-121573","2023-11-03","2023-11-07","Standard Class","SG-20605","Speros Goranitis","Consumer","United States","New York City","New York","10009","East","OFF-BI-10003712","Office Supplies","Binders","Acco Pressboard Covers with Storage Hooks, 14 7/8"" x 11"", Light Blue","7.856000000000001","2","0.2","2.847799999999999","No"
"1","1473","US-2023-146731","2023-11-03","2023-11-08","Standard Class","AT-10735","Annie Thurman","Consumer","United States","Nashville","Tennessee","37211","South","OFF-PA-10000141","Office Supplies","Paper","Ampad Evidence Wirebond Steno Books, 6"" x 9""","3.4880000000000004","2","0.2","1.1771999999999998","No"
"1","1474","US-2023-146731","2023-11-03","2023-11-08","Standard Class","AT-10735","Annie Thurman","Consumer","United States","Nashville","Tennessee","37211","South","OFF-PA-10001019","Office Supplies","Paper","Xerox 1884","143.85600000000002","9","0.2","48.551399999999994","No"
"1","1475","US-2023-165764","2023-11-03","2023-11-07","Standard Class","SH-20395","Shahid Hopkins","Consumer","United States","Jacksonville","North Carolina","28540","South","OFF-ST-10001558","Office Supplies","Storage","Acco Perma 4000 Stacking Storage Drawers","25.984","2","0.2","-1.6239999999999997","No"
"1","1476","US-2023-137589","2023-11-03","2023-11-08","Standard Class","MS-17770","Maxwell Schwartz","Consumer","United States","Lancaster","Pennsylvania","17602","East","OFF-SU-10000157","Office Supplies","Supplies","Compact Automatic Electric Letter Opener","286.34400000000005","3","0.2","-64.4274","No"
"1","1477","US-2023-155593","2023-11-03","2023-11-08","Standard Class","RP-19390","Resi Pölking","Consumer","United States","Fairfield","Connecticut","6824","East","OFF-SU-10002522","Office Supplies","Supplies","Acme Kleen Earth Office Shears","11.64","3","0.0","3.3755999999999986","No"
"1","1478","US-2023-124625","2023-11-03","2023-11-07","Standard Class","SP-20650","Stephanie Phelps","Corporate","United States","Omaha","Nebraska","68104","Central","TEC-AC-10003280","Technology","Accessories","Belkin F8E887 USB Wired Ergonomic Keyboard","89.97","3","0.0","18.893699999999995","No"
"1","1479","US-2023-121573","2023-11-03","2023-11-07","Standard Class","SG-20605","Speros Goranitis","Consumer","United States","New York City","New York","10009","East","TEC-PH-10000984","Technology","Phones","Panasonic KX-TG9471B","783.96","4","0.0","219.5088000000001","No"
"1","1480","US-2023-164973","2023-11-04","2023-11-09","Standard Class","NM-18445","Nathan Mautz","Home Office","United States","New York City","New York","10024","East","FUR-CH-10002602","Furniture","Chairs","DMI Arturo Collection Mission-style Design Wood Chair","135.882","1","0.1","24.156800000000004","No"
"1","1481","US-2023-149244","2023-11-04","2023-11-08","Standard Class","MS-17530","MaryBeth Skach","Consumer","United States","San Diego","California","92037","West","FUR-FU-10004671","Furniture","Furnishings","Executive Impressions 12"" Wall Clock","35.34","2","0.0","13.429200000000002","No"
"1","1482","US-2023-125829","2023-11-04","2023-11-11","Standard Class","WB-21850","William Brown","Consumer","United States","Los Angeles","California","90045","West","FUR-TA-10002041","Furniture","Tables","Bevis Round Conference Table Top, X-Base","573.728","4","0.2","-64.54439999999997","No"
"1","1483","US-2023-121286","2023-11-04","2023-11-08","Second Class","ON-18715","Odella Nelson","Corporate","United States","Cary","North Carolina","27511","South","OFF-AP-10004859","Office Supplies","Appliances","Acco 6 Outlet Guardian Premium Surge Suppressor","58.24000000000001","5","0.2","5.096","No"
"1","1484","US-2023-134187","2023-11-04","2023-11-11","Standard Class","TH-21235","Tiffany House","Corporate","United States","Long Beach","California","90805","West","OFF-AR-10000940","Office Supplies","Art","Newell 343","2.94","1","0.0","0.7938000000000001","No"
"1","1485","US-2023-132227","2023-11-04","2023-11-10","Standard Class","SZ-20035","Sam Zeldin","Home Office","United States","New York City","New York","10011","East","OFF-BI-10000962","Office Supplies","Binders","Acco Flexible ACCOHIDE Square Ring Data Binder, Dark Blue, 11 1/2"" X 14"" 7/8""","52.064","4","0.2","18.873199999999997","No"
"1","1486","US-2023-125829","2023-11-04","2023-11-11","Standard Class","WB-21850","William Brown","Consumer","United States","Los Angeles","California","90045","West","OFF-BI-10001036","Office Supplies","Binders","Cardinal EasyOpen D-Ring Binders","21.936000000000003","3","0.2","8.225999999999999","No"
"1","1487","US-2023-121286","2023-11-04","2023-11-08","Second Class","ON-18715","Odella Nelson","Corporate","United States","Cary","North Carolina","27511","South","OFF-FA-10000585","Office Supplies","Fasteners","OIC Bulk Pack Metal Binder Clips","8.376000000000001","3","0.2","2.7222","No"
"1","1488","US-2023-125829","2023-11-04","2023-11-11","Standard Class","WB-21850","William Brown","Consumer","United States","Los Angeles","California","90045","West","OFF-PA-10000223","Office Supplies","Paper","Xerox 2000","19.44","3","0.0","9.3312","No"
"1","1489","US-2023-164973","2023-11-04","2023-11-09","Standard Class","NM-18445","Nathan Mautz","Home Office","United States","New York City","New York","10024","East","OFF-ST-10002974","Office Supplies","Storage","Trav-L-File Heavy-Duty Shuttle II, Black","43.57","1","0.0","13.070999999999998","No"
"1","1490","US-2023-164973","2023-11-04","2023-11-09","Standard Class","NM-18445","Nathan Mautz","Home Office","United States","New York City","New York","10024","East","TEC-AC-10000892","Technology","Accessories","NETGEAR N750 Dual Band Wi-Fi Gigabit Router","360.0","4","0.0","129.6","No"
"1","1491","US-2023-164973","2023-11-04","2023-11-09","Standard Class","NM-18445","Nathan Mautz","Home Office","United States","New York City","New York","10024","East","TEC-MA-10002927","Technology","Machines","Canon imageCLASS MF7460 Monochrome Digital Laser Multifunction Copier","3991.98","2","0.0","1995.99","No"
"1","1492","US-2023-125829","2023-11-04","2023-11-11","Standard Class","WB-21850","William Brown","Consumer","United States","Los Angeles","California","90045","West","TEC-MA-10003246","Technology","Machines","Hewlett-Packard Deskjet D4360 Printer","447.9680000000001","4","0.2","139.98999999999995","No"
"1","1493","US-2023-125829","2023-11-04","2023-11-11","Standard Class","WB-21850","William Brown","Consumer","United States","Los Angeles","California","90045","West","TEC-PH-10001079","Technology","Phones","Polycom SoundPoint Pro SE-225 Corded phone","666.344","7","0.2","66.63439999999997","No"
"1","1494","US-2023-164973","2023-11-04","2023-11-09","Standard Class","NM-18445","Nathan Mautz","Home Office","United States","New York City","New York","10024","East","TEC-PH-10004093","Technology","Phones","Panasonic Kx-TS550","275.94","6","0.0","80.0226","No"
"1","1495","US-2023-114377","2023-11-05","2023-11-05","Same Day","BG-11035","Barry Gonzalez","Consumer","United States","Hampton","Virginia","23666","South","FUR-CH-10004754","Furniture","Chairs","Global Stack Chair with Arms, Black","149.9","5","0.0","40.473","No"
"1","1496","US-2023-109134","2023-11-05","2023-11-10","Standard Class","DE-13255","Deanra Eno","Home Office","United States","Los Angeles","California","90008","West","FUR-FU-10000320","Furniture","Furnishings","OIC Stacking Trays","20.04","6","0.0","8.817600000000002","No"
"1","1497","US-2023-114251","2023-11-05","2023-11-10","Standard Class","MD-17350","Maribeth Dona","Consumer","United States","Philadelphia","Pennsylvania","19143","East","FUR-FU-10001468","Furniture","Furnishings","Tenex Antistatic Computer Chair Mats","273.568","2","0.2","-34.196000000000026","No"
"1","1498","US-2023-114251","2023-11-05","2023-11-10","Standard Class","MD-17350","Maribeth Dona","Consumer","United States","Philadelphia","Pennsylvania","19143","East","OFF-BI-10003684","Office Supplies","Binders","Wilson Jones Legal Size Ring Binders","13.194","2","0.7","-8.795999999999996","No"
"1","1499","US-2023-114251","2023-11-05","2023-11-10","Standard Class","MD-17350","Maribeth Dona","Consumer","United States","Philadelphia","Pennsylvania","19143","East","OFF-ST-10003716","Office Supplies","Storage","Tennsco Double-Tier Lockers","1080.096","6","0.2","-94.5084","No"
"1","1500","US-2023-114251","2023-11-05","2023-11-10","Standard Class","MD-17350","Maribeth Dona","Consumer","United States","Philadelphia","Pennsylvania","19143","East","TEC-AC-10001101","Technology","Accessories","Sony 16GB Class 10 Micro SDHC R40 Memory Card","51.56","5","0.2","-6.445000000000002","No"
"1","1501","US-2023-133634","2023-11-05","2023-11-10","Standard Class","SR-20740","Steven Roelle","Home Office","United States","Arlington","Virginia","22204","South","TEC-AC-10002550","Technology","Accessories","Maxell 4.7GB DVD-RW 3/Pack","47.79","3","0.0","16.2486","No"
"1","1502","US-2023-114251","2023-11-05","2023-11-10","Standard Class","MD-17350","Maribeth Dona","Consumer","United States","Philadelphia","Pennsylvania","19143","East","TEC-AC-10004864","Technology","Accessories","Memorex Micro Travel Drive 32 GB","58.416","2","0.2","16.794600000000003","No"
"1","1503","US-2023-120950","2023-11-06","2023-11-11","Standard Class","GA-14515","George Ashbrook","Consumer","United States","Columbus","Georgia","31907","South","OFF-PA-10000587","Office Supplies","Paper","Array Parchment Paper, Assorted Colors","43.68","6","0.0","20.9664","No"
"1","1504","US-2023-159310","2023-11-07","2023-11-12","Standard Class","SC-20725","Steven Cartwright","Consumer","United States","Houston","Texas","77070","Central","FUR-CH-10002758","Furniture","Chairs","Hon Deluxe Fabric Upholstered Stacking Chairs, Squared Back","683.1439999999999","4","0.3","0.0","No"
"1","1505","US-2023-120278","2023-11-07","2023-11-12","Standard Class","MS-17365","Maribeth Schnelling","Consumer","United States","Wausau","Wisconsin","54401","Central","OFF-AP-10001293","Office Supplies","Appliances","Belkin 8 Outlet Surge Protector","245.88","6","0.0","68.84639999999999","No"
"1","1506","US-2023-139640","2023-11-07","2023-11-11","Second Class","TB-21595","Troy Blackwell","Consumer","United States","Portland","Oregon","97206","West","OFF-AR-10002240","Office Supplies","Art","Panasonic KP-150 Electric Pencil Sharpener","120.768","4","0.2","9.057599999999995","No"
"1","1507","US-2023-159310","2023-11-07","2023-11-12","Standard Class","SC-20725","Steven Cartwright","Consumer","United States","Houston","Texas","77070","Central","OFF-BI-10000201","Office Supplies","Binders","Avery Triangle Shaped Sheet Lifters, Black, 2/Pack","1.4759999999999995","3","0.8","-2.214","No"
"1","1508","US-2023-123498","2023-11-07","2023-11-09","First Class","TC-20980","Tamara Chand","Corporate","United States","Houston","Texas","77041","Central","OFF-BI-10000632","Office Supplies","Binders","Satellite Sectional Post Binders","26.045999999999992","3","0.8","-44.2782","Yes"
"1","1509","US-2023-123323","2023-11-07","2023-11-12","Standard Class","LH-16900","Lena Hernandez","Consumer","United States","San Francisco","California","94110","West","OFF-BI-10003684","Office Supplies","Binders","Wilson Jones Legal Size Ring Binders","123.144","7","0.2","46.17899999999999","No"
"1","1510","US-2023-120278","2023-11-07","2023-11-12","Standard Class","MS-17365","Maribeth Schnelling","Consumer","United States","Wausau","Wisconsin","54401","Central","OFF-BI-10004970","Office Supplies","Binders","ACCOHIDE 3-Ring Binder, Blue, 1""","12.39","3","0.0","5.8233","No"
"1","1511","US-2023-123498","2023-11-07","2023-11-09","First Class","TC-20980","Tamara Chand","Corporate","United States","Houston","Texas","77041","Central","OFF-EN-10004773","Office Supplies","Envelopes","Staple envelope","74.352","3","0.2","26.952599999999997","Yes"
"1","1512","US-2023-146990","2023-11-07","2023-11-08","First Class","BP-11095","Bart Pistole","Corporate","United States","New York City","New York","10024","East","OFF-FA-10000611","Office Supplies","Fasteners","Binder Clips by OIC","5.92","4","0.0","2.8415999999999997","No"
"1","1513","US-2023-146990","2023-11-07","2023-11-08","First Class","BP-11095","Bart Pistole","Corporate","United States","New York City","New York","10024","East","OFF-PA-10000246","Office Supplies","Paper","Riverleaf Stik-Withit Designer Note Cubes","30.18","3","0.0","13.8828","No"
"1","1514","US-2023-139640","2023-11-07","2023-11-11","Second Class","TB-21595","Troy Blackwell","Consumer","United States","Portland","Oregon","97206","West","OFF-PA-10000304","Office Supplies","Paper","Xerox 1995","25.920000000000005","5","0.2","9.072","No"
"1","1515","US-2023-120278","2023-11-07","2023-11-12","Standard Class","MS-17365","Maribeth Schnelling","Consumer","United States","Wausau","Wisconsin","54401","Central","OFF-ST-10002214","Office Supplies","Storage","X-Rack File for Hanging Folders","22.58","2","0.0","5.870799999999999","No"
"1","1516","US-2023-120278","2023-11-07","2023-11-12","Standard Class","MS-17365","Maribeth Schnelling","Consumer","United States","Wausau","Wisconsin","54401","Central","OFF-ST-10004258","Office Supplies","Storage","Portable Personal File Box","36.63","3","0.0","9.890100000000004","No"
"1","1517","US-2023-159310","2023-11-07","2023-11-12","Standard Class","SC-20725","Steven Cartwright","Consumer","United States","Houston","Texas","77070","Central","OFF-SU-10004115","Office Supplies","Supplies","Acme Stainless Steel Office Snips","40.712","7","0.2","3.5623000000000022","No"
"1","1518","US-2023-126340","2023-11-08","2023-11-14","Standard Class","EB-13870","Emily Burns","Consumer","United States","Redding","California","96003","West","TEC-PH-10004447","Technology","Phones","Toshiba IPT2010-SD IP Telephone","333.576","3","0.2","25.018199999999993","No"
"1","1519","US-2023-144666","2023-11-09","2023-11-11","Second Class","JP-15520","Jeremy Pistek","Consumer","United States","San Francisco","California","94110","West","FUR-BO-10001601","Furniture","Bookcases","Sauder Mission Library with Doors, Fruitwood Finish","222.66599999999997","2","0.15","10.47839999999998","No"
"1","1520","US-2023-103219","2023-11-09","2023-11-13","Standard Class","BF-11215","Benjamin Farhat","Home Office","United States","New York City","New York","10035","East","FUR-FU-10004091","Furniture","Furnishings","Eldon 200 Class Desk Accessories, Black","56.52","9","0.0","21.4776","No"
"1","1521","US-2023-144666","2023-11-09","2023-11-11","Second Class","JP-15520","Jeremy Pistek","Consumer","United States","San Francisco","California","94110","West","OFF-PA-10001509","Office Supplies","Paper","Recycled Desk Saver Line ""While You Were Out"" Book, 5 1/2"" X 4""","62.64999999999999","7","0.0","28.818999999999996","No"
"1","1522","US-2023-144666","2023-11-09","2023-11-11","Second Class","JP-15520","Jeremy Pistek","Consumer","United States","San Francisco","California","94110","West","OFF-PA-10003465","Office Supplies","Paper","Xerox 1912","94.85","5","0.0","45.52799999999999","No"
"1","1523","US-2023-144666","2023-11-09","2023-11-11","Second Class","JP-15520","Jeremy Pistek","Consumer","United States","San Francisco","California","94110","West","OFF-ST-10001321","Office Supplies","Storage","Decoflex Hanging Personal Folder File, Blue","92.52","6","0.0","24.980400000000007","No"
"1","1524","US-2023-144666","2023-11-09","2023-11-11","Second Class","JP-15520","Jeremy Pistek","Consumer","United States","San Francisco","California","94110","West","OFF-ST-10002743","Office Supplies","Storage","SAFCO Boltless Steel Shelving","340.92","3","0.0","3.409199999999984","No"
"1","1525","US-2023-144666","2023-11-09","2023-11-11","Second Class","JP-15520","Jeremy Pistek","Consumer","United States","San Francisco","California","94110","West","TEC-PH-10002680","Technology","Phones","Samsung Galaxy Note 3","703.9680000000001","4","0.2","87.99599999999992","No"
"1","1526","US-2023-121006","2023-11-10","2023-11-16","Standard Class","SC-20020","Sam Craven","Consumer","United States","Midland","Michigan","48640","Central","FUR-CH-10004997","Furniture","Chairs","Hon Every-Day Series Multi-Task Chairs","563.9399999999999","3","0.0","112.788","No"
"1","1527","US-2023-158372","2023-11-10","2023-11-16","Standard Class","RD-19900","Ruben Dartt","Consumer","United States","San Diego","California","92037","West","FUR-FU-10000397","Furniture","Furnishings","Luxo Economy Swing Arm Lamp","39.88","2","0.0","11.166400000000005","No"
"1","1528","US-2023-158372","2023-11-10","2023-11-16","Standard Class","RD-19900","Ruben Dartt","Consumer","United States","San Diego","California","92037","West","FUR-FU-10001867","Furniture","Furnishings","Eldon Expressions Punched Metal & Wood Desk Accessories, Pewter & Cherry","53.2","5","0.0","14.896000000000004","No"
"1","1529","US-2023-121006","2023-11-10","2023-11-16","Standard Class","SC-20020","Sam Craven","Consumer","United States","Midland","Michigan","48640","Central","OFF-AR-10001149","Office Supplies","Art","Avery Hi-Liter Comfort Grip Fluorescent Highlighter, Yellow Ink","3.9","2","0.0","1.521","No"
"1","1530","US-2023-158372","2023-11-10","2023-11-16","Standard Class","RD-19900","Ruben Dartt","Consumer","United States","San Diego","California","92037","West","OFF-LA-10000407","Office Supplies","Labels","Avery White Multi-Purpose Labels","39.84","8","0.0","18.3264","No"
"1","1531","US-2023-121006","2023-11-10","2023-11-16","Standard Class","SC-20020","Sam Craven","Consumer","United States","Midland","Michigan","48640","Central","OFF-PA-10000130","Office Supplies","Paper","Xerox 199","12.84","3","0.0","5.777999999999999","No"
"1","1532","US-2023-158372","2023-11-10","2023-11-16","Standard Class","RD-19900","Ruben Dartt","Consumer","United States","San Diego","California","92037","West","OFF-PA-10002137","Office Supplies","Paper","Southworth 100% Résumé Paper, 24lb.","62.24","8","0.0","28.007999999999996","No"
"1","1533","US-2023-121006","2023-11-10","2023-11-16","Standard Class","SC-20020","Sam Craven","Consumer","United States","Midland","Michigan","48640","Central","OFF-PA-10002479","Office Supplies","Paper","Xerox 4200 Series MultiUse Premium Copy Paper (20Lb. and 84 Bright)","15.84","3","0.0","7.128","No"
"1","1534","US-2023-121006","2023-11-10","2023-11-16","Standard Class","SC-20020","Sam Craven","Consumer","United States","Midland","Michigan","48640","Central","OFF-ST-10001490","Office Supplies","Storage","Hot File 7-Pocket, Floor Stand","535.41","3","0.0","160.62299999999993","No"
"1","1535","US-2023-121006","2023-11-10","2023-11-16","Standard Class","SC-20020","Sam Craven","Consumer","United States","Midland","Michigan","48640","Central","OFF-ST-10004950","Office Supplies","Storage","Acco Perma 3000 Stacking Storage Drawers","62.94","3","0.0","11.9586","No"
"1","1536","US-2023-158372","2023-11-10","2023-11-16","Standard Class","RD-19900","Ruben Dartt","Consumer","United States","San Diego","California","92037","West","TEC-AC-10004209","Technology","Accessories","Memorex Froggy Flash Drive 4 GB","10.99","1","0.0","4.2861","No"
"1","1537","US-2023-158372","2023-11-10","2023-11-16","Standard Class","RD-19900","Ruben Dartt","Consumer","United States","San Diego","California","92037","West","TEC-PH-10002103","Technology","Phones","Jabra SPEAK 410","601.536","8","0.2","60.15360000000001","No"
"1","1538","US-2023-155796","2023-11-11","2023-11-15","Second Class","TS-21430","Tom Stivers","Corporate","United States","Reading","Pennsylvania","19601","East","FUR-BO-10002545","Furniture","Bookcases","Atlantic Metals Mobile 3-Shelf Bookcases, Custom Colors","521.96","4","0.5","-250.5408","No"
"1","1539","US-2023-163419","2023-11-11","2023-11-14","Second Class","TZ-21580","Tracy Zic","Consumer","United States","Louisville","Colorado","80027","West","FUR-CH-10000665","Furniture","Chairs","Global Airflow Leather Mesh Back Chair, Black","603.92","5","0.2","75.48999999999992","No"
"1","1540","US-2023-105270","2023-11-11","2023-11-18","Standard Class","AP-10915","Arthur Prichep","Consumer","United States","Los Angeles","California","90008","West","FUR-CH-10000988","Furniture","Chairs","Hon Olson Stacker Stools","112.648","1","0.2","11.264799999999996","Yes"
"1","1541","US-2023-140914","2023-11-11","2023-11-15","Standard Class","BH-11710","Brosina Hoffman","Consumer","United States","Chicago","Illinois","60653","Central","FUR-CH-10003379","Furniture","Chairs","Global Commerce Series High-Back Swivel/Tilt Chairs","797.944","4","0.3","-56.99599999999998","No"
"1","1542","US-2023-140914","2023-11-11","2023-11-15","Standard Class","BH-11710","Brosina Hoffman","Consumer","United States","Chicago","Illinois","60653","Central","FUR-FU-10000175","Furniture","Furnishings","DAX Wood Document Frame","10.984000000000002","2","0.6","-7.9634","No"
"1","1543","US-2023-155796","2023-11-11","2023-11-15","Second Class","TS-21430","Tom Stivers","Corporate","United States","Reading","Pennsylvania","19601","East","FUR-FU-10000409","Furniture","Furnishings","GE 4 Foot Flourescent Tube, 40 Watt","23.968000000000004","2","0.2","7.7896","No"
"1","1544","US-2023-140732","2023-11-11","2023-11-13","Second Class","MA-17560","Matt Abelman","Home Office","United States","Los Angeles","California","90004","West","OFF-AP-10001626","Office Supplies","Appliances","Commercial WindTunnel Clean Air Upright Vacuum, Replacement Belts, Filtration Bags","7.78","2","0.0","2.0228","No"
"1","1545","US-2023-128524","2023-11-11","2023-11-13","First Class","MZ-17515","Mary Zewe","Corporate","United States","Seattle","Washington","98115","West","OFF-AP-10002892","Office Supplies","Appliances","Belkin F5C206VTEL 6 Outlet Surge","22.98","1","0.0","6.893999999999998","No"
"1","1546","US-2023-163419","2023-11-11","2023-11-14","Second Class","TZ-21580","Tracy Zic","Consumer","United States","Louisville","Colorado","80027","West","OFF-AR-10000034","Office Supplies","Art","BIC Brite Liner Grip Highlighters, Assorted, 5/Pack","3.3920000000000003","1","0.2","0.8055999999999999","No"
"1","1547","US-2023-105270","2023-11-11","2023-11-18","Standard Class","AP-10915","Arthur Prichep","Consumer","United States","Los Angeles","California","90008","West","OFF-AR-10003156","Office Supplies","Art","50 Colored Long Pencils","30.48","3","0.0","7.924800000000001","Yes"
"1","1548","US-2023-165309","2023-11-11","2023-11-15","Standard Class","KD-16270","Karen Daniels","Consumer","United States","Houston","Texas","77095","Central","OFF-AR-10003582","Office Supplies","Art","Boston Electric Pencil Sharpener, Model 1818, Charcoal Black","67.56","3","0.2","6.756000000000004","No"
"1","1549","US-2023-165309","2023-11-11","2023-11-15","Standard Class","KD-16270","Karen Daniels","Consumer","United States","Houston","Texas","77095","Central","OFF-BI-10001267","Office Supplies","Binders","Universal Recycled Hanging Pressboard Report Binders, Letter Size","1.2339999999999998","1","0.8","-1.9744","No"
"1","1550","US-2023-165309","2023-11-11","2023-11-15","Standard Class","KD-16270","Karen Daniels","Consumer","United States","Houston","Texas","77095","Central","OFF-BI-10001359","Office Supplies","Binders","GBC DocuBind TL300 Electric Binding System","896.9899999999998","5","0.8","-1480.033500000001","No"
"1","1551","US-2023-128524","2023-11-11","2023-11-13","First Class","MZ-17515","Mary Zewe","Corporate","United States","Seattle","Washington","98115","West","OFF-BI-10003527","Office Supplies","Binders","Fellowes PB500 Electric Punch Plastic Comb Binding Machine with Manual Bind","2033.584","2","0.2","762.594","No"
"1","1552","US-2023-165309","2023-11-11","2023-11-15","Standard Class","KD-16270","Karen Daniels","Consumer","United States","Houston","Texas","77095","Central","OFF-PA-10001033","Office Supplies","Paper","Xerox 1893","262.336","8","0.2","95.0968","No"
"1","1553","US-2023-143287","2023-11-11","2023-11-17","Standard Class","KN-16705","Kristina Nunn","Home Office","United States","New Rochelle","New York","10801","East","OFF-PA-10001776","Office Supplies","Paper","Wirebound Message Books, Four 2 3/4"" x 5"" Forms per Page, 600 Sets per Book","46.349999999999994","5","0.0","21.7845","Yes"
"1","1554","US-2023-140732","2023-11-11","2023-11-13","Second Class","MA-17560","Matt Abelman","Home Office","United States","Los Angeles","California","90004","West","OFF-PA-10003625","Office Supplies","Paper","Xerox 1979","123.92","4","0.0","55.764","No"
"1","1555","US-2023-165309","2023-11-11","2023-11-15","Standard Class","KD-16270","Karen Daniels","Consumer","United States","Houston","Texas","77095","Central","OFF-PA-10003724","Office Supplies","Paper","Wirebound Message Book, 4 per Page","21.72","5","0.2","7.873499999999999","No"
"1","1556","US-2023-143287","2023-11-11","2023-11-17","Standard Class","KN-16705","Kristina Nunn","Home Office","United States","New Rochelle","New York","10801","East","OFF-PA-10004039","Office Supplies","Paper","Xerox 1882","223.92","4","0.0","109.7208","Yes"
"1","1557","US-2023-105893","2023-11-11","2023-11-18","Standard Class","PK-19075","Pete Kriz","Consumer","United States","Madison","Wisconsin","53711","Central","OFF-ST-10004186","Office Supplies","Storage","Stur-D-Stor Shelving, Vertical 5-Shelf: 72""H x 36""W x 18 1/2""D","665.88","6","0.0","13.3176","No"
"1","1558","US-2023-143287","2023-11-11","2023-11-17","Standard Class","KN-16705","Kristina Nunn","Home Office","United States","New Rochelle","New York","10801","East","OFF-SU-10001574","Office Supplies","Supplies","Acme Value Line Scissors","7.3","2","0.0","2.1899999999999995","Yes"
"1","1559","US-2023-128524","2023-11-11","2023-11-13","First Class","MZ-17515","Mary Zewe","Corporate","United States","Seattle","Washington","98115","West","TEC-AC-10002718","Technology","Accessories","Belkin Standard 104 key USB Keyboard","102.13","7","0.0","15.319499999999996","No"
"1","1560","US-2023-163419","2023-11-11","2023-11-14","Second Class","TZ-21580","Tracy Zic","Consumer","United States","Louisville","Colorado","80027","West","TEC-PH-10000560","Technology","Phones","Samsung Galaxy S III - 16GB - pebble blue (T-Mobile)","559.984","2","0.2","55.99840000000003","No"
"1","1561","US-2023-140732","2023-11-11","2023-11-13","Second Class","MA-17560","Matt Abelman","Home Office","United States","Los Angeles","California","90004","West","TEC-PH-10001425","Technology","Phones","Mophie Juice Pack Helium for iPhone","575.928","9","0.2","57.59279999999998","No"
"1","1562","US-2023-165309","2023-11-11","2023-11-15","Standard Class","KD-16270","Karen Daniels","Consumer","United States","Houston","Texas","77095","Central","TEC-PH-10003505","Technology","Phones","Geemarc AmpliPOWER60","148.48","2","0.2","16.703999999999986","No"
"1","1563","US-2023-165309","2023-11-11","2023-11-15","Standard Class","KD-16270","Karen Daniels","Consumer","United States","Houston","Texas","77095","Central","TEC-PH-10004959","Technology","Phones","Classic Ivory Antique Telephone ZL1810","241.176","3","0.2","15.07350000000001","No"
"1","1564","US-2023-159618","2023-11-12","2023-11-16","Standard Class","DB-12970","Darren Budd","Corporate","United States","Houston","Texas","77036","Central","FUR-BO-10004467","Furniture","Bookcases","Bestar Classic Bookcase","67.99319999999999","1","0.32","-12.998700000000008","No"
"1","1565","US-2023-122609","2023-11-12","2023-11-18","Standard Class","DP-13000","Darren Powers","Consumer","United States","Carrollton","Texas","75007","Central","FUR-FU-10004587","Furniture","Furnishings","GE General Use Halogen Bulbs, 100 Watts, 1 Bulb per Pack","25.128000000000004","3","0.6","-6.9102","No"
"1","1566","US-2023-151295","2023-11-12","2023-11-16","Standard Class","JA-15970","Joseph Airdo","Consumer","United States","Los Angeles","California","90045","West","FUR-TA-10002356","Furniture","Tables","Bevis Boat-Shaped Conference Table","629.0640000000001","3","0.2","31.453199999999953","No"
"1","1567","US-2023-159618","2023-11-12","2023-11-16","Standard Class","DB-12970","Darren Budd","Corporate","United States","Houston","Texas","77036","Central","OFF-AR-10003183","Office Supplies","Art","Avery Fluorescent Highlighter Four-Color Set","2.672","1","0.2","0.3339999999999997","No"
"1","1568","US-2023-164910","2023-11-12","2023-11-17","Second Class","DM-13345","Denise Monton","Corporate","United States","Asheville","North Carolina","28806","South","OFF-AR-10003651","Office Supplies","Art","Newell 350","7.872","3","0.2","0.8855999999999988","No"
"1","1569","US-2023-151295","2023-11-12","2023-11-16","Standard Class","JA-15970","Joseph Airdo","Consumer","United States","Los Angeles","California","90045","West","OFF-PA-10001947","Office Supplies","Paper","Xerox 1974","11.96","2","0.0","5.8604","No"
"1","1570","US-2023-159618","2023-11-12","2023-11-16","Standard Class","DB-12970","Darren Budd","Corporate","United States","Houston","Texas","77036","Central","OFF-PA-10004100","Office Supplies","Paper","Xerox 216","36.28800000000001","7","0.2","12.7008","No"
"1","1571","US-2023-151078","2023-11-12","2023-11-12","Same Day","RF-19840","Roy Französisch","Consumer","United States","San Antonio","Texas","78207","Central","OFF-ST-10001328","Office Supplies","Storage","Personal Filing Tote with Lid, Black/Gray","49.632000000000005","4","0.2","4.9632000000000005","No"
"1","1572","US-2023-159618","2023-11-12","2023-11-16","Standard Class","DB-12970","Darren Budd","Corporate","United States","Houston","Texas","77036","Central","OFF-SU-10000432","Office Supplies","Supplies","Acco Side-Punched Conventional Columnar Pads","16.656000000000002","6","0.2","-3.123000000000002","No"
"1","1573","US-2023-122609","2023-11-12","2023-11-18","Standard Class","DP-13000","Darren Powers","Consumer","United States","Carrollton","Texas","75007","Central","TEC-AC-10002567","Technology","Accessories","Logitech G602 Wireless Gaming Mouse","127.984","2","0.2","25.5968","No"
"1","1574","US-2023-159618","2023-11-12","2023-11-16","Standard Class","DB-12970","Darren Budd","Corporate","United States","Houston","Texas","77036","Central","TEC-AC-10003832","Technology","Accessories","Imation 16GB Mini TravelDrive USB 2.0 Flash Drive","79.51200000000001","3","0.2","20.8719","No"
"1","1575","US-2023-166989","2023-11-14","2023-11-18","Standard Class","RM-19675","Robert Marley","Home Office","United States","New York City","New York","10011","East","FUR-CH-10001797","Furniture","Chairs","Safco Chair Connectors, 6/Carton","69.264","2","0.1","14.62239999999999","No"
"1","1576","US-2023-162362","2023-11-14","2023-11-18","Standard Class","JL-15505","Jeremy Lonsdale","Consumer","United States","Midland","Michigan","48640","Central","OFF-BI-10000546","Office Supplies","Binders","Avery Durable Binders","11.52","4","0.0","5.6448","No"
"1","1577","US-2023-162362","2023-11-14","2023-11-18","Standard Class","JL-15505","Jeremy Lonsdale","Consumer","United States","Midland","Michigan","48640","Central","OFF-BI-10000756","Office Supplies","Binders","Storex DuraTech Recycled Plastic Frosted Binders","12.72","3","0.0","6.36","No"
"1","1578","US-2023-125556","2023-11-14","2023-11-16","Second Class","ML-17410","Maris LaWare","Consumer","United States","Fairfield","Connecticut","6824","East","OFF-BI-10003460","Office Supplies","Binders","Acco 3-Hole Punch","43.8","10","0.0","21.023999999999997","No"
"1","1579","US-2023-161634","2023-11-14","2023-11-20","Standard Class","CC-12220","Chris Cortes","Consumer","United States","Chesapeake","Virginia","23320","South","OFF-PA-10002262","Office Supplies","Paper","Xerox 192","32.400000000000006","5","0.0","15.552","No"
"1","1580","US-2023-166989","2023-11-14","2023-11-18","Standard Class","RM-19675","Robert Marley","Home Office","United States","New York City","New York","10011","East","OFF-PA-10004470","Office Supplies","Paper","Adams Write n' Stick Phone Message Book, 11"" X 5 1/4"", 200 Messages","11.36","2","0.0","5.225599999999999","No"
"1","1581","US-2023-151554","2023-11-14","2023-11-15","First Class","CM-11815","Candace McMahon","Corporate","United States","Pasadena","Texas","77506","Central","OFF-PA-10004609","Office Supplies","Paper","Xerox 221","20.736000000000004","4","0.2","7.2576","No"
"1","1582","US-2023-125556","2023-11-14","2023-11-16","Second Class","ML-17410","Maris LaWare","Consumer","United States","Fairfield","Connecticut","6824","East","TEC-PH-10001079","Technology","Phones","Polycom SoundPoint Pro SE-225 Corded phone","832.93","7","0.0","233.2204","No"
"1","1583","US-2023-127558","2023-11-15","2023-11-18","First Class","SS-20410","Shahid Shariari","Consumer","United States","Los Angeles","California","90008","West","FUR-FU-10002505","Furniture","Furnishings","Eldon 100 Class Desk Accessories","10.11","3","0.0","3.2351999999999994","No"
"1","1584","US-2023-116407","2023-11-15","2023-11-21","Standard Class","JF-15190","Jamie Frazer","Consumer","United States","Johnson City","Tennessee","37604","South","OFF-AP-10002118","Office Supplies","Appliances","1.7 Cubic Foot Compact ""Cube"" Office Refrigerators","333.05600000000004","2","0.2","29.14240000000001","No"
"1","1585","US-2023-116407","2023-11-15","2023-11-21","Standard Class","JF-15190","Jamie Frazer","Consumer","United States","Johnson City","Tennessee","37604","South","OFF-AR-10001315","Office Supplies","Art","Newell 310","4.224","3","0.2","0.4751999999999998","No"
"1","1586","US-2023-128888","2023-11-15","2023-11-22","Standard Class","PB-19105","Peter Bühler","Consumer","United States","Houston","Texas","77095","Central","OFF-EN-10003001","Office Supplies","Envelopes","Ames Color-File Green Diamond Border X-ray Mailers","604.6560000000001","9","0.2","204.07139999999995","No"
"1","1587","US-2023-116407","2023-11-15","2023-11-21","Standard Class","JF-15190","Jamie Frazer","Consumer","United States","Johnson City","Tennessee","37604","South","OFF-PA-10002137","Office Supplies","Paper","Southworth 100% Résumé Paper, 24lb.","24.896","4","0.2","7.779999999999998","No"
"1","1588","US-2023-128622","2023-11-15","2023-11-17","Second Class","SC-20260","Scott Cohen","Corporate","United States","San Francisco","California","94110","West","OFF-SU-10001574","Office Supplies","Supplies","Acme Value Line Scissors","10.95","3","0.0","3.2849999999999993","No"
"1","1589","US-2023-127558","2023-11-15","2023-11-18","First Class","SS-20410","Shahid Shariari","Consumer","United States","Los Angeles","California","90008","West","OFF-SU-10002537","Office Supplies","Supplies","Acme Box Cutter Scissors","20.46","2","0.0","5.319600000000001","No"
"1","1590","US-2023-127558","2023-11-15","2023-11-18","First Class","SS-20410","Shahid Shariari","Consumer","United States","Los Angeles","California","90008","West","TEC-AC-10003832","Technology","Accessories","Logitech P710e Mobile Speakerphone","772.47","3","0.0","146.76929999999993","No"
"1","1591","US-2023-119144","2023-11-16","2023-11-18","First Class","JD-16150","Justin Deggeller","Corporate","United States","Los Angeles","California","90008","West","FUR-BO-10004015","Furniture","Bookcases","Bush Andora Bookcase, Maple/Graphite Gray Finish","305.9745","3","0.15","25.19789999999997","No"
"1","1592","US-2023-139500","2023-11-16","2023-11-20","Standard Class","AB-10165","Alan Barnes","Consumer","United States","Decatur","Illinois","62521","Central","FUR-CH-10002017","Furniture","Chairs","SAFCO Optional Arm Kit for Workspace Cribbage Stacking Chair","37.296","2","0.3","-1.0656000000000017","No"
"1","1593","US-2023-147704","2023-11-16","2023-11-21","Standard Class","SR-20740","Steven Roelle","Home Office","United States","Bloomington","Indiana","47401","Central","OFF-BI-10001634","Office Supplies","Binders","Wilson Jones Active Use Binders","29.12","4","0.0","14.2688","No"
"1","1594","US-2023-147704","2023-11-16","2023-11-21","Standard Class","SR-20740","Steven Roelle","Home Office","United States","Bloomington","Indiana","47401","Central","OFF-EN-10004483","Office Supplies","Envelopes","#10 White Business Envelopes,4 1/8 x 9 1/2","78.35","5","0.0","36.82449999999999","No"
"1","1595","US-2023-160066","2023-11-16","2023-11-22","Standard Class","AH-10075","Adam Hart","Corporate","United States","Huntington Beach","California","92646","West","OFF-LA-10001045","Office Supplies","Labels","Permanent Self-Adhesive File Folder Labels for Typewriters by Universal","5.22","2","0.0","2.4012","No"
"1","1596","US-2023-147704","2023-11-16","2023-11-21","Standard Class","SR-20740","Steven Roelle","Home Office","United States","Bloomington","Indiana","47401","Central","OFF-PA-10003270","Office Supplies","Paper","Xerox 1954","31.68","6","0.0","14.256","No"
"1","1597","US-2023-147704","2023-11-16","2023-11-21","Standard Class","SR-20740","Steven Roelle","Home Office","United States","Bloomington","Indiana","47401","Central","OFF-ST-10000675","Office Supplies","Storage","File Shuttle II and Handi-File, Black","169.45","5","0.0","42.3625","No"
"1","1598","US-2023-119144","2023-11-16","2023-11-18","First Class","JD-16150","Justin Deggeller","Corporate","United States","Los Angeles","California","90008","West","OFF-ST-10000991","Office Supplies","Storage","Space Solutions HD Industrial Steel Shelving.","344.90999999999997","3","0.0","10.347300000000004","No"
"1","1599","US-2023-149643","2023-11-16","2023-11-20","Standard Class","RH-19510","Rick Huthwaite","Home Office","United States","Manhattan","Kansas","66502","Central","TEC-PH-10000038","Technology","Phones","Jawbone MINI JAMBOX Wireless Bluetooth Speaker","273.96","2","0.0","10.958399999999983","No"
"1","1600","US-2023-119144","2023-11-16","2023-11-18","First Class","JD-16150","Justin Deggeller","Corporate","United States","Los Angeles","California","90008","West","TEC-PH-10004188","Technology","Phones","OtterBox Commuter Series Case - Samsung Galaxy S4","79.968","4","0.2","-17.9928","No"
"1","1601","US-2023-128209","2023-11-17","2023-11-22","Standard Class","GT-14710","Greg Tran","Consumer","United States","Buffalo","New York","14215","East","FUR-BO-10002213","Furniture","Bookcases","DMI Eclipse Executive Suite Bookcases","4007.8400000000006","10","0.2","-50.0980000000003","No"
"1","1602","US-2023-145926","2023-11-17","2023-11-21","Standard Class","MP-17470","Mark Packer","Home Office","United States","Moorhead","Minnesota","56560","Central","FUR-CH-10004289","Furniture","Chairs","Global Super Steno Chair","479.9","5","0.0","81.58299999999997","No"
"1","1603","US-2023-159835","2023-11-17","2023-11-24","Standard Class","RB-19330","Randy Bradley","Consumer","United States","Philadelphia","Pennsylvania","19143","East","FUR-CH-10004997","Furniture","Chairs","Hon Every-Day Series Multi-Task Chairs","657.93","5","0.3","-93.98999999999997","No"
"1","1604","US-2023-119375","2023-11-17","2023-11-22","Standard Class","YC-21895","Yoseph Carroll","Corporate","United States","Newark","Delaware","19711","East","FUR-FU-10002379","Furniture","Furnishings","Eldon Econocleat Chair Mats for Low Pile Carpets","124.41","3","0.0","14.929199999999994","No"
"1","1605","US-2023-140662","2023-11-17","2023-11-19","First Class","TS-21205","Thomas Seio","Corporate","United States","San Francisco","California","94109","West","OFF-AP-10001242","Office Supplies","Appliances","APC 7 Outlet Network SurgeArrest Surge Protector","241.44","3","0.0","72.43199999999999","No"
"1","1606","US-2023-119375","2023-11-17","2023-11-22","Standard Class","YC-21895","Yoseph Carroll","Corporate","United States","Newark","Delaware","19711","East","OFF-AR-10003752","Office Supplies","Art","Deluxe Chalkboard Eraser Cleaner","57.75","5","0.0","26.565","No"
"1","1607","US-2023-128209","2023-11-17","2023-11-22","Standard Class","GT-14710","Greg Tran","Consumer","United States","Buffalo","New York","14215","East","OFF-BI-10001359","Office Supplies","Binders","GBC DocuBind TL300 Electric Binding System","2152.7760000000003","3","0.2","726.5618999999998","No"
"1","1608","US-2023-130869","2023-11-17","2023-11-21","Standard Class","CB-12025","Cassandra Brandow","Consumer","United States","Cedar Hill","Texas","75104","Central","OFF-EN-10002600","Office Supplies","Envelopes","Redi-Strip #10 Envelopes, 4 1/8 x 9 1/2","7.080000000000001","3","0.2","2.477999999999999","No"
"1","1609","US-2023-159835","2023-11-17","2023-11-24","Standard Class","RB-19330","Randy Bradley","Consumer","United States","Philadelphia","Pennsylvania","19143","East","OFF-PA-10002137","Office Supplies","Paper","Southworth 100% Résumé Paper, 24lb.","12.448","2","0.2","3.889999999999999","No"
"1","1610","US-2023-140662","2023-11-17","2023-11-19","First Class","TS-21205","Thomas Seio","Corporate","United States","San Francisco","California","94109","West","OFF-PA-10003395","Office Supplies","Paper","Xerox 1941","733.9499999999999","7","0.0","352.296","No"
"1","1611","US-2023-101833","2023-11-17","2023-11-22","Second Class","FG-14260","Frank Gastineau","Home Office","United States","New York City","New York","10024","East","OFF-PA-10003591","Office Supplies","Paper","Southworth 100% Cotton The Best Paper","34.44","3","0.0","17.22","No"
"1","1612","US-2023-119375","2023-11-17","2023-11-22","Standard Class","YC-21895","Yoseph Carroll","Corporate","United States","Newark","Delaware","19711","East","OFF-ST-10002011","Office Supplies","Storage","Smead Adjustable Mobile File Trolley with Lockable Top","2934.33","7","0.0","792.2691000000002","No"
"1","1613","US-2023-140662","2023-11-17","2023-11-19","First Class","TS-21205","Thomas Seio","Corporate","United States","San Francisco","California","94109","West","TEC-AC-10001314","Technology","Accessories","Case Logic 2.4GHz Wireless Keyboard","99.98","2","0.0","7.998399999999989","No"
"1","1614","US-2023-163468","2023-11-18","2023-11-21","First Class","JK-15730","Joe Kamberova","Consumer","United States","Des Plaines","Illinois","60016","Central","FUR-BO-10003546","Furniture","Bookcases","Hon 4-Shelf Metal Bookcases","424.116","6","0.3","-30.293999999999983","No"
"1","1615","US-2023-161032","2023-11-18","2023-11-23","Standard Class","MK-17905","Michael Kennedy","Corporate","United States","Franklin","Wisconsin","53132","Central","FUR-CH-10001482","Furniture","Chairs","Office Star - Mesh Screen back chair with Vinyl seat","392.93999999999994","3","0.0","43.223399999999984","No"
"1","1616","US-2023-159926","2023-11-18","2023-11-22","Standard Class","CS-11950","Carlos Soltero","Consumer","United States","Philadelphia","Pennsylvania","19140","East","FUR-FU-10001473","Furniture","Furnishings","Eldon Executive Woodline II Desk Accessories, Mahogany","60.312","3","0.2","5.2773","No"
"1","1617","US-2023-163468","2023-11-18","2023-11-21","First Class","JK-15730","Joe Kamberova","Consumer","United States","Des Plaines","Illinois","60016","Central","FUR-FU-10001546","Furniture","Furnishings","Dana Swing-Arm Lamps","8.544","2","0.6","-7.475999999999999","No"
"1","1618","US-2023-124702","2023-11-18","2023-11-25","Standard Class","MH-17785","Maya Herman","Corporate","United States","Seattle","Washington","98105","West","FUR-FU-10003553","Furniture","Furnishings","Howard Miller 13-1/2"" Diameter Rosebrook Wall Clock","137.54","2","0.0","55.016000000000005","No"
"1","1619","US-2023-164210","2023-11-18","2023-11-20","Second Class","PW-19240","Pierre Wener","Consumer","United States","Louisville","Colorado","80027","West","FUR-TA-10000849","Furniture","Tables","Bevis Rectangular Conference Tables","145.98","2","0.5","-99.26639999999998","No"
"1","1620","US-2023-163468","2023-11-18","2023-11-21","First Class","JK-15730","Joe Kamberova","Consumer","United States","Des Plaines","Illinois","60016","Central","FUR-TA-10002533","Furniture","Tables","BPI Conference Tables","292.1","4","0.5","-175.26000000000005","No"
"1","1621","US-2023-124702","2023-11-18","2023-11-25","Standard Class","MH-17785","Maya Herman","Corporate","United States","Seattle","Washington","98105","West","FUR-TA-10003008","Furniture","Tables","Lesro Round Back Collection Coffee Table, End Table","730.2","4","0.0","94.92600000000004","No"
"1","1622","US-2023-115336","2023-11-18","2023-11-25","Standard Class","AB-10600","Ann Blume","Corporate","United States","Chicago","Illinois","60623","Central","OFF-BI-10001107","Office Supplies","Binders","GBC White Gloss Covers, Plain Front","14.479999999999997","5","0.8","-23.89200000000001","No"
"1","1623","US-2023-133809","2023-11-18","2023-11-23","Second Class","MS-17530","MaryBeth Skach","Consumer","United States","Fairfield","Ohio","45014","East","OFF-BI-10001757","Office Supplies","Binders","Pressboard Hanging Data Binders for Unburst Sheets","11.808000000000002","8","0.7","-8.659200000000002","No"
"1","1624","US-2023-159926","2023-11-18","2023-11-22","Standard Class","CS-11950","Carlos Soltero","Consumer","United States","Philadelphia","Pennsylvania","19140","East","OFF-BI-10003656","Office Supplies","Binders","Fellowes PB200 Plastic Comb Binding Machine","50.99700000000001","1","0.7","-40.7976","No"
"1","1625","US-2023-159926","2023-11-18","2023-11-22","Standard Class","CS-11950","Carlos Soltero","Consumer","United States","Philadelphia","Pennsylvania","19140","East","OFF-BI-10004656","Office Supplies","Binders","Peel & Stick Add-On Corner Pockets","1.9440000000000004","3","0.7","-1.4255999999999998","No"
"1","1626","US-2023-163468","2023-11-18","2023-11-21","First Class","JK-15730","Joe Kamberova","Consumer","United States","Des Plaines","Illinois","60016","Central","OFF-BI-10004728","Office Supplies","Binders","Wilson Jones Turn Tabs Binder Tool for Ring Binders","2.8919999999999995","3","0.8","-4.916400000000001","No"
"1","1627","US-2023-164210","2023-11-18","2023-11-20","Second Class","PW-19240","Pierre Wener","Consumer","United States","Louisville","Colorado","80027","West","OFF-PA-10002259","Office Supplies","Paper","Geographics Note Cards, Blank, White, 8 1/2"" x 11""","35.808","4","0.2","12.5328","No"
"1","1628","US-2023-104829","2023-11-18","2023-11-21","Second Class","JG-15805","John Grady","Corporate","United States","Provo","Utah","84604","West","OFF-PA-10003016","Office Supplies","Paper","Adams ""While You Were Out"" Message Pads","21.98","7","0.0","9.890999999999998","Yes"
"1","1629","US-2023-163468","2023-11-18","2023-11-21","First Class","JK-15730","Joe Kamberova","Consumer","United States","Des Plaines","Illinois","60016","Central","OFF-ST-10000025","Office Supplies","Storage","Fellowes Stor/Drawer Steel Plus Storage Drawers","381.72","5","0.2","-66.80100000000004","No"
"1","1630","US-2023-141173","2023-11-18","2023-11-20","Second Class","JC-16105","Julie Creighton","Corporate","United States","Minneapolis","Minnesota","55407","Central","OFF-ST-10000885","Office Supplies","Storage","Fellowes Desktop Hanging File Manager","67.15","5","0.0","16.7875","No"
"1","1631","US-2023-159926","2023-11-18","2023-11-22","Standard Class","CS-11950","Carlos Soltero","Consumer","United States","Philadelphia","Pennsylvania","19140","East","OFF-ST-10003656","Office Supplies","Storage","Safco Industrial Wire Shelving","76.792","1","0.2","-16.3183","No"
"1","1632","US-2023-159926","2023-11-18","2023-11-22","Standard Class","CS-11950","Carlos Soltero","Consumer","United States","Philadelphia","Pennsylvania","19140","East","TEC-PH-10001128","Technology","Phones","Motorola Droid Maxx","539.9639999999999","6","0.4","-107.99280000000002","No"
"1","1633","US-2023-133809","2023-11-18","2023-11-23","Second Class","MS-17530","MaryBeth Skach","Consumer","United States","Fairfield","Ohio","45014","East","TEC-PH-10004875","Technology","Phones","PNY Rapid USB Car Charger - Black","9.588","2","0.4","-2.0774","No"
"1","1634","US-2023-123183","2023-11-19","2023-11-25","Standard Class","GR-14560","Georgia Rosenberg","Corporate","United States","Wilmington","Delaware","19805","East","FUR-BO-10000362","Furniture","Bookcases","Sauder Inglewood Library Bookcases","1025.88","6","0.0","235.9524","No"
"1","1635","US-2023-123183","2023-11-19","2023-11-25","Standard Class","GR-14560","Georgia Rosenberg","Corporate","United States","Wilmington","Delaware","19805","East","OFF-BI-10002429","Office Supplies","Binders","Premier Elliptical Ring Binder, Black","213.08","7","0.0","102.2784","No"
"1","1636","US-2023-123183","2023-11-19","2023-11-25","Standard Class","GR-14560","Georgia Rosenberg","Corporate","United States","Wilmington","Delaware","19805","East","OFF-LA-10001569","Office Supplies","Labels","Avery 499","9.96","2","0.0","4.5816","No"
"1","1637","US-2023-123183","2023-11-19","2023-11-25","Standard Class","GR-14560","Georgia Rosenberg","Corporate","United States","Wilmington","Delaware","19805","East","OFF-LA-10002787","Office Supplies","Labels","Avery 480","22.5","6","0.0","10.8","No"
"1","1638","US-2023-100972","2023-11-19","2023-11-24","Second Class","DB-13360","Dennis Bolton","Home Office","United States","Salt Lake City","Utah","84106","West","OFF-PA-10000357","Office Supplies","Paper","Xerox 1888","166.44","3","0.0","79.8912","No"
"1","1639","US-2023-128062","2023-11-19","2023-11-22","Second Class","AD-10180","Alan Dominguez","Home Office","United States","Philadelphia","Pennsylvania","19134","East","OFF-PA-10001583","Office Supplies","Paper","1/4 Fold Party Design Invitations & White Envelopes, 24 8-1/2"" X 11"" Cards, 25 Env./Pack","5.88","1","0.2","1.9844999999999997","No"
"1","1640","US-2023-150518","2023-11-19","2023-11-24","Standard Class","MW-18220","Mitch Webber","Consumer","United States","Coon Rapids","Minnesota","55433","Central","OFF-ST-10000877","Office Supplies","Storage","Recycled Steel Personal File for Standard File Folders","221.16","4","0.0","57.5016","No"
"1","1641","US-2023-158274","2023-11-19","2023-11-24","Second Class","RM-19675","Robert Marley","Home Office","United States","Monroe","Louisiana","71203","South","TEC-AC-10002345","Technology","Accessories","HP Standard 104 key PS/2 Keyboard","29.0","2","0.0","7.25","No"
"1","1642","US-2023-149034","2023-11-19","2023-11-21","First Class","RD-19900","Ruben Dartt","Consumer","United States","Philadelphia","Pennsylvania","19120","East","TEC-AC-10003023","Technology","Accessories","Logitech G105 Gaming Keyboard","47.496","1","0.2","-1.187400000000002","No"
"1","1643","US-2023-150518","2023-11-19","2023-11-24","Standard Class","MW-18220","Mitch Webber","Consumer","United States","Coon Rapids","Minnesota","55433","Central","TEC-PH-10002103","Technology","Phones","Jabra SPEAK 410","281.96999999999997","3","0.0","78.9516","No"
"1","1644","US-2023-144624","2023-11-19","2023-11-23","Standard Class","JM-15865","John Murray","Consumer","United States","Jamestown","New York","14701","East","TEC-PH-10002885","Technology","Phones","Apple iPhone 5","4548.81","7","0.0","1228.1787000000004","No"
"1","1645","US-2023-158274","2023-11-19","2023-11-24","Second Class","RM-19675","Robert Marley","Home Office","United States","Monroe","Louisiana","71203","South","TEC-PH-10003273","Technology","Phones","AT&T TR1909W","503.96","4","0.0","131.02960000000002","No"
"1","1646","US-2023-158274","2023-11-19","2023-11-24","Second Class","RM-19675","Robert Marley","Home Office","United States","Monroe","Louisiana","71203","South","TEC-PH-10004896","Technology","Phones","Nokia Lumia 521 (T-Mobile)","149.95","5","0.0","41.986","No"
"1","1647","US-2023-140396","2023-11-20","2023-11-25","Standard Class","KH-16330","Katharine Harms","Corporate","United States","New York City","New York","10024","East","OFF-BI-10003669","Office Supplies","Binders","3M Organizer Strips","12.96","3","0.2","4.536","No"
"1","1648","US-2023-140396","2023-11-20","2023-11-25","Standard Class","KH-16330","Katharine Harms","Corporate","United States","New York City","New York","10024","East","OFF-EN-10002592","Office Supplies","Envelopes","Peel & Seel Recycled Catalog Envelopes, Brown","34.74","3","0.0","17.37","No"
"1","1649","US-2023-140396","2023-11-20","2023-11-25","Standard Class","KH-16330","Katharine Harms","Corporate","United States","New York City","New York","10024","East","OFF-PA-10000223","Office Supplies","Paper","Xerox 2000","25.92","4","0.0","12.4416","No"
"1","1650","US-2023-140396","2023-11-20","2023-11-25","Standard Class","KH-16330","Katharine Harms","Corporate","United States","New York City","New York","10024","East","TEC-PH-10004447","Technology","Phones","Toshiba IPT2010-SD IP Telephone","833.94","6","0.0","216.8244","No"
"1","1651","US-2023-102274","2023-11-21","2023-11-26","Standard Class","DH-13075","Dave Hallsten","Corporate","United States","Richmond","Kentucky","40475","South","OFF-AR-10002833","Office Supplies","Art","Newell 322","5.46","3","0.0","1.4742000000000002","No"
"1","1652","US-2023-168501","2023-11-21","2023-11-27","Standard Class","JK-15325","Jason Klamczynski","Corporate","United States","Dallas","Texas","75220","Central","OFF-EN-10001509","Office Supplies","Envelopes","Poly String Tie Envelopes","1.632","1","0.2","0.5507999999999998","No"
"1","1653","US-2023-154781","2023-11-21","2023-11-26","Standard Class","SC-20680","Steve Carroll","Home Office","United States","San Francisco","California","94110","West","OFF-PA-10001609","Office Supplies","Paper","Tops Wirebound Message Log Books","6.58","2","0.0","3.0267999999999997","No"
"1","1654","US-2023-103401","2023-11-21","2023-11-26","Standard Class","GR-14560","Georgia Rosenberg","Corporate","United States","San Francisco","California","94110","West","OFF-PA-10003309","Office Supplies","Paper","Xerox 211","12.96","2","0.0","6.2208000000000006","No"
"1","1655","US-2023-102274","2023-11-21","2023-11-26","Standard Class","DH-13075","Dave Hallsten","Corporate","United States","Richmond","Kentucky","40475","South","OFF-PA-10004359","Office Supplies","Paper","Multicolor Computer Printout Paper","629.0999999999999","6","0.0","301.96799999999996","No"
"1","1656","US-2023-102274","2023-11-21","2023-11-26","Standard Class","DH-13075","Dave Hallsten","Corporate","United States","Richmond","Kentucky","40475","South","OFF-ST-10001511","Office Supplies","Storage","Space Solutions Commercial Steel Shelving","193.95","3","0.0","9.697499999999984","No"
"1","1657","US-2023-154781","2023-11-21","2023-11-26","Standard Class","SC-20680","Steve Carroll","Home Office","United States","San Francisco","California","94110","West","TEC-AC-10000474","Technology","Accessories","Kensington Expert Mouse Optical USB Trackball for PC or Mac","94.99","1","0.0","28.496999999999986","No"
"1","1658","US-2023-102274","2023-11-21","2023-11-26","Standard Class","DH-13075","Dave Hallsten","Corporate","United States","Richmond","Kentucky","40475","South","TEC-PH-10002923","Technology","Phones","Logitech B530 USB Headset - headset - Full size, Binaural","36.99","1","0.0","9.9873","No"
"1","1659","US-2023-168501","2023-11-21","2023-11-27","Standard Class","JK-15325","Jason Klamczynski","Corporate","United States","Dallas","Texas","75220","Central","TEC-PH-10004922","Technology","Phones","RCA Visys Integrated PBX 8-Line Router","267.96","5","0.2","16.747500000000016","No"
"1","1660","US-2023-129091","2023-11-22","2023-11-27","Standard Class","RA-19885","Ruben Ausman","Corporate","United States","Columbus","Georgia","31907","South","OFF-AP-10002734","Office Supplies","Appliances","Holmes Harmony HEPA Air Purifier for 17 x 20 Room","675.12","3","0.0","290.3016","No"
"1","1661","US-2023-129091","2023-11-22","2023-11-27","Standard Class","RA-19885","Ruben Ausman","Corporate","United States","Columbus","Georgia","31907","South","OFF-BI-10001071","Office Supplies","Binders","GBC ProClick Punch Binding System","319.9","5","0.0","156.751","No"
"1","1662","US-2023-105340","2023-11-22","2023-11-25","First Class","EH-14185","Evan Henry","Consumer","United States","Pasadena","Texas","77506","Central","OFF-BI-10001765","Office Supplies","Binders","Wilson Jones Heavy-Duty Casebound Ring Binders with Metal Hinges","6.927999999999998","1","0.8","-11.084800000000005","No"
"1","1663","US-2023-112200","2023-11-22","2023-11-28","Standard Class","TC-21475","Tony Chapman","Home Office","United States","Bolingbrook","Illinois","60440","Central","OFF-BI-10002571","Office Supplies","Binders","Avery Framed View Binder, EZD Ring (Locking), Navy, 1 1/2""","9.979999999999997","5","0.8","-16.467000000000002","No"
"1","1664","US-2023-129091","2023-11-22","2023-11-27","Standard Class","RA-19885","Ruben Ausman","Corporate","United States","Columbus","Georgia","31907","South","OFF-EN-10001990","Office Supplies","Envelopes","Staple envelope","11.36","2","0.0","5.339199999999999","No"
"1","1665","US-2023-129091","2023-11-22","2023-11-27","Standard Class","RA-19885","Ruben Ausman","Corporate","United States","Columbus","Georgia","31907","South","OFF-EN-10004955","Office Supplies","Envelopes","Fashion Color Clasp Envelopes","16.23","3","0.0","7.9527","No"
"1","1666","US-2023-125682","2023-11-22","2023-11-25","First Class","RB-19645","Robert Barroso","Corporate","United States","Atlanta","Georgia","30318","South","OFF-PA-10001752","Office Supplies","Paper","Hammermill CopyPlus Copy Paper (20Lb. and 84 Bright)","9.96","2","0.0","4.880400000000001","No"
"1","1667","US-2023-135090","2023-11-22","2023-11-26","Standard Class","SP-20920","Susan Pistek","Consumer","United States","Los Angeles","California","90036","West","OFF-PA-10002245","Office Supplies","Paper","Xerox 1895","53.82000000000001","9","0.0","24.219","No"
"1","1668","US-2023-157385","2023-11-23","2023-11-25","First Class","SC-20095","Sanjit Chand","Consumer","United States","Los Angeles","California","90004","West","FUR-CH-10000595","Furniture","Chairs","Safco Contoured Stacking Chairs","381.44000000000005","2","0.2","23.839999999999975","No"
"1","1669","US-2023-157385","2023-11-23","2023-11-25","First Class","SC-20095","Sanjit Chand","Consumer","United States","Los Angeles","California","90004","West","FUR-CH-10000863","Furniture","Chairs","Novimex Swivel Fabric Task Chair","603.92","5","0.2","-67.941","No"
"1","1670","US-2023-143721","2023-11-23","2023-11-26","Second Class","DK-12835","Damala Kotsonis","Corporate","United States","Houston","Texas","77095","Central","FUR-CH-10001973","Furniture","Chairs","Office Star Flex Back Scooter Chair with White Frame","155.372","2","0.3","-35.5136","No"
"1","1671","US-2023-120544","2023-11-23","2023-11-27","Standard Class","SS-20140","Saphhira Shifley","Corporate","United States","Mesquite","Texas","75150","Central","FUR-FU-10001940","Furniture","Furnishings","Staple-based wall hangings","6.368","2","0.6","-2.5471999999999984","No"
"1","1672","US-2023-120544","2023-11-23","2023-11-27","Standard Class","SS-20140","Saphhira Shifley","Corporate","United States","Mesquite","Texas","75150","Central","OFF-AP-10004336","Office Supplies","Appliances","Conquest 14 Commercial Heavy-Duty Upright Vacuum, Collection System, Accessory Kit","34.175999999999995","3","0.8","-87.14880000000002","No"
"1","1673","US-2023-139283","2023-11-23","2023-11-27","Standard Class","BT-11440","Bobby Trafton","Consumer","United States","Detroit","Michigan","48227","Central","OFF-BI-10002049","Office Supplies","Binders","UniKeep View Case Binders","14.669999999999998","3","0.0","6.748199999999999","No"
"1","1674","US-2023-159625","2023-11-23","2023-11-28","Standard Class","SM-20005","Sally Matthias","Consumer","United States","Scottsdale","Arizona","85254","West","OFF-EN-10002621","Office Supplies","Envelopes","Staple envelope","23.472","3","0.2","8.801999999999998","No"
"1","1675","US-2023-149055","2023-11-23","2023-11-28","Standard Class","PB-19210","Phillip Breyer","Corporate","United States","Philadelphia","Pennsylvania","19134","East","OFF-EN-10003040","Office Supplies","Envelopes","Quality Park Security Envelopes","62.80800000000001","3","0.2","21.1977","No"
"1","1676","US-2023-157385","2023-11-23","2023-11-25","First Class","SC-20095","Sanjit Chand","Consumer","United States","Los Angeles","California","90004","West","OFF-EN-10003160","Office Supplies","Envelopes","Pastel Pink Envelopes","21.84","3","0.0","10.4832","No"
"1","1677","US-2023-110352","2023-11-23","2023-11-29","Standard Class","ED-13885","Emily Ducich","Home Office","United States","Houston","Texas","77036","Central","OFF-LA-10003923","Office Supplies","Labels","Alphabetical Labels for Top Tab Filing","23.680000000000003","2","0.2","8.879999999999999","No"
"1","1678","US-2023-157385","2023-11-23","2023-11-25","First Class","SC-20095","Sanjit Chand","Consumer","United States","Los Angeles","California","90004","West","TEC-AC-10003280","Technology","Accessories","Belkin F8E887 USB Wired Ergonomic Keyboard","29.99","1","0.0","6.2978999999999985","No"
"1","1679","US-2023-120544","2023-11-23","2023-11-27","Standard Class","SS-20140","Saphhira Shifley","Corporate","United States","Mesquite","Texas","75150","Central","TEC-AC-10003709","Technology","Accessories","Maxell 4.7GB DVD-R 5/Pack","5.5440000000000005","7","0.2","1.663200000000001","No"
"1","1680","US-2023-105984","2023-11-24","2023-11-24","Same Day","MY-18295","Muhammed Yedwab","Corporate","United States","Columbus","Ohio","43229","East","FUR-CH-10000847","Furniture","Chairs","Global Executive Mid-Back Manager's Chair","611.058","3","0.3","-34.91760000000002","No"
"1","1681","US-2023-102295","2023-11-24","2023-11-26","Second Class","EH-13990","Erica Hackney","Consumer","United States","Sacramento","California","95823","West","FUR-CH-10001714","Furniture","Chairs","Global Leather & Oak Executive Chair, Burgundy","120.712","1","0.2","-18.106799999999993","No"
"1","1682","US-2023-158540","2023-11-24","2023-11-26","First Class","VG-21790","Vivek Gonzalez","Consumer","United States","San Diego","California","92037","West","FUR-FU-10001602","Furniture","Furnishings","Eldon Delta Triangular Chair Mat, 52"" x 58"", Clear","151.72","4","0.0","27.30959999999999","No"
"1","1683","US-2023-122217","2023-11-24","2023-11-29","Standard Class","HP-14815","Harold Pawlan","Home Office","United States","Virginia Beach","Virginia","23464","South","FUR-FU-10002045","Furniture","Furnishings","Executive Impressions 14""","111.15","5","0.0","48.906000000000006","No"
"1","1684","US-2023-153850","2023-11-24","2023-11-29","Standard Class","TH-21100","Thea Hendricks","Consumer","United States","Toledo","Ohio","43615","East","FUR-FU-10002960","Furniture","Furnishings","Eldon 200 Class Desk Accessories, Burgundy","35.168000000000006","7","0.2","9.671200000000002","No"
"1","1685","US-2023-100762","2023-11-24","2023-11-29","Standard Class","NG-18355","Nat Gilpin","Corporate","United States","Jackson","Michigan","49201","Central","OFF-AR-10000380","Office Supplies","Art","Hunt PowerHouse Electric Pencil Sharpener, Blue","151.92","4","0.0","45.57599999999998","Yes"
"1","1686","US-2023-115973","2023-11-24","2023-11-26","First Class","NG-18430","Nathan Gelder","Consumer","United States","Cincinnati","Ohio","45231","East","OFF-AR-10004757","Office Supplies","Art","Crayola Colored Pencils","2.624","1","0.2","0.4263999999999998","No"
"1","1687","US-2023-111360","2023-11-24","2023-11-30","Standard Class","AT-10435","Alyssa Tate","Home Office","United States","Akron","Ohio","44312","East","OFF-BI-10003350","Office Supplies","Binders","Acco Expandable Hanging Binders","5.742000000000001","3","0.7","-4.593599999999999","No"
"1","1688","US-2023-127131","2023-11-24","2023-11-30","Standard Class","HR-14830","Harold Ryan","Corporate","United States","Seattle","Washington","98103","West","OFF-BI-10004656","Office Supplies","Binders","Peel & Stick Add-On Corner Pockets","12.096000000000002","7","0.2","4.233599999999999","Yes"
"1","1689","US-2023-100762","2023-11-24","2023-11-29","Standard Class","NG-18355","Nat Gilpin","Corporate","United States","Jackson","Michigan","49201","Central","OFF-LA-10003930","Office Supplies","Labels","Dot Matrix Printer Tape Reel Labels, White, 5000/Box","196.62","2","0.0","96.3438","Yes"
"1","1690","US-2023-127131","2023-11-24","2023-11-30","Standard Class","HR-14830","Harold Ryan","Corporate","United States","Seattle","Washington","98103","West","OFF-PA-10001800","Office Supplies","Paper","Xerox 220","25.92","4","0.0","12.4416","Yes"
"1","1691","US-2023-100762","2023-11-24","2023-11-29","Standard Class","NG-18355","Nat Gilpin","Corporate","United States","Jackson","Michigan","49201","Central","OFF-PA-10001815","Office Supplies","Paper","Xerox 1885","144.12","3","0.0","69.17759999999998","Yes"
"1","1692","US-2023-100762","2023-11-24","2023-11-29","Standard Class","NG-18355","Nat Gilpin","Corporate","United States","Jackson","Michigan","49201","Central","OFF-PA-10004082","Office Supplies","Paper","Adams Telephone Message Book w/Frequently-Called Numbers Space, 400 Messages per Book","15.96","2","0.0","7.98","Yes"
"1","1693","US-2023-127131","2023-11-24","2023-11-30","Standard Class","HR-14830","Harold Ryan","Corporate","United States","Seattle","Washington","98103","West","OFF-ST-10000036","Office Supplies","Storage","Recycled Data-Pak for Archival Bound Computer Printouts, 12-1/2 x 12-1/2 x 16","197.58","2","0.0","53.346599999999995","Yes"
"1","1694","US-2023-163034","2023-11-24","2023-11-28","Standard Class","DK-12985","Darren Koutras","Consumer","United States","Chicago","Illinois","60610","Central","OFF-ST-10000046","Office Supplies","Storage","Fellowes Super Stor/Drawer Files","646.2","5","0.2","-8.077499999999986","No"
"1","1695","US-2023-127131","2023-11-24","2023-11-30","Standard Class","HR-14830","Harold Ryan","Corporate","United States","Seattle","Washington","98103","West","OFF-ST-10002344","Office Supplies","Storage","Carina 42""Hx23 3/4""W Media Storage Unit","485.88","6","0.0","9.717600000000033","Yes"
"1","1696","US-2023-167360","2023-11-24","2023-11-29","Second Class","RB-19435","Richard Bierner","Consumer","United States","Saint Louis","Missouri","63116","Central","TEC-AC-10001772","Technology","Accessories","Memorex Mini Travel Drive 16 GB USB 2.0 Flash Drive","111.79","7","0.0","43.5981","No"
"1","1697","US-2023-105984","2023-11-24","2023-11-24","Same Day","MY-18295","Muhammed Yedwab","Corporate","United States","Columbus","Ohio","43229","East","TEC-PH-10000560","Technology","Phones","Samsung Galaxy S III - 16GB - pebble blue (T-Mobile)","1049.97","5","0.4","-209.99399999999991","No"
"1","1698","US-2023-153850","2023-11-24","2023-11-29","Standard Class","TH-21100","Thea Hendricks","Consumer","United States","Toledo","Ohio","43615","East","TEC-PH-10002584","Technology","Phones","Samsung Galaxy S4","1502.376","4","0.4","-250.3960000000002","No"
"1","1699","CA-2023-153623","2023-11-24","2023-12-05","Standard Class","JP-11135","James Peterman","Corporate","Canada","St. John's","Newfoundland and Labrador","A0A","East","FUR-FU-10002501","Furniture","Furnishings","Nu-Dell Executive Frame","99.12","8","0.0","35.4144","No"
"1","1700","CA-2023-153623","2023-11-24","2023-12-05","Standard Class","JP-11135","James Peterman","Corporate","Canada","St. John's","Newfoundland and Labrador","A0A","East","FUR-FU-10002501","Furniture","Furnishings","Nu-Dell Executive Frame","99.12","8","0.0","35.4144","No"
"1","1701","US-2023-119151","2023-11-25","2023-11-29","Second Class","MP-18175","Mike Pelletier","Home Office","United States","New York City","New York","10009","East","FUR-BO-10003159","Furniture","Bookcases","Sauder Camden County Collection Libraries, Planked Cherry Finish","275.952","3","0.2","-37.943400000000025","No"
"1","1702","US-2023-144078","2023-11-25","2023-11-29","Standard Class","RB-19435","Richard Bierner","Consumer","United States","Los Angeles","California","90004","West","FUR-CH-10002335","Furniture","Chairs","Hon GuestStacker Chair","725.344","4","0.2","54.4008","No"
"1","1703","US-2023-127446","2023-11-25","2023-11-30","Standard Class","MC-17590","Matt Collister","Corporate","United States","Arlington","Texas","76017","Central","FUR-FU-10000221","Furniture","Furnishings","Master Caster Door Stop, Brown","6.096","3","0.6","-3.9624000000000006","No"
"1","1704","US-2023-122588","2023-11-25","2023-11-27","Second Class","AR-10540","Andy Reiter","Consumer","United States","Woonsocket","Rhode Island","2895","East","FUR-FU-10001095","Furniture","Furnishings","DAX Black Cherry Wood-Tone Poster Frame","52.96","2","0.0","20.1248","No"
"1","1705","US-2023-164721","2023-11-25","2023-11-27","Second Class","LW-16825","Laurel Workman","Corporate","United States","Brentwood","California","94513","West","FUR-FU-10001940","Furniture","Furnishings","Staple-based wall hangings","23.88","3","0.0","10.5072","Yes"
"1","1706","US-2023-127446","2023-11-25","2023-11-30","Standard Class","MC-17590","Matt Collister","Corporate","United States","Arlington","Texas","76017","Central","FUR-TA-10000577","Furniture","Tables","Bretford CR4500 Series Slim Rectangular Table","1218.7349999999997","5","0.3","-121.87349999999992","No"
"1","1707","US-2023-164721","2023-11-25","2023-11-27","Second Class","LW-16825","Laurel Workman","Corporate","United States","Brentwood","California","94513","West","OFF-AP-10000240","Office Supplies","Appliances","Belkin F9G930V10-GRY 9 Outlet Surge","320.88","6","0.0","93.05519999999996","Yes"
"1","1708","US-2023-107993","2023-11-25","2023-11-30","Standard Class","SE-20110","Sanjit Engle","Consumer","United States","Springfield","Oregon","97477","West","OFF-AR-10003179","Office Supplies","Art","Dixon Ticonderoga Core-Lock Colored Pencils","51.016000000000005","7","0.2","8.290099999999995","No"
"1","1709","US-2023-144078","2023-11-25","2023-11-29","Standard Class","RB-19435","Richard Bierner","Consumer","United States","Los Angeles","California","90004","West","OFF-AR-10004707","Office Supplies","Art","Staples in misc. colors","7.44","3","0.0","2.6039999999999996","No"
"1","1710","US-2023-127446","2023-11-25","2023-11-30","Standard Class","MC-17590","Matt Collister","Corporate","United States","Arlington","Texas","76017","Central","OFF-LA-10000248","Office Supplies","Labels","Avery 52","5.904","2","0.2","1.9926","No"
"1","1711","US-2023-127446","2023-11-25","2023-11-30","Standard Class","MC-17590","Matt Collister","Corporate","United States","Arlington","Texas","76017","Central","OFF-LA-10001317","Office Supplies","Labels","Avery 520","2.52","1","0.2","0.882","No"
"1","1712","US-2023-164721","2023-11-25","2023-11-27","Second Class","LW-16825","Laurel Workman","Corporate","United States","Brentwood","California","94513","West","OFF-PA-10000575","Office Supplies","Paper","Wirebound Message Books, Four 2 3/4 x 5 White Forms per Page","26.76","4","0.0","12.3096","Yes"
"1","1713","US-2023-127446","2023-11-25","2023-11-30","Standard Class","MC-17590","Matt Collister","Corporate","United States","Arlington","Texas","76017","Central","OFF-PA-10000955","Office Supplies","Paper","Southworth 25% Cotton Granite Paper & Envelopes","15.696000000000002","3","0.2","5.1011999999999995","No"
"1","1714","US-2023-119151","2023-11-25","2023-11-29","Second Class","MP-18175","Mike Pelletier","Home Office","United States","New York City","New York","10009","East","OFF-ST-10003470","Office Supplies","Storage","Tennsco Snap-Together Open Shelving Units, Starter Sets and Add-On Units","1117.92","4","0.0","55.89599999999996","No"
"1","1715","US-2023-127446","2023-11-25","2023-11-30","Standard Class","MC-17590","Matt Collister","Corporate","United States","Arlington","Texas","76017","Central","TEC-AC-10001635","Technology","Accessories","KeyTronic KT400U2 - Keyboard - Black","24.672","3","0.2","0.0","No"
"1","1716","US-2023-144078","2023-11-25","2023-11-29","Standard Class","RB-19435","Richard Bierner","Consumer","United States","Los Angeles","California","90004","West","TEC-PH-10001580","Technology","Phones","Logitech Mobile Speakerphone P710e - speaker phone","539.92","5","0.2","47.24299999999997","No"
"1","1717","US-2023-147606","2023-11-26","2023-12-01","Second Class","JE-15745","Joel Eaton","Consumer","United States","Houston","Texas","77070","Central","FUR-FU-10003194","Furniture","Furnishings","Eldon Expressions Desk Accessory, Wood Pencil Holder, Oak","19.3","5","0.6","-14.475","No"
"1","1718","US-2023-141110","2023-11-26","2023-12-01","Standard Class","LS-17200","Luke Schmidt","Corporate","United States","Fresno","California","93727","West","OFF-AP-10000692","Office Supplies","Appliances","Fellowes Mighty 8 Compact Surge Protector","40.54","2","0.0","11.351200000000002","No"
"1","1719","US-2023-124730","2023-11-26","2023-11-26","Same Day","LS-17245","Lynn Smith","Consumer","United States","Utica","New York","13501","East","OFF-BI-10001031","Office Supplies","Binders","Pressboard Data Binders by Wilson Jones","17.088","4","0.2","5.767199999999999","No"
"1","1720","US-2023-124730","2023-11-26","2023-11-26","Same Day","LS-17245","Lynn Smith","Consumer","United States","Utica","New York","13501","East","OFF-BI-10001078","Office Supplies","Binders","Acco PRESSTEX Data Binder with Storage Hooks, Dark Blue, 14 7/8"" X 11""","12.912","3","0.2","4.6806","No"
"1","1721","US-2023-141110","2023-11-26","2023-12-01","Standard Class","LS-17200","Luke Schmidt","Corporate","United States","Fresno","California","93727","West","OFF-BI-10001553","Office Supplies","Binders","SpineVue Locking Slant-D Ring Binders by Cardinal","7.312000000000001","1","0.2","2.5591999999999997","No"
"1","1722","US-2023-141110","2023-11-26","2023-12-01","Standard Class","LS-17200","Luke Schmidt","Corporate","United States","Fresno","California","93727","West","OFF-BI-10002012","Office Supplies","Binders","Wilson Jones Easy Flow II Sheet Lifters","4.32","3","0.2","1.512","No"
"1","1723","US-2023-124730","2023-11-26","2023-11-26","Same Day","LS-17245","Lynn Smith","Consumer","United States","Utica","New York","13501","East","OFF-LA-10001158","Office Supplies","Labels","Avery Address/Shipping Labels for Typewriters, 4"" x 2""","93.15","9","0.0","44.712","No"
"1","1724","US-2023-124730","2023-11-26","2023-11-26","Same Day","LS-17245","Lynn Smith","Consumer","United States","Utica","New York","13501","East","OFF-LA-10001613","Office Supplies","Labels","Avery File Folder Labels","11.52","4","0.0","5.6448","No"
"1","1725","US-2023-147648","2023-11-26","2023-12-01","Standard Class","LS-16975","Lindsay Shagiari","Home Office","United States","San Francisco","California","94109","West","OFF-PA-10001033","Office Supplies","Paper","Xerox 1893","81.98","2","0.0","40.1702","No"
"1","1726","US-2023-168984","2023-11-26","2023-12-02","Standard Class","NW-18400","Natalie Webber","Consumer","United States","Tigard","Oregon","97224","West","OFF-PA-10001166","Office Supplies","Paper","Xerox 2","15.552000000000003","3","0.2","5.4432","No"
"1","1727","US-2023-141110","2023-11-26","2023-12-01","Standard Class","LS-17200","Luke Schmidt","Corporate","United States","Fresno","California","93727","West","OFF-PA-10002586","Office Supplies","Paper","Xerox 1970","14.94","3","0.0","7.021800000000001","No"
"1","1728","US-2023-168984","2023-11-26","2023-12-02","Standard Class","NW-18400","Natalie Webber","Consumer","United States","Tigard","Oregon","97224","West","OFF-ST-10001097","Office Supplies","Storage","Office Impressions Heavy Duty Welded Shelving & Multimedia Storage Drawers","669.08","5","0.2","-167.27","No"
"1","1729","US-2023-168984","2023-11-26","2023-12-02","Standard Class","NW-18400","Natalie Webber","Consumer","United States","Tigard","Oregon","97224","West","TEC-PH-10000038","Technology","Phones","Jawbone MINI JAMBOX Wireless Bluetooth Speaker","438.336","4","0.2","-87.66720000000004","No"
"1","1730","US-2023-124730","2023-11-26","2023-11-26","Same Day","LS-17245","Lynn Smith","Consumer","United States","Utica","New York","13501","East","TEC-PH-10002170","Technology","Phones","ClearSounds CSC500 Amplified Spirit Phone Corded phone","279.96","4","0.0","78.3888","No"
"1","1731","US-2023-167486","2023-11-27","2023-12-01","Standard Class","JO-15145","Jack O'Briant","Corporate","United States","Buffalo","New York","14215","East","FUR-FU-10003268","Furniture","Furnishings","Eldon Radial Chair Mat for Low to Medium Pile Carpets","199.9","5","0.0","39.97999999999999","No"
"1","1732","US-2023-119032","2023-11-27","2023-12-03","Standard Class","MS-17770","Maxwell Schwartz","Consumer","United States","New York City","New York","10035","East","OFF-FA-10003021","Office Supplies","Fasteners","Staples","3.76","2","0.0","1.3159999999999998","No"
"1","1733","US-2023-105249","2023-11-28","2023-11-28","Same Day","DH-13675","Duane Huffman","Home Office","United States","San Francisco","California","94122","West","FUR-BO-10000330","Furniture","Bookcases","Sauder Camden County Barrister Bookcase, Planked Cherry Finish","411.332","4","0.15","-4.839199999999977","No"
"1","1734","US-2023-101560","2023-11-28","2023-12-01","Second Class","CS-12250","Chris Selesnick","Corporate","United States","Columbia","South Carolina","29203","South","FUR-FU-10003773","Furniture","Furnishings","Eldon Cleatmat Plus Chair Mats for High Pile Carpets","397.6","5","0.0","43.73599999999996","No"
"1","1735","US-2023-159800","2023-11-28","2023-12-01","First Class","SG-20470","Sheri Gordon","Consumer","United States","San Francisco","California","94109","West","OFF-AP-10004859","Office Supplies","Appliances","Acco 6 Outlet Guardian Premium Surge Suppressor","43.68","3","0.0","11.7936","No"
"1","1736","US-2023-163013","2023-11-28","2023-12-04","Standard Class","BF-11080","Bart Folk","Consumer","United States","Montgomery","Alabama","36116","South","OFF-AR-10001954","Office Supplies","Art","Newell 331","14.669999999999998","3","0.0","3.9609","No"
"1","1737","US-2023-101560","2023-11-28","2023-12-01","Second Class","CS-12250","Chris Selesnick","Corporate","United States","Columbia","South Carolina","29203","South","OFF-AR-10004757","Office Supplies","Art","Crayola Colored Pencils","13.12","4","0.0","4.329599999999999","No"
"1","1738","US-2023-101560","2023-11-28","2023-12-01","Second Class","CS-12250","Chris Selesnick","Corporate","United States","Columbia","South Carolina","29203","South","OFF-BI-10000309","Office Supplies","Binders","GBC Twin Loop Wire Binding Elements, 9/16"" Spine, Black","45.66","3","0.0","22.3734","No"
"1","1739","US-2023-121167","2023-11-28","2023-11-30","Second Class","MO-17500","Mary O'Rourke","Consumer","United States","Freeport","New York","11520","East","OFF-BI-10003676","Office Supplies","Binders","GBC Standard Recycled Report Covers, Clear Plastic Sheets","17.248","2","0.2","6.036799999999999","No"
"1","1740","US-2023-120175","2023-11-28","2023-12-03","Standard Class","MC-17635","Matthew Clasen","Corporate","United States","Richmond","Indiana","47374","Central","OFF-EN-10003862","Office Supplies","Envelopes","Laser & Ink Jet Business Envelopes","64.02","6","0.0","29.4492","No"
"1","1741","US-2023-105249","2023-11-28","2023-11-28","Same Day","DH-13675","Duane Huffman","Home Office","United States","San Francisco","California","94122","West","OFF-LA-10002043","Office Supplies","Labels","Avery 489","41.4","4","0.0","19.872","No"
"1","1742","US-2023-101560","2023-11-28","2023-12-01","Second Class","CS-12250","Chris Selesnick","Corporate","United States","Columbia","South Carolina","29203","South","OFF-PA-10001363","Office Supplies","Paper","Xerox 1933","85.96","7","0.0","40.4012","No"
"1","1743","US-2023-105249","2023-11-28","2023-11-28","Same Day","DH-13675","Duane Huffman","Home Office","United States","San Francisco","California","94122","West","OFF-SU-10001225","Office Supplies","Supplies","Staple remover","7.36","2","0.0","0.1471999999999997","No"
"1","1744","US-2023-159800","2023-11-28","2023-12-01","First Class","SG-20470","Sheri Gordon","Consumer","United States","San Francisco","California","94109","West","TEC-AC-10003447","Technology","Accessories","Micropad Numeric Keypads","139.92999999999998","7","0.0","34.98249999999999","No"
"1","1745","US-2023-121629","2023-11-28","2023-12-02","Standard Class","BT-11680","Brian Thompson","Consumer","United States","Houston","Texas","77041","Central","TEC-MA-10004679","Technology","Machines","StarTech.com 10/100 VDSL2 Ethernet Extender Kit","998.85","5","0.4","-199.7700000000001","No"
"1","1746","US-2023-134712","2023-11-29","2023-12-04","Standard Class","BS-11380","Bill Stewart","Corporate","United States","Skokie","Illinois","60076","Central","OFF-FA-10003112","Office Supplies","Fasteners","Staples","12.624","2","0.2","3.944999999999999","No"
"1","1747","US-2023-153983","2023-11-29","2023-12-06","Standard Class","AH-10210","Alan Hwang","Consumer","United States","San Francisco","California","94122","West","OFF-FA-10003495","Office Supplies","Fasteners","Staples","30.4","5","0.0","15.2","No"
"1","1748","US-2023-136280","2023-11-29","2023-12-06","Standard Class","Co-12640","Corey-Lock","Consumer","United States","Philadelphia","Pennsylvania","19143","East","OFF-LA-10000452","Office Supplies","Labels","Avery 488","5.04","2","0.2","1.764","No"
"1","1749","US-2023-111353","2023-11-29","2023-12-06","Standard Class","PB-19150","Philip Brown","Consumer","United States","New York City","New York","10009","East","OFF-LA-10002762","Office Supplies","Labels","Avery 485","25.06","2","0.0","11.778199999999998","No"
"1","1750","US-2023-153983","2023-11-29","2023-12-06","Standard Class","AH-10210","Alan Hwang","Consumer","United States","San Francisco","California","94122","West","TEC-PH-10004586","Technology","Phones","Wilson SignalBoost 841262 DB PRO Amplifier Kit","575.92","2","0.2","71.98999999999998","No"
"1","1751","US-2023-148425","2023-11-30","2023-12-04","Standard Class","RF-19345","Randy Ferguson","Corporate","United States","Orlando","Florida","32839","South","OFF-BI-10000201","Office Supplies","Binders","Avery Triangle Shaped Sheet Lifters, Black, 2/Pack","6.642000000000001","9","0.7","-4.427999999999999","No"
"1","1752","US-2023-103590","2023-11-30","2023-12-04","Standard Class","JL-15505","Jeremy Lonsdale","Consumer","United States","Mount Vernon","New York","10550","East","OFF-EN-10004007","Office Supplies","Envelopes","Park Ridge Embossed Executive Business Envelopes","62.28","4","0.0","29.2716","No"
"1","1753","US-2023-146843","2023-11-30","2023-12-06","Standard Class","PB-19150","Philip Brown","Consumer","United States","Avondale","Arizona","85323","West","OFF-SU-10001664","Office Supplies","Supplies","Acme Office Executive Series Stainless Steel Trimmers","47.992","7","0.2","3.5993999999999993","No"
"1","1754","US-2023-146843","2023-11-30","2023-12-06","Standard Class","PB-19150","Philip Brown","Consumer","United States","Avondale","Arizona","85323","West","TEC-AC-10002550","Technology","Accessories","Memorex 25GB 6X Branded Blu-Ray Recordable Disc, 30/Pack","102.24","4","0.2","-16.614000000000004","No"
"1","1755","US-2023-150798","2023-12-01","2023-12-03","Second Class","JK-15730","Joe Kamberova","Consumer","United States","Columbus","Ohio","43229","East","FUR-CH-10000015","Furniture","Chairs","Hon Multipurpose Stacking Arm Chairs","909.7199999999998","6","0.3","-51.98399999999992","No"
"1","1756","US-2023-120474","2023-12-01","2023-12-03","First Class","RP-19390","Resi Pölking","Consumer","United States","Madison","Wisconsin","53711","Central","FUR-CH-10001854","Furniture","Chairs","Office Star - Professional Matrix Back Chair with 2-to-1 Synchro Tilt and Mesh Fabric Seat","2807.84","8","0.0","673.8816000000002","No"
"1","1757","US-2023-161613","2023-12-01","2023-12-03","Second Class","MC-17605","Matt Connell","Corporate","United States","Houston","Texas","77070","Central","FUR-CH-10003746","Furniture","Chairs","Hon 4070 Series Pagoda Round Back Stacking Chairs","674.058","3","0.3","-19.258800000000008","No"
"1","1758","US-2023-150798","2023-12-01","2023-12-03","Second Class","JK-15730","Joe Kamberova","Consumer","United States","Columbus","Ohio","43229","East","FUR-FU-10000221","Furniture","Furnishings","Master Caster Door Stop, Brown","8.128","2","0.2","1.4223999999999997","No"
"1","1759","US-2023-131051","2023-12-01","2023-12-05","Standard Class","TR-21325","Toby Ritter","Consumer","United States","San Francisco","California","94122","West","FUR-FU-10001861","Furniture","Furnishings","Floodlight Indoor Halogen Bulbs, 1 Bulb per Pack, 60 Watts","58.2","3","0.0","28.517999999999994","No"
"1","1760","US-2023-143210","2023-12-01","2023-12-03","First Class","AA-10645","Anna Andreadi","Consumer","United States","Lowell","Massachusetts","1852","East","FUR-FU-10002268","Furniture","Furnishings","Ultra Door Push Plate","9.82","2","0.0","3.2405999999999997","No"
"1","1761","US-2023-143210","2023-12-01","2023-12-03","First Class","AA-10645","Anna Andreadi","Consumer","United States","Lowell","Massachusetts","1852","East","FUR-FU-10003878","Furniture","Furnishings","Linden 10"" Round Wall Clock, Black","45.84","3","0.0","15.5856","No"
"1","1762","US-2023-120474","2023-12-01","2023-12-03","First Class","RP-19390","Resi Pölking","Consumer","United States","Madison","Wisconsin","53711","Central","OFF-AR-10000475","Office Supplies","Art","Hunt BOSTON Vista Battery-Operated Pencil Sharpener, Black","46.64","4","0.0","12.592800000000004","No"
"1","1763","US-2023-150798","2023-12-01","2023-12-03","Second Class","JK-15730","Joe Kamberova","Consumer","United States","Columbus","Ohio","43229","East","OFF-PA-10001972","Office Supplies","Paper","Xerox 214","36.28800000000001","7","0.2","12.7008","No"
"1","1764","US-2023-150798","2023-12-01","2023-12-03","Second Class","JK-15730","Joe Kamberova","Consumer","United States","Columbus","Ohio","43229","East","TEC-CO-10001571","Technology","Copiers","Sharp 1540cs Digital Laser Copier","659.9879999999999","2","0.4","109.998","No"
"1","1765","US-2023-131527","2023-12-01","2023-12-07","Standard Class","TB-21280","Toby Braunhardt","Consumer","United States","Jacksonville","North Carolina","28540","South","TEC-PH-10001644","Technology","Phones","BlueLounge Milo Smartphone Stand, White/Metallic","95.968","4","0.2","9.596800000000004","No"
"1","1766","US-2023-143210","2023-12-01","2023-12-03","First Class","AA-10645","Anna Andreadi","Consumer","United States","Lowell","Massachusetts","1852","East","TEC-PH-10004434","Technology","Phones","Cisco IP Phone 7961G VoIP phone - Dark gray","271.9","2","0.0","78.85099999999997","No"
"1","1767","US-2023-112158","2023-12-02","2023-12-04","First Class","DP-13165","David Philippe","Consumer","United States","New York City","New York","10035","East","FUR-BO-10003272","Furniture","Bookcases","O'Sullivan Living Dimensions 5-Shelf Bookcases","883.92","5","0.2","-110.49000000000008","No"
"1","1768","US-2023-154095","2023-12-02","2023-12-07","Standard Class","ON-18715","Odella Nelson","Corporate","United States","Clinton","Maryland","20735","East","FUR-CH-10004754","Furniture","Chairs","Global Stack Chair with Arms, Black","239.84","8","0.0","64.7568","No"
"1","1769","US-2023-117744","2023-12-02","2023-12-06","Standard Class","MD-17860","Michael Dominguez","Corporate","United States","Corpus Christi","Texas","78415","Central","FUR-FU-10001588","Furniture","Furnishings","Deflect-o SuperTray Unbreakable Stackable Tray, Letter, Black","58.36","5","0.6","-24.802999999999997","No"
"1","1770","US-2023-117744","2023-12-02","2023-12-06","Standard Class","MD-17860","Michael Dominguez","Corporate","United States","Corpus Christi","Texas","78415","Central","FUR-FU-10002759","Furniture","Furnishings","12-1/2 Diameter Round Wall Clock","39.96000000000001","5","0.6","-23.976","No"
"1","1771","US-2023-154095","2023-12-02","2023-12-07","Standard Class","ON-18715","Odella Nelson","Corporate","United States","Clinton","Maryland","20735","East","FUR-FU-10003849","Furniture","Furnishings","DAX Metal Frame, Desktop, Stepped-Edge","60.72","3","0.0","23.6808","No"
"1","1772","US-2023-101147","2023-12-02","2023-12-04","First Class","MC-17575","Matt Collins","Consumer","United States","Chicago","Illinois","60623","Central","OFF-AP-10004249","Office Supplies","Appliances","Staple holder","2.3939999999999997","1","0.8","-6.344100000000001","No"
"1","1773","US-2023-117744","2023-12-02","2023-12-06","Standard Class","MD-17860","Michael Dominguez","Corporate","United States","Corpus Christi","Texas","78415","Central","OFF-AR-10000940","Office Supplies","Art","Newell 343","16.464","7","0.2","1.4406000000000008","No"
"1","1774","US-2023-112158","2023-12-02","2023-12-04","First Class","DP-13165","David Philippe","Consumer","United States","New York City","New York","10035","East","OFF-BI-10000050","Office Supplies","Binders","Angle-D Binders with Locking Rings, Label Holders","46.72","8","0.2","15.767999999999995","No"
"1","1775","US-2023-154095","2023-12-02","2023-12-07","Standard Class","ON-18715","Odella Nelson","Corporate","United States","Clinton","Maryland","20735","East","OFF-LA-10000634","Office Supplies","Labels","Avery 509","15.66","6","0.0","7.2036","No"
"1","1776","US-2023-103807","2023-12-02","2023-12-09","Standard Class","EM-13825","Elizabeth Moffitt","Corporate","United States","Sandy Springs","Georgia","30328","South","OFF-PA-10002195","Office Supplies","Paper","RSVP Cards & Envelopes, Blank White, 8-1/2"" X 11"", 24 Cards/25 Envelopes/Set","15.24","3","0.0","7.1628","No"
"1","1777","US-2023-154095","2023-12-02","2023-12-07","Standard Class","ON-18715","Odella Nelson","Corporate","United States","Clinton","Maryland","20735","East","OFF-PA-10002923","Office Supplies","Paper","Xerox 1942","146.82","3","0.0","73.41","No"
"1","1778","US-2023-103807","2023-12-02","2023-12-09","Standard Class","EM-13825","Elizabeth Moffitt","Corporate","United States","Sandy Springs","Georgia","30328","South","TEC-AC-10000199","Technology","Accessories","Kingston Digital DataTraveler 8GB USB 2.0","5.95","1","0.0","0.8330000000000002","No"
"1","1779","US-2023-132864","2023-12-02","2023-12-07","Standard Class","KN-16390","Katherine Nockton","Corporate","United States","Columbus","Ohio","43229","East","TEC-AC-10001267","Technology","Accessories","Imation 32GB Pocket Pro USB 3.0 Flash Drive - 32 GB - Black - 1 P ...","119.8","5","0.2","29.950000000000003","No"
"1","1780","US-2023-112158","2023-12-02","2023-12-04","First Class","DP-13165","David Philippe","Consumer","United States","New York City","New York","10035","East","TEC-AC-10003628","Technology","Accessories","Logitech 910-002974 M325 Wireless Mouse for Web Scrolling","119.96","4","0.0","52.78240000000001","No"
"1","1781","CA-2023-123664","2023-12-02","2023-12-06","Standard Class","NC-19470","Neil Cohen","Home Office","Canada","Halifax","Nova Scotia","B3H","East","FUR-FU-10001588","Furniture","Furnishings","Deflect-o SuperTray Unbreakable Stackable Tray, Letter, Black","58.36","5","0.6","-24.802999999999997","No"
"1","1782","CA-2023-117964","2023-12-02","2023-12-06","Standard Class","MK-19560","Michael Knudson","Corporate","Canada","Moncton","New Brunswick","E1A","East","FUR-FU-10002759","Furniture","Furnishings","12-1/2 Diameter Round Wall Clock","39.96000000000001","5","0.6","-20.976","No"
"1","1783","CA-2023-117964","2023-12-02","2023-12-06","Standard Class","MK-19560","Michael Knudson","Corporate","Canada","Moncton","New Brunswick","E1A","East","OFF-AR-10000940","Office Supplies","Art","Newell 343","16.464","7","0.2","2.4406","No"
"1","1784","US-2023-164861","2023-12-03","2023-12-06","Second Class","MC-17635","Matthew Clasen","Corporate","United States","Saint Louis","Missouri","63116","Central","OFF-PA-10001972","Office Supplies","Paper","Xerox 214","25.92","4","0.0","12.4416","Yes"
"1","1785","US-2023-122749","2023-12-03","2023-12-09","Standard Class","NG-18430","Nathan Gelder","Consumer","United States","Oklahoma City","Oklahoma","73120","Central","TEC-PH-10003811","Technology","Phones","Jabra Supreme Plus Driver Edition Headset","479.96","4","0.0","134.3888","No"
"1","1786","US-2023-127187","2023-12-04","2023-12-08","Standard Class","CP-12085","Cathy Prescott","Corporate","United States","New York City","New York","10024","East","TEC-PH-10000673","Technology","Phones","Plantronics Voyager Pro HD - Bluetooth Headset","129.98","2","0.0","62.3904","No"
"1","1787","CA-2023-119508","2023-12-04","2023-12-09","Standard Class","TZ-21580","Tracy Zic","Consumer","Canada","Vancouver","British Columbia","V6B","West","FUR-FU-10004270","Furniture","Furnishings","Eldon Image Series Desk Accessories, Burgundy","25.08","6","0.0","9.03","No"
"1","1788","CA-2023-119508","2023-12-04","2023-12-09","Standard Class","TZ-21580","Tracy Zic","Consumer","Canada","Vancouver","British Columbia","V6B","West","OFF-AR-10003723","Office Supplies","Art","Avery Hi-Liter Fluorescent Desk Style Markers","16.9","5","0.0","6.25","No"
"1","1789","US-2023-150203","2023-12-05","2023-12-07","First Class","JB-15925","Joni Blumstein","Consumer","United States","Los Angeles","California","90032","West","OFF-AP-10001469","Office Supplies","Appliances","Fellowes 8 Outlet Superior Workstation Surge Protector","250.26","6","0.0","72.57539999999997","No"
"1","1790","US-2023-106376","2023-12-05","2023-12-10","Standard Class","BS-11590","Brendan Sweed","Corporate","United States","Gilbert","Arizona","85234","West","OFF-AR-10002671","Office Supplies","Art","Hunt BOSTON Model 1606 High-Volume Electric Pencil Sharpener, Beige","1113.024","8","0.2","111.30239999999998","No"
"1","1791","US-2023-133830","2023-12-05","2023-12-10","Standard Class","RL-19615","Rob Lucas","Consumer","United States","Los Angeles","California","90045","West","OFF-AR-10003045","Office Supplies","Art","Prang Colored Pencils","26.46","9","0.0","11.907","No"
"1","1792","US-2023-151162","2023-12-05","2023-12-09","Standard Class","EA-14035","Erin Ashbrook","Corporate","United States","Columbus","Ohio","43229","East","OFF-BI-10003719","Office Supplies","Binders","Large Capacity Hanging Post Binders","29.940000000000005","4","0.7","-23.952000000000005","Yes"
"1","1793","US-2023-125542","2023-12-05","2023-12-07","First Class","NB-18655","Nona Balk","Corporate","United States","Philadelphia","Pennsylvania","19134","East","OFF-EN-10000056","Office Supplies","Envelopes","Cameo Buff Policy Envelopes","348.488","7","0.2","117.61469999999996","No"
"1","1794","US-2023-133830","2023-12-05","2023-12-10","Standard Class","RL-19615","Rob Lucas","Consumer","United States","Los Angeles","California","90045","West","OFF-FA-10002280","Office Supplies","Fasteners","Advantus Plastic Paper Clips","15.0","3","0.0","7.199999999999999","No"
"1","1795","US-2023-151162","2023-12-05","2023-12-09","Standard Class","EA-14035","Erin Ashbrook","Corporate","United States","Columbus","Ohio","43229","East","OFF-PA-10001033","Office Supplies","Paper","Xerox 1893","98.376","3","0.2","35.661300000000004","Yes"
"1","1796","US-2023-133830","2023-12-05","2023-12-10","Standard Class","RL-19615","Rob Lucas","Consumer","United States","Los Angeles","California","90045","West","OFF-PA-10001363","Office Supplies","Paper","Xerox 1933","49.12","4","0.0","23.0864","No"
"1","1797","US-2023-151162","2023-12-05","2023-12-09","Standard Class","EA-14035","Erin Ashbrook","Corporate","United States","Columbus","Ohio","43229","East","OFF-PA-10003036","Office Supplies","Paper","Black Print Carbonless 8 1/2"" x 8 1/4"" Rapid Memo Book","17.472","3","0.2","5.678399999999998","Yes"
"1","1798","US-2023-125542","2023-12-05","2023-12-07","First Class","NB-18655","Nona Balk","Corporate","United States","Philadelphia","Pennsylvania","19134","East","OFF-ST-10001469","Office Supplies","Storage","Fellowes Bankers Box Recycled Super Stor/Drawer","172.736","4","0.2","-30.228800000000007","No"
"1","1799","US-2023-138296","2023-12-05","2023-12-12","Standard Class","RC-19825","Roy Collins","Consumer","United States","Alexandria","Virginia","22304","South","OFF-ST-10002444","Office Supplies","Storage","Recycled Eldon Regeneration Jumbo File","24.56","2","0.0","6.876799999999999","No"
"1","1800","US-2023-166191","2023-12-05","2023-12-09","Second Class","DK-13150","David Kendrick","Corporate","United States","Decatur","Illinois","62521","Central","OFF-ST-10003455","Office Supplies","Storage","Tenex File Box, Personal Filing Tote with Lid, Black","24.816000000000003","2","0.2","1.8612","No"
"1","1801","US-2023-166191","2023-12-05","2023-12-09","Second Class","DK-13150","David Kendrick","Corporate","United States","Decatur","Illinois","62521","Central","TEC-AC-10004659","Technology","Accessories","Imation Secure+ Hardware Encrypted USB 2.0 Flash Drive; 16GB","408.744","7","0.2","76.63949999999998","No"
"1","1802","US-2023-151162","2023-12-05","2023-12-09","Standard Class","EA-14035","Erin Ashbrook","Corporate","United States","Columbus","Ohio","43229","East","TEC-PH-10001809","Technology","Phones","Panasonic KX T7736-B Digital phone","179.93999999999997","2","0.4","-44.985","Yes"
"1","1803","US-2023-151162","2023-12-05","2023-12-09","Standard Class","EA-14035","Erin Ashbrook","Corporate","United States","Columbus","Ohio","43229","East","TEC-PH-10001870","Technology","Phones","Lunatik TT5L-002 Taktik Strike Impact Protection System for iPhone 5","36.738","1","0.4","-9.184500000000003","Yes"
"1","1804","US-2023-106376","2023-12-05","2023-12-10","Standard Class","BS-11590","Brendan Sweed","Corporate","United States","Gilbert","Arizona","85234","West","TEC-PH-10002726","Technology","Phones","netTALK DUO VoIP Telephone Service","167.96800000000002","4","0.2","62.988","No"
"1","1805","US-2023-140452","2023-12-06","2023-12-10","Standard Class","BK-11260","Berenike Kampe","Consumer","United States","Chicago","Illinois","60610","Central","FUR-FU-10002088","Furniture","Furnishings","Nu-Dell Float Frame 11 x 14 1/2","10.776000000000002","3","0.6","-4.8492","Yes"
"1","1806","US-2023-110030","2023-12-06","2023-12-08","Second Class","LF-17185","Luke Foster","Consumer","United States","Houston","Texas","77095","Central","FUR-FU-10002759","Furniture","Furnishings","12-1/2 Diameter Round Wall Clock","23.976000000000003","3","0.6","-14.385599999999997","No"
"1","1807","US-2023-112872","2023-12-06","2023-12-11","Second Class","RC-19960","Ryan Crowe","Consumer","United States","Springfield","Oregon","97477","West","FUR-TA-10003238","Furniture","Tables","Chromcraft Bull-Nose Wood 48"" x 96"" Rectangular Conference Tables","275.49","1","0.5","-170.80380000000002","No"
"1","1808","US-2023-140452","2023-12-06","2023-12-10","Standard Class","BK-11260","Berenike Kampe","Consumer","United States","Chicago","Illinois","60610","Central","FUR-TA-10004086","Furniture","Tables","KI Adjustable-Height Table","214.95","5","0.5","-120.37200000000004","Yes"
"1","1809","US-2023-140452","2023-12-06","2023-12-10","Standard Class","BK-11260","Berenike Kampe","Consumer","United States","Chicago","Illinois","60610","Central","OFF-AP-10004036","Office Supplies","Appliances","Bionaire 99.97% HEPA Air Cleaner","14.015999999999996","4","0.8","-31.536","Yes"
"1","1810","US-2023-140452","2023-12-06","2023-12-10","Standard Class","BK-11260","Berenike Kampe","Consumer","United States","Chicago","Illinois","60610","Central","OFF-BI-10004965","Office Supplies","Binders","Ibico Covers for Plastic or Wire Binding Elements","4.599999999999999","2","0.8","-8.050000000000002","Yes"
"1","1811","US-2023-155390","2023-12-06","2023-12-11","Standard Class","BG-11035","Barry Gonzalez","Consumer","United States","Memphis","Tennessee","38109","South","OFF-PA-10003641","Office Supplies","Paper","Xerox 1909","42.208","2","0.2","13.717599999999996","No"
"1","1812","US-2023-106726","2023-12-06","2023-12-08","First Class","RS-19765","Roland Schwarz","Corporate","United States","Los Angeles","California","90008","West","OFF-ST-10001496","Office Supplies","Storage","Standard Rollaway File with Lock","1261.33","7","0.0","327.9458","No"
"1","1813","US-2023-112872","2023-12-06","2023-12-11","Second Class","RC-19960","Ryan Crowe","Consumer","United States","Springfield","Oregon","97477","West","OFF-ST-10002205","Office Supplies","Storage","File Shuttle I and Handi-File","53.42400000000001","3","0.2","4.674600000000002","No"
"1","1814","US-2023-140452","2023-12-06","2023-12-10","Standard Class","BK-11260","Berenike Kampe","Consumer","United States","Chicago","Illinois","60610","Central","OFF-ST-10002485","Office Supplies","Storage","Rogers Deluxe File Chest","35.168","2","0.2","-8.352400000000001","Yes"
"1","1815","US-2023-140452","2023-12-06","2023-12-10","Standard Class","BK-11260","Berenike Kampe","Consumer","United States","Chicago","Illinois","60610","Central","TEC-PH-10000307","Technology","Phones","Shocksock Galaxy S4 Armband","35.04","4","0.2","-7.0080000000000044","Yes"
"1","1816","US-2023-138737","2023-12-07","2023-12-10","First Class","FP-14320","Frank Preis","Consumer","United States","Los Angeles","California","90049","West","OFF-AR-10003190","Office Supplies","Art","Newell 32","8.64","3","0.0","2.4192","No"
"1","1817","US-2023-154592","2023-12-07","2023-12-08","First Class","EH-14005","Erica Hernandez","Home Office","United States","San Francisco","California","94109","West","OFF-PA-10000062","Office Supplies","Paper","Green Bar Computer Printout Paper","164.88","3","0.0","80.7912","No"
"1","1818","US-2023-159681","2023-12-07","2023-12-13","Standard Class","PO-18850","Patrick O'Brill","Consumer","United States","Virginia Beach","Virginia","23464","South","OFF-PA-10003641","Office Supplies","Paper","Xerox 1909","105.52","4","0.0","48.539199999999994","No"
"1","1819","US-2023-101392","2023-12-07","2023-12-13","Standard Class","AS-10630","Ann Steele","Home Office","United States","Seattle","Washington","98103","West","OFF-ST-10000532","Office Supplies","Storage","Advantus Rolling Drawer Organizers","269.35999999999996","7","0.0","70.03359999999999","No"
"1","1820","US-2023-135608","2023-12-08","2023-12-10","Second Class","JK-15625","Jim Karlsson","Consumer","United States","Olympia","Washington","98502","West","FUR-CH-10002602","Furniture","Chairs","DMI Arturo Collection Mission-style Design Wood Chair","603.92","5","0.2","45.29400000000001","No"
"1","1821","US-2023-144071","2023-12-08","2023-12-15","Standard Class","DJ-13420","Denny Joy","Corporate","United States","San Francisco","California","94110","West","FUR-FU-10000397","Furniture","Furnishings","Luxo Economy Swing Arm Lamp","39.88","2","0.0","11.166400000000005","No"
"1","1822","US-2023-144071","2023-12-08","2023-12-15","Standard Class","DJ-13420","Denny Joy","Corporate","United States","San Francisco","California","94110","West","FUR-FU-10000758","Furniture","Furnishings","DAX Natural Wood-Tone Poster Frame","79.44","3","0.0","28.59839999999999","No"
"1","1823","US-2023-129364","2023-12-08","2023-12-13","Standard Class","TB-21250","Tim Brockman","Consumer","United States","Salem","Oregon","97301","West","OFF-BI-10001132","Office Supplies","Binders","Acco PRESSTEX Data Binder with Storage Hooks, Dark Blue, 9 1/2"" X 11""","6.456","4","0.7","-4.519199999999998","No"
"1","1824","US-2023-129364","2023-12-08","2023-12-13","Standard Class","TB-21250","Tim Brockman","Consumer","United States","Salem","Oregon","97301","West","OFF-LA-10001569","Office Supplies","Labels","Avery 499","27.888","7","0.2","9.063599999999996","No"
"1","1825","US-2023-129364","2023-12-08","2023-12-13","Standard Class","TB-21250","Tim Brockman","Consumer","United States","Salem","Oregon","97301","West","OFF-LA-10004409","Office Supplies","Labels","Avery 492","11.52","5","0.2","3.743999999999999","No"
"1","1826","US-2023-129364","2023-12-08","2023-12-13","Standard Class","TB-21250","Tim Brockman","Consumer","United States","Salem","Oregon","97301","West","OFF-PA-10001569","Office Supplies","Paper","Xerox 232","10.368000000000002","2","0.2","3.6288","No"
"1","1827","US-2023-135608","2023-12-08","2023-12-10","Second Class","JK-15625","Jim Karlsson","Consumer","United States","Olympia","Washington","98502","West","OFF-PA-10001954","Office Supplies","Paper","Xerox 1964","45.68","2","0.0","21.0128","No"
"1","1828","US-2023-104773","2023-12-08","2023-12-13","Standard Class","TB-21175","Thomas Boland","Corporate","United States","Houston","Texas","77041","Central","OFF-ST-10000777","Office Supplies","Storage","Companion Letter/Legal File, Black","60.416","2","0.2","6.0416000000000025","No"
"1","1829","US-2023-129364","2023-12-08","2023-12-13","Standard Class","TB-21250","Tim Brockman","Consumer","United States","Salem","Oregon","97301","West","OFF-ST-10001031","Office Supplies","Storage","Adjustable Personal File Tote","39.072","3","0.2","2.9304000000000023","No"
"1","1830","US-2023-129364","2023-12-08","2023-12-13","Standard Class","TB-21250","Tim Brockman","Consumer","United States","Salem","Oregon","97301","West","OFF-SU-10000432","Office Supplies","Supplies","Acco Side-Punched Conventional Columnar Pads","13.88","5","0.2","-2.602500000000002","No"
"1","1831","US-2023-129364","2023-12-08","2023-12-13","Standard Class","TB-21250","Tim Brockman","Consumer","United States","Salem","Oregon","97301","West","TEC-AC-10004227","Technology","Accessories","SanDisk Ultra 16 GB MicroSDHC Class 10 Memory Card","103.92000000000002","10","0.2","-18.186000000000018","No"
"1","1832","US-2023-129364","2023-12-08","2023-12-13","Standard Class","TB-21250","Tim Brockman","Consumer","United States","Salem","Oregon","97301","West","TEC-PH-10003095","Technology","Phones","Samsung HM1900 Bluetooth Headset","52.67999999999999","3","0.2","19.755","No"
"1","1833","US-2023-169649","2023-12-09","2023-12-15","Standard Class","TS-21205","Thomas Seio","Corporate","United States","Chicago","Illinois","60653","Central","OFF-AP-10003287","Office Supplies","Appliances","Tripp Lite TLP810NET Broadband Surge for Modem/Fax","20.387999999999995","2","0.8","-53.00880000000001","No"
"1","1834","US-2023-138128","2023-12-09","2023-12-15","Standard Class","FP-14320","Frank Preis","Consumer","United States","Philadelphia","Pennsylvania","19134","East","OFF-EN-10002500","Office Supplies","Envelopes","Globe Weis Peel & Seel First Class Envelopes","30.672","3","0.2","9.585","No"
"1","1835","US-2023-169649","2023-12-09","2023-12-15","Standard Class","TS-21205","Thomas Seio","Corporate","United States","Chicago","Illinois","60653","Central","OFF-PA-10000143","Office Supplies","Paper","Astroparche Fine Business Paper","8.448","2","0.2","2.9568000000000003","No"
"1","1836","US-2023-109932","2023-12-09","2023-12-11","First Class","VP-21760","Victoria Pisteka","Corporate","United States","Brownsville","Texas","78521","Central","OFF-PA-10001804","Office Supplies","Paper","Xerox 195","10.688","2","0.2","3.7408","No"
"1","1837","US-2023-104976","2023-12-09","2023-12-16","Standard Class","CK-12760","Cyma Kinney","Corporate","United States","San Francisco","California","94122","West","OFF-PA-10003845","Office Supplies","Paper","Xerox 1987","34.68","6","0.0","16.9932","No"
"1","1838","US-2023-109932","2023-12-09","2023-12-11","First Class","VP-21760","Victoria Pisteka","Corporate","United States","Brownsville","Texas","78521","Central","OFF-ST-10000036","Office Supplies","Storage","Recycled Data-Pak for Archival Bound Computer Printouts, 12-1/2 x 12-1/2 x 16","237.09600000000003","3","0.2","20.745899999999985","No"
"1","1839","US-2023-101175","2023-12-09","2023-12-14","Standard Class","DM-12955","Dario Medina","Corporate","United States","Mesa","Arizona","85204","West","OFF-ST-10004950","Office Supplies","Storage","Acco Perma 3000 Stacking Storage Drawers","100.704","6","0.2","-1.2588000000000008","No"
"1","1840","US-2023-138128","2023-12-09","2023-12-15","Standard Class","FP-14320","Frank Preis","Consumer","United States","Philadelphia","Pennsylvania","19134","East","TEC-CO-10001766","Technology","Copiers","Canon PC940 Copier","1079.976","4","0.4","125.9971999999999","No"
"1","1841","US-2023-112991","2023-12-10","2023-12-14","Standard Class","SH-19975","Sally Hughsby","Corporate","United States","Caldwell","Idaho","83605","West","FUR-CH-10001708","Furniture","Chairs","Office Star - Contemporary Swivel Chair with Padded Adjustable Arms and Flex Back","338.352","3","0.2","4.22939999999997","No"
"1","1842","US-2023-148488","2023-12-10","2023-12-15","Standard Class","SM-20005","Sally Matthias","Consumer","United States","New York City","New York","10009","East","OFF-BI-10000315","Office Supplies","Binders","Poly Designer Cover & Back","106.344","7","0.2","37.2204","No"
"1","1843","US-2023-112991","2023-12-10","2023-12-14","Standard Class","SH-19975","Sally Hughsby","Corporate","United States","Caldwell","Idaho","83605","West","OFF-PA-10000019","Office Supplies","Paper","Xerox 1931","25.92","4","0.0","12.4416","No"
"1","1844","US-2023-112991","2023-12-10","2023-12-14","Standard Class","SH-19975","Sally Hughsby","Corporate","United States","Caldwell","Idaho","83605","West","OFF-PA-10002222","Office Supplies","Paper","Xerox Color Copier Paper, 11"" x 17"", Ream","91.36","4","0.0","42.0256","No"
"1","1845","US-2023-148488","2023-12-10","2023-12-15","Standard Class","SM-20005","Sally Matthias","Consumer","United States","New York City","New York","10009","East","OFF-PA-10004470","Office Supplies","Paper","Adams Write n' Stick Phone Message Book, 11"" X 5 1/4"", 200 Messages","11.36","2","0.0","5.225599999999999","No"
"1","1846","US-2023-168494","2023-12-12","2023-12-14","Second Class","NP-18700","Nora Preis","Consumer","United States","Fresno","California","93727","West","FUR-BO-10004467","Furniture","Bookcases","Bestar Classic Bookcase","254.9745","3","0.15","11.998799999999989","No"
"1","1847","US-2023-113320","2023-12-12","2023-12-15","Second Class","LH-17155","Logan Haushalter","Consumer","United States","Oakland","California","94601","West","FUR-FU-10001706","Furniture","Furnishings","Longer-Life Soft White Bulbs","9.24","3","0.0","4.4352","No"
"1","1848","US-2023-141607","2023-12-12","2023-12-17","Standard Class","WB-21850","William Brown","Consumer","United States","Concord","California","94521","West","FUR-FU-10003975","Furniture","Furnishings","Eldon Advantage Chair Mats for Low to Medium Pile Carpets","43.31","1","0.0","4.330999999999996","No"
"1","1849","US-2023-113320","2023-12-12","2023-12-15","Second Class","LH-17155","Logan Haushalter","Consumer","United States","Oakland","California","94601","West","FUR-FU-10004270","Furniture","Furnishings","Eldon Image Series Desk Accessories, Burgundy","12.54","3","0.0","4.5144","No"
"1","1850","US-2023-168494","2023-12-12","2023-12-14","Second Class","NP-18700","Nora Preis","Consumer","United States","Fresno","California","93727","West","FUR-TA-10003473","Furniture","Tables","Bretford Rectangular Conference Table Tops","3610.848","12","0.2","135.4068000000002","No"
"1","1851","US-2023-168494","2023-12-12","2023-12-14","Second Class","NP-18700","Nora Preis","Consumer","United States","Fresno","California","93727","West","FUR-TA-10004619","Furniture","Tables","Hon Non-Folding Utility Tables","764.6880000000001","6","0.2","95.5859999999999","No"
"1","1852","US-2023-122959","2023-12-12","2023-12-12","Same Day","CY-12745","Craig Yedwab","Corporate","United States","San Antonio","Texas","78207","Central","OFF-BI-10003650","Office Supplies","Binders","GBC DocuBind 300 Electric Binding Machine","210.39199999999997","2","0.8","-336.62720000000013","No"
"1","1853","US-2023-107573","2023-12-12","2023-12-17","Standard Class","PB-19150","Philip Brown","Consumer","United States","Miami","Florida","33178","South","OFF-EN-10001099","Office Supplies","Envelopes","Staple envelope","23.472","3","0.2","7.628399999999997","No"
"1","1854","US-2023-113320","2023-12-12","2023-12-15","Second Class","LH-17155","Logan Haushalter","Consumer","United States","Oakland","California","94601","West","OFF-ST-10000617","Office Supplies","Storage","Woodgrain Magazine Files by Perma","8.94","3","0.0","0.625799999999999","No"
"1","1855","US-2023-124079","2023-12-13","2023-12-17","Standard Class","RF-19345","Randy Ferguson","Corporate","United States","Phoenix","Arizona","85023","West","FUR-FU-10002553","Furniture","Furnishings","Electrix Incandescent Magnifying Lamp, Black","87.96000000000001","3","0.2","7.696500000000004","No"
"1","1856","US-2023-102631","2023-12-13","2023-12-17","Standard Class","EB-13840","Ellis Ballard","Corporate","United States","Chicago","Illinois","60623","Central","FUR-FU-10003930","Furniture","Furnishings","Howard Miller 12-3/4 Diameter Accuwave DS  Wall Clock","94.428","3","0.6","-42.49259999999998","No"
"1","1857","US-2023-124079","2023-12-13","2023-12-17","Standard Class","RF-19345","Randy Ferguson","Corporate","United States","Phoenix","Arizona","85023","West","OFF-BI-10002103","Office Supplies","Binders","Cardinal Slant-D Ring Binder, Heavy Gauge Vinyl","5.214","2","0.7","-4.171199999999999","No"
"1","1858","US-2023-129819","2023-12-13","2023-12-15","Second Class","KC-16675","Kimberly Carter","Corporate","United States","Henderson","Kentucky","42420","South","OFF-BI-10004970","Office Supplies","Binders","ACCOHIDE 3-Ring Binder, Blue, 1""","12.39","3","0.0","5.8233","No"
"1","1859","US-2023-113579","2023-12-13","2023-12-15","Second Class","KD-16345","Katherine Ducich","Consumer","United States","Los Angeles","California","90049","West","OFF-PA-10001457","Office Supplies","Paper","White GlueTop Scratch Pads","90.24","6","0.0","41.51039999999999","No"
"1","1860","US-2023-154186","2023-12-13","2023-12-15","Second Class","RA-19285","Ralph Arnett","Consumer","United States","Houston","Texas","77070","Central","OFF-SU-10001574","Office Supplies","Supplies","Acme Value Line Scissors","2.92","1","0.2","0.3649999999999997","No"
"1","1861","US-2023-116568","2023-12-14","2023-12-20","Standard Class","BM-11785","Bryan Mills","Consumer","United States","Deltona","Florida","32725","South","FUR-CH-10002439","Furniture","Chairs","Iceberg Nesting Folding Chair, 19w x 6d x 43h","186.304","4","0.2","13.9728","No"
"1","1862","US-2023-123519","2023-12-14","2023-12-21","Standard Class","SS-20875","Sung Shariari","Consumer","United States","Marion","Ohio","43302","East","FUR-TA-10002645","Furniture","Tables","Hon Rectangular Conference Tables","136.53","1","0.4","-52.33650000000003","No"
"1","1863","US-2023-123519","2023-12-14","2023-12-21","Standard Class","SS-20875","Sung Shariari","Consumer","United States","Marion","Ohio","43302","East","OFF-AR-10003829","Office Supplies","Art","Newell 35","2.624","1","0.2","0.2951999999999996","No"
"1","1864","US-2023-148950","2023-12-14","2023-12-19","Standard Class","JD-16015","Joy Daniels","Consumer","United States","Chicago","Illinois","60610","Central","OFF-BI-10001249","Office Supplies","Binders","Avery Heavy-Duty EZD View Binder with Locking Rings","5.103999999999999","4","0.8","-8.676800000000002","Yes"
"1","1865","US-2023-130575","2023-12-14","2023-12-16","First Class","CS-11845","Cari Sayre","Corporate","United States","Chicago","Illinois","60623","Central","OFF-BI-10002353","Office Supplies","Binders","GBC VeloBind Cover Sets","9.263999999999998","3","0.8","-13.895999999999995","No"
"1","1866","US-2023-148950","2023-12-14","2023-12-19","Standard Class","JD-16015","Joy Daniels","Consumer","United States","Chicago","Illinois","60610","Central","OFF-FA-10003059","Office Supplies","Fasteners","Assorted Color Push Pins","2.8960000000000004","2","0.2","0.4705999999999998","Yes"
"1","1867","US-2023-148950","2023-12-14","2023-12-19","Standard Class","JD-16015","Joy Daniels","Consumer","United States","Chicago","Illinois","60610","Central","TEC-AC-10002718","Technology","Accessories","Belkin Standard 104 key USB Keyboard","35.016000000000005","3","0.2","-2.188500000000003","Yes"
"1","1868","US-2023-123519","2023-12-14","2023-12-21","Standard Class","SS-20875","Sung Shariari","Consumer","United States","Marion","Ohio","43302","East","TEC-AC-10003033","Technology","Accessories","Plantronics CS510 - Over-the-Head monaural Wireless Headset System","263.96","1","0.2","42.893499999999975","No"
"1","1869","US-2023-145541","2023-12-14","2023-12-21","Standard Class","TB-21400","Tom Boeckenhauer","Consumer","United States","New York City","New York","10024","East","TEC-MA-10001127","Technology","Machines","HP Designjet T520 Inkjet Large Format Printer - 24"" Color","6999.96","4","0.0","2239.9871999999996","No"
"1","1870","CA-2023-151799","2023-12-14","2023-12-18","Standard Class","BF-11170","Ben Ferrer","Home Office","Canada","Toronto","Ontario","M3C","East","FUR-TA-10003473","Furniture","Tables","Bretford Rectangular Conference Table Tops","526.58","2","0.3","-52.66","No"
"1","1871","CA-2023-151799","2023-12-14","2023-12-18","Standard Class","BF-11170","Ben Ferrer","Home Office","Canada","Toronto","Ontario","M3C","East","OFF-FA-10001332","Office Supplies","Fasteners","Acco Banker's Clasps, 5 3/4""-Long","17.28","6","0.0","8.12","No"
"1","1872","CA-2023-151799","2023-12-14","2023-12-18","Standard Class","BF-11170","Ben Ferrer","Home Office","Canada","Toronto","Ontario","M3C","East","OFF-ST-10002790","Office Supplies","Storage","Safco Industrial Shelving","73.85","1","0.0","2.22","No"
"1","1873","CA-2023-151799","2023-12-14","2023-12-18","Standard Class","BF-11170","Ben Ferrer","Home Office","Canada","Toronto","Ontario","M3C","East","OFF-SU-10001664","Office Supplies","Supplies","Acme Office Executive Series Stainless Steel Trimmers","25.71","3","0.0","6.68","No"
"1","1874","CA-2023-151799","2023-12-14","2023-12-18","Standard Class","BF-11170","Ben Ferrer","Home Office","Canada","Toronto","Ontario","M3C","East","TEC-CO-10002313","Technology","Copiers","Canon PC1080F Personal Copier","1199.98","2","0.0","467.99","No"
"1","1875","US-2023-129938","2023-12-15","2023-12-17","Second Class","EB-13705","Ed Braxton","Corporate","United States","Philadelphia","Pennsylvania","19140","East","FUR-CH-10003774","Furniture","Chairs","Global Wood Trimmed Manager's Task Chair, Khaki","445.802","7","0.3","-108.2662","No"
"1","1876","US-2023-101602","2023-12-15","2023-12-18","First Class","MC-18100","Mick Crebagga","Consumer","United States","El Paso","Texas","79907","Central","FUR-CH-10004675","Furniture","Chairs","Lifetime Advantage Folding Chairs, 4/Carton","763.28","5","0.3","-21.807999999999993","No"
"1","1877","US-2023-119466","2023-12-15","2023-12-21","Standard Class","SP-20860","Sung Pak","Corporate","United States","Chicago","Illinois","60623","Central","FUR-FU-10001546","Furniture","Furnishings","Dana Swing-Arm Lamps","8.544","2","0.6","-7.475999999999999","No"
"1","1878","US-2023-116673","2023-12-15","2023-12-19","Second Class","JO-15280","Jas O'Carroll","Consumer","United States","San Diego","California","92037","West","FUR-FU-10003829","Furniture","Furnishings","Stackable Trays","6.16","2","0.0","1.9711999999999996","No"
"1","1879","US-2023-101602","2023-12-15","2023-12-18","First Class","MC-18100","Mick Crebagga","Consumer","United States","El Paso","Texas","79907","Central","TEC-PH-10000169","Technology","Phones","ARKON Windshield Dashboard Air Vent Car Mount Holder","40.68","3","0.2","-9.153000000000004","No"
"1","1880","US-2023-153913","2023-12-16","2023-12-20","Second Class","KB-16585","Ken Black","Corporate","United States","Hialeah","Florida","33012","South","FUR-CH-10000988","Furniture","Chairs","Hon Olson Stacker Stools","1013.832","9","0.2","101.3832","No"
"1","1881","US-2023-124247","2023-12-16","2023-12-21","Standard Class","SH-20635","Stefanie Holloman","Corporate","United States","Sacramento","California","95823","West","FUR-CH-10001854","Furniture","Chairs","Office Star - Professional Matrix Back Chair with 2-to-1 Synchro Tilt and Mesh Fabric Seat","1403.9200000000003","5","0.2","70.19600000000003","No"
"1","1882","US-2023-136399","2023-12-16","2023-12-17","First Class","CC-12100","Chad Cunningham","Home Office","United States","Los Angeles","California","90049","West","FUR-CH-10002602","Furniture","Chairs","DMI Arturo Collection Mission-style Design Wood Chair","241.568","2","0.2","18.11760000000001","No"
"1","1883","US-2023-113257","2023-12-16","2023-12-18","Second Class","SC-20305","Sean Christensen","Consumer","United States","Beaumont","Texas","77705","Central","FUR-FU-10001706","Furniture","Furnishings","Longer-Life Soft White Bulbs","8.624000000000002","7","0.6","-2.587200000000001","No"
"1","1884","US-2023-108273","2023-12-16","2023-12-21","Standard Class","EJ-13720","Ed Jacobs","Consumer","United States","Huntsville","Texas","77340","Central","FUR-FU-10002116","Furniture","Furnishings","Tenex Carpeted, Granite-Look or Clear Contemporary Contour Shape Chair Mats","56.568","2","0.6","-74.9526","No"
"1","1885","US-2023-100706","2023-12-16","2023-12-18","Second Class","LE-16810","Laurel Elliston","Consumer","United States","Springfield","Virginia","22153","South","FUR-FU-10002268","Furniture","Furnishings","Ultra Door Push Plate","29.46","6","0.0","9.721799999999998","No"
"1","1886","US-2023-136399","2023-12-16","2023-12-17","First Class","CC-12100","Chad Cunningham","Home Office","United States","Los Angeles","California","90049","West","FUR-FU-10004090","Furniture","Furnishings","Executive Impressions 14"" Contract Wall Clock","44.46","2","0.0","14.671799999999998","No"
"1","1887","US-2023-112718","2023-12-16","2023-12-21","Standard Class","KN-16450","Kean Nguyen","Corporate","United States","Jacksonville","Florida","32216","South","OFF-BI-10000591","Office Supplies","Binders","Avery Binder Labels","1.1670000000000005","1","0.7","-0.8557999999999999","No"
"1","1888","US-2023-153913","2023-12-16","2023-12-20","Second Class","KB-16585","Ken Black","Corporate","United States","Hialeah","Florida","33012","South","OFF-FA-10000490","Office Supplies","Fasteners","OIC Binder Clips, Mini, 1/4"" Capacity, Black","1.984","2","0.2","0.6696","No"
"1","1889","US-2023-108273","2023-12-16","2023-12-21","Standard Class","EJ-13720","Ed Jacobs","Consumer","United States","Huntsville","Texas","77340","Central","OFF-PA-10000029","Office Supplies","Paper","Xerox 224","36.28800000000001","7","0.2","12.7008","No"
"1","1890","US-2023-151379","2023-12-16","2023-12-20","Standard Class","SC-20695","Steve Chapman","Corporate","United States","Detroit","Michigan","48227","Central","OFF-PA-10000595","Office Supplies","Paper","Xerox 1929","114.2","5","0.0","52.532","No"
"1","1891","US-2023-136399","2023-12-16","2023-12-17","First Class","CC-12100","Chad Cunningham","Home Office","United States","Los Angeles","California","90049","West","TEC-AC-10001142","Technology","Accessories","First Data FD10 PIN Pad","395.0","5","0.0","39.49999999999996","No"
"1","1892","US-2023-100706","2023-12-16","2023-12-18","Second Class","LE-16810","Laurel Elliston","Consumer","United States","Springfield","Virginia","22153","South","TEC-AC-10001314","Technology","Accessories","Case Logic 2.4GHz Wireless Keyboard","99.98","2","0.0","7.998399999999989","No"
"1","1893","US-2023-113257","2023-12-16","2023-12-18","Second Class","SC-20305","Sean Christensen","Consumer","United States","Beaumont","Texas","77705","Central","TEC-AC-10004171","Technology","Accessories","Razer Kraken 7.1 Surround Sound Over Ear USB Gaming Headset","319.968","4","0.2","95.9904","No"
"1","1894","US-2023-136399","2023-12-16","2023-12-17","First Class","CC-12100","Chad Cunningham","Home Office","United States","Los Angeles","California","90049","West","TEC-PH-10004977","Technology","Phones","GE 30524EE4","627.1680000000001","4","0.2","70.55639999999994","No"
"1","1895","US-2023-123925","2023-12-17","2023-12-19","Second Class","RF-19840","Roy Französisch","Consumer","United States","Columbus","Georgia","31907","South","OFF-AR-10002952","Office Supplies","Art","Stanley Contemporary Battery Pencil Sharpeners","40.05","3","0.0","11.214","No"
"1","1896","US-2023-139633","2023-12-17","2023-12-24","Standard Class","EC-14050","Erin Creighton","Consumer","United States","Columbus","Ohio","43229","East","OFF-BI-10002954","Office Supplies","Binders","Newell 3-Hole Punched Plastic Slotted Magazine Holders for Binders","5.484000000000001","4","0.7","-4.021599999999999","No"
"1","1897","US-2023-120768","2023-12-19","2023-12-21","Second Class","IM-15070","Irene Maddox","Consumer","United States","Florence","Alabama","35630","South","FUR-CH-10000513","Furniture","Chairs","High-Back Leather Manager's Chair","1819.86","14","0.0","163.78740000000002","No"
"1","1898","US-2023-150574","2023-12-19","2023-12-25","Standard Class","MK-18160","Mike Kennedy","Consumer","United States","Jacksonville","Florida","32216","South","OFF-BI-10000773","Office Supplies","Binders","Insertable Tab Post Binder Dividers","4.812","2","0.7","-3.6892","Yes"
"1","1899","US-2023-120768","2023-12-19","2023-12-21","Second Class","IM-15070","Irene Maddox","Consumer","United States","Florence","Alabama","35630","South","OFF-BI-10001191","Office Supplies","Binders","Canvas Sectional Post Binders","152.76","6","0.0","74.8524","No"
"1","1900","US-2023-162992","2023-12-19","2023-12-21","First Class","BP-11095","Bart Pistole","Corporate","United States","Los Angeles","California","90008","West","OFF-FA-10004248","Office Supplies","Fasteners","Advantus T-Pin Paper Clips","22.549999999999997","5","0.0","8.794500000000001","No"
"1","1901","US-2023-162992","2023-12-19","2023-12-21","First Class","BP-11095","Bart Pistole","Corporate","United States","Los Angeles","California","90008","West","OFF-LA-10001934","Office Supplies","Labels","Avery 516","14.62","2","0.0","6.8713999999999995","No"
"1","1902","US-2023-169446","2023-12-19","2023-12-25","Standard Class","SG-20605","Speros Goranitis","Consumer","United States","Chicago","Illinois","60623","Central","OFF-PA-10000295","Office Supplies","Paper","Xerox 229","15.552000000000003","3","0.2","5.4432","No"
"1","1903","US-2023-169446","2023-12-19","2023-12-25","Standard Class","SG-20605","Speros Goranitis","Consumer","United States","Chicago","Illinois","60623","Central","OFF-ST-10000419","Office Supplies","Storage","Rogers Jumbo File, Granite","32.592","3","0.2","-7.740600000000001","No"
"1","1904","US-2023-120768","2023-12-19","2023-12-21","Second Class","IM-15070","Irene Maddox","Consumer","United States","Florence","Alabama","35630","South","OFF-SU-10004115","Office Supplies","Supplies","Acme Stainless Steel Office Snips","7.27","1","0.0","1.9629000000000003","No"
"1","1905","US-2023-150574","2023-12-19","2023-12-25","Standard Class","MK-18160","Mike Kennedy","Consumer","United States","Jacksonville","Florida","32216","South","TEC-AC-10002600","Technology","Accessories","Belkin QODE FastFit Bluetooth Keyboard","247.8","5","0.2","-18.584999999999994","Yes"
"1","1906","US-2023-162992","2023-12-19","2023-12-21","First Class","BP-11095","Bart Pistole","Corporate","United States","Los Angeles","California","90008","West","TEC-PH-10001944","Technology","Phones","Wi-Ex zBoost YX540 Cellular Phone Signal Booster","583.8","5","0.2","72.97499999999991","No"
"1","1907","US-2023-162992","2023-12-19","2023-12-21","First Class","BP-11095","Bart Pistole","Corporate","United States","Los Angeles","California","90008","West","TEC-PH-10002085","Technology","Phones","Clarity 53712","211.168","4","0.2","15.837600000000007","No"
"1","1908","US-2023-169446","2023-12-19","2023-12-25","Standard Class","SG-20605","Speros Goranitis","Consumer","United States","Chicago","Illinois","60623","Central","TEC-PH-10002817","Technology","Phones","RCA ViSYS 25425RE1 Corded phone","323.97600000000006","3","0.2","36.44729999999997","No"
"1","1909","US-2023-134551","2023-12-20","2023-12-25","Standard Class","TS-21505","Tony Sayre","Consumer","United States","Columbia","Tennessee","38401","South","FUR-CH-10004287","Furniture","Chairs","SAFCO Arco Folding Chair","662.88","3","0.2","74.57399999999996","No"
"1","1910","US-2023-138681","2023-12-20","2023-12-22","First Class","CT-11995","Carol Triggs","Consumer","United States","Tucson","Arizona","85705","West","FUR-CH-10004860","Furniture","Chairs","Global Low Back Tilter Chair","242.35200000000003","3","0.2","-42.411600000000035","No"
"1","1911","US-2023-163412","2023-12-20","2023-12-23","Second Class","SM-20950","Suzanne McNair","Corporate","United States","New York City","New York","10035","East","FUR-CH-10004875","Furniture","Chairs","Harbour Creations 67200 Series Stacking Chairs","192.18600000000004","3","0.1","36.3018","No"
"1","1912","US-2023-138681","2023-12-20","2023-12-22","First Class","CT-11995","Carol Triggs","Consumer","United States","Tucson","Arizona","85705","West","FUR-FU-10001876","Furniture","Furnishings","Computer Room Manger, 14""","51.968","2","0.2","10.393599999999998","No"
"1","1913","US-2023-160157","2023-12-20","2023-12-27","Standard Class","MH-17455","Mark Hamilton","Consumer","United States","Hamilton","Ohio","45011","East","FUR-FU-10003773","Furniture","Furnishings","Eldon Cleatmat Plus Chair Mats for High Pile Carpets","190.848","3","0.2","-21.470400000000023","No"
"1","1914","US-2023-136567","2023-12-20","2023-12-21","First Class","PS-19045","Penelope Sewall","Home Office","United States","Harrisonburg","Virginia","22801","South","FUR-TA-10000617","Furniture","Tables","Hon Practical Foundations 30 x 60 Training Table, Light Gray/Charcoal","455.1","2","0.0","100.122","No"
"1","1915","US-2023-136567","2023-12-20","2023-12-21","First Class","PS-19045","Penelope Sewall","Home Office","United States","Harrisonburg","Virginia","22801","South","FUR-TA-10001932","Furniture","Tables","Chromcraft 48"" x 96"" Racetrack Double Pedestal Table","2244.48","7","0.0","493.78559999999993","No"
"1","1916","US-2023-120852","2023-12-20","2023-12-25","Standard Class","WB-21850","William Brown","Consumer","United States","Grand Prairie","Texas","75051","Central","OFF-AP-10001563","Office Supplies","Appliances","Belkin Premiere Surge Master II 8-outlet surge protector","19.431999999999995","2","0.8","-49.55160000000002","No"
"1","1917","US-2023-134551","2023-12-20","2023-12-25","Standard Class","TS-21505","Tony Sayre","Consumer","United States","Columbia","Tennessee","38401","South","OFF-AP-10004868","Office Supplies","Appliances","Hoover Commercial Soft Guard Upright Vacuum And Disposable Filtration Bags","43.512","7","0.2","3.8073000000000015","No"
"1","1918","US-2023-156594","2023-12-20","2023-12-23","Second Class","MC-17845","Michael Chen","Consumer","United States","Los Angeles","California","90008","West","OFF-AR-10001725","Office Supplies","Art","Boston Home & Office Model 2000 Electric Pencil Sharpeners","47.3","2","0.0","12.298000000000002","No"
"1","1919","US-2023-156594","2023-12-20","2023-12-23","Second Class","MC-17845","Michael Chen","Consumer","United States","Los Angeles","California","90008","West","OFF-AR-10004269","Office Supplies","Art","Newell 31","4.13","1","0.0","1.1564","No"
"1","1920","US-2023-156594","2023-12-20","2023-12-23","Second Class","MC-17845","Michael Chen","Consumer","United States","Los Angeles","California","90008","West","OFF-BI-10003007","Office Supplies","Binders","Premium Transparent Presentation Covers, No Pattern/Clear, 8 1/2"" x 11""","155.12","5","0.2","50.41399999999999","No"
"1","1921","US-2023-136567","2023-12-20","2023-12-21","First Class","PS-19045","Penelope Sewall","Home Office","United States","Harrisonburg","Virginia","22801","South","OFF-BI-10003982","Office Supplies","Binders","Wilson Jones Century Plastic Molded Ring Binders","62.31","3","0.0","29.2857","No"
"1","1922","US-2023-103100","2023-12-20","2023-12-23","First Class","AB-10105","Adrian Barton","Consumer","United States","Indianapolis","Indiana","46203","Central","OFF-BI-10004600","Office Supplies","Binders","Ibico Ibimaster 300 Manual Binding System","1103.97","3","0.0","496.78649999999993","No"
"1","1923","US-2023-156594","2023-12-20","2023-12-23","Second Class","MC-17845","Michael Chen","Consumer","United States","Los Angeles","California","90008","West","OFF-BI-10004632","Office Supplies","Binders","Ibico Hi-Tech Manual Binding System","487.984","2","0.2","152.49499999999998","No"
"1","1924","US-2023-109036","2023-12-20","2023-12-25","Standard Class","KH-16510","Keith Herrera","Consumer","United States","Seattle","Washington","98103","West","OFF-LA-10002043","Office Supplies","Labels","Avery 489","31.049999999999997","3","0.0","14.904","No"
"1","1925","US-2023-103100","2023-12-20","2023-12-23","First Class","AB-10105","Adrian Barton","Consumer","United States","Indianapolis","Indiana","46203","Central","OFF-LA-10003720","Office Supplies","Labels","Avery 487","3.69","1","0.0","1.7343","No"
"1","1926","US-2023-138681","2023-12-20","2023-12-22","First Class","CT-11995","Carol Triggs","Consumer","United States","Tucson","Arizona","85705","West","OFF-PA-10000357","Office Supplies","Paper","Xerox 1888","221.92","5","0.2","77.67199999999998","No"
"1","1927","US-2023-134551","2023-12-20","2023-12-25","Standard Class","TS-21505","Tony Sayre","Consumer","United States","Columbia","Tennessee","38401","South","OFF-PA-10002689","Office Supplies","Paper","Weyerhaeuser First Choice Laser/Copy Paper (20Lb. and 88 Bright)","25.920000000000005","5","0.2","9.072","No"
"1","1928","US-2023-138681","2023-12-20","2023-12-22","First Class","CT-11995","Carol Triggs","Consumer","United States","Tucson","Arizona","85705","West","OFF-PA-10003270","Office Supplies","Paper","Xerox 1954","8.448","2","0.2","2.6399999999999997","No"
"1","1929","US-2023-136567","2023-12-20","2023-12-21","First Class","PS-19045","Penelope Sewall","Home Office","United States","Harrisonburg","Virginia","22801","South","OFF-ST-10004337","Office Supplies","Storage","SAFCO Commercial Wire Shelving, 72h","122.48","2","0.0","0.0","No"
"1","1930","US-2023-140816","2023-12-20","2023-12-20","Same Day","TC-21295","Toby Carlisle","Consumer","United States","Thornton","Colorado","80229","West","TEC-AC-10001539","Technology","Accessories","Logitech G430 Surround Sound Gaming Headset with Dolby 7.1 Technology","447.944","7","0.2","89.58879999999999","Yes"
"1","1931","US-2023-138681","2023-12-20","2023-12-22","First Class","CT-11995","Carol Triggs","Consumer","United States","Tucson","Arizona","85705","West","TEC-AC-10003628","Technology","Accessories","Logitech 910-002974 M325 Wireless Mouse for Web Scrolling","71.976","3","0.2","21.59280000000001","No"
"1","1932","US-2023-120852","2023-12-20","2023-12-25","Standard Class","WB-21850","William Brown","Consumer","United States","Grand Prairie","Texas","75051","Central","TEC-AC-10004510","Technology","Accessories","Logitech Desktop MK120 Mouse and keyboard Combo","65.44","5","0.2","-8.180000000000003","No"
"1","1933","CA-2023-126634","2023-12-20","2023-12-22","Second Class","AB-10165","Alan Barnes","Consumer","Canada","Vancouver","British Columbia","V5K","West","FUR-FU-10004973","Furniture","Furnishings","Flat Face Poster Frame","94.2","5","0.0","39.56","No"
"1","1934","US-2023-154893","2023-12-21","2023-12-27","Standard Class","GM-14440","Gary McGarr","Consumer","United States","San Diego","California","92024","West","FUR-CH-10000595","Furniture","Chairs","Safco Contoured Stacking Chairs","572.1600000000001","3","0.2","35.75999999999996","No"
"1","1935","US-2023-154893","2023-12-21","2023-12-27","Standard Class","GM-14440","Gary McGarr","Consumer","United States","San Diego","California","92024","West","FUR-CH-10004287","Furniture","Chairs","SAFCO Arco Folding Chair","1325.76","6","0.2","149.1479999999999","No"
"1","1936","US-2023-134621","2023-12-21","2023-12-28","Standard Class","DP-13390","Dennis Pardue","Home Office","United States","Columbia","Tennessee","38401","South","OFF-BI-10000977","Office Supplies","Binders","Ibico Plastic Spiral Binding Combs","18.24","2","0.7","-14.592","No"
"1","1937","US-2023-109127","2023-12-21","2023-12-25","Standard Class","JC-15775","John Castell","Consumer","United States","Newark","Delaware","19711","East","OFF-LA-10004409","Office Supplies","Labels","Avery 492","17.28","6","0.0","7.9487999999999985","No"
"1","1938","US-2023-133543","2023-12-22","2023-12-26","Standard Class","KM-16660","Khloe Miller","Consumer","United States","San Jose","California","95123","West","OFF-AR-10003394","Office Supplies","Art","Newell 332","11.76","4","0.0","3.1752","No"
"1","1939","US-2023-142510","2023-12-22","2023-12-29","Standard Class","NP-18700","Nora Preis","Consumer","United States","Chicago","Illinois","60623","Central","OFF-BI-10002824","Office Supplies","Binders","Recycled Easel Ring Binders","17.903999999999996","6","0.8","-31.332000000000008","No"
"1","1940","US-2023-101364","2023-12-22","2023-12-26","Standard Class","TW-21025","Tamara Willingham","Home Office","United States","New York City","New York","10011","East","OFF-BI-10003984","Office Supplies","Binders","Lock-Up Easel 'Spel-Binder'","296.71200000000005","13","0.2","100.14029999999998","No"
"1","1941","US-2023-142510","2023-12-22","2023-12-29","Standard Class","NP-18700","Nora Preis","Consumer","United States","Chicago","Illinois","60623","Central","OFF-PA-10001289","Office Supplies","Paper","White Computer Printout Paper by Universal","124.032","4","0.2","44.9616","No"
"1","1942","US-2023-142510","2023-12-22","2023-12-29","Standard Class","NP-18700","Nora Preis","Consumer","United States","Chicago","Illinois","60623","Central","OFF-ST-10000585","Office Supplies","Storage","Economy Rollaway Files","132.16","1","0.2","9.912","No"
"1","1943","US-2023-146864","2023-12-22","2023-12-26","Standard Class","BT-11530","Bradley Talbott","Home Office","United States","New York City","New York","10024","East","OFF-ST-10004946","Office Supplies","Storage","Desktop 3-Pocket Hot File","216.4","4","0.0","56.26400000000001","No"
"1","1944","US-2023-154158","2023-12-23","2023-12-27","Second Class","CC-12670","Craig Carreira","Consumer","United States","Tampa","Florida","33614","South","FUR-CH-10004698","Furniture","Chairs","Padded Folding Chairs, Black, 4/Carton","64.784","1","0.2","6.478400000000004","No"
"1","1945","US-2023-114517","2023-12-23","2023-12-27","Standard Class","TH-21235","Tiffany House","Corporate","United States","New York City","New York","10024","East","FUR-TA-10001676","Furniture","Tables","Hon 61000 Series Interactive Training Tables","53.315999999999995","2","0.4","-19.54920000000001","No"
"1","1946","US-2023-142314","2023-12-23","2023-12-28","Standard Class","SF-20200","Sarah Foster","Consumer","United States","Richmond","Indiana","47374","Central","OFF-AP-10002350","Office Supplies","Appliances","Belkin F9H710-06 7 Outlet SurgeMaster Surge Protector","207.24","11","0.0","58.0272","No"
"1","1947","US-2023-114517","2023-12-23","2023-12-27","Standard Class","TH-21235","Tiffany House","Corporate","United States","New York City","New York","10024","East","OFF-AP-10002350","Office Supplies","Appliances","Belkin F9H710-06 7 Outlet SurgeMaster Surge Protector","56.52","3","0.0","15.8256","No"
"1","1948","US-2023-154158","2023-12-23","2023-12-27","Second Class","CC-12670","Craig Carreira","Consumer","United States","Tampa","Florida","33614","South","OFF-AR-10001868","Office Supplies","Art","Prang Dustless Chalk Sticks","1.344","1","0.2","0.504","No"
"1","1949","US-2023-126333","2023-12-23","2023-12-28","Standard Class","ME-18010","Michelle Ellison","Corporate","United States","Port Arthur","Texas","77642","Central","OFF-PA-10000223","Office Supplies","Paper","Xerox 2000","5.184000000000001","1","0.2","1.8144","No"
"1","1950","US-2023-154158","2023-12-23","2023-12-27","Second Class","CC-12670","Craig Carreira","Consumer","United States","Tampa","Florida","33614","South","OFF-PA-10001295","Office Supplies","Paper","Computer Printout Paper with Letter-Trim Perforations","45.528","3","0.2","15.934799999999996","No"
"1","1951","US-2023-154158","2023-12-23","2023-12-27","Second Class","CC-12670","Craig Carreira","Consumer","United States","Tampa","Florida","33614","South","OFF-ST-10000078","Office Supplies","Storage","Tennsco 6- and 18-Compartment Lockers","424.2720000000001","2","0.2","-10.60680000000005","No"
"1","1952","US-2023-154158","2023-12-23","2023-12-27","Second Class","CC-12670","Craig Carreira","Consumer","United States","Tampa","Florida","33614","South","OFF-ST-10004950","Office Supplies","Storage","Acco Perma 3000 Stacking Storage Drawers","83.92000000000002","5","0.2","-1.049000000000003","No"
"1","1953","US-2023-167738","2023-12-24","2023-12-29","Standard Class","JC-16105","Julie Creighton","Corporate","United States","Los Angeles","California","90045","West","FUR-CH-10001146","Furniture","Chairs","Global Value Mid-Back Manager's Chair, Gray","292.27200000000005","6","0.2","18.266999999999967","No"
"1","1954","US-2023-138247","2023-12-24","2023-12-29","Standard Class","BF-11170","Ben Ferrer","Home Office","United States","Los Angeles","California","90045","West","FUR-FU-10002554","Furniture","Furnishings","Westinghouse Floor Lamp with Metal Mesh Shade, Black","23.99","1","0.0","5.517699999999998","No"
"1","1955","US-2023-156314","2023-12-24","2023-12-26","First Class","RP-19390","Resi Pölking","Consumer","United States","Cleveland","Ohio","44105","East","FUR-FU-10003096","Furniture","Furnishings","Master Giant Foot Doorstop, Safety Yellow","30.36","5","0.2","8.7285","No"
"1","1956","US-2023-138247","2023-12-24","2023-12-29","Standard Class","BF-11170","Ben Ferrer","Home Office","United States","Los Angeles","California","90045","West","OFF-AP-10000828","Office Supplies","Appliances","Avanti 4.4 Cu. Ft. Refrigerator","361.96","2","0.0","101.34879999999998","No"
"1","1957","US-2023-132913","2023-12-24","2023-12-26","First Class","AS-10090","Adam Shillingsburg","Consumer","United States","San Diego","California","92037","West","OFF-AP-10003278","Office Supplies","Appliances","Belkin 7-Outlet SurgeMaster Home Series","13.97","1","0.0","3.632200000000001","No"
"1","1958","US-2023-113166","2023-12-24","2023-12-26","First Class","LF-17185","Luke Foster","Consumer","United States","Miami","Florida","33180","South","OFF-PA-10001947","Office Supplies","Paper","Xerox 1974","9.568","2","0.2","3.4684","No"
"1","1959","US-2023-138247","2023-12-24","2023-12-29","Standard Class","BF-11170","Ben Ferrer","Home Office","United States","Los Angeles","California","90045","West","OFF-ST-10002301","Office Supplies","Storage","Tennsco Commercial Shelving","20.34","1","0.0","0.2033999999999984","No"
"1","1960","US-2023-167738","2023-12-24","2023-12-29","Standard Class","JC-16105","Julie Creighton","Corporate","United States","Los Angeles","California","90045","West","OFF-ST-10003306","Office Supplies","Storage","Letter Size Cart","142.86","1","0.0","41.42939999999999","No"
"1","1961","US-2023-138247","2023-12-24","2023-12-29","Standard Class","BF-11170","Ben Ferrer","Home Office","United States","Los Angeles","California","90045","West","TEC-AC-10004708","Technology","Accessories","Sony 32GB Class 10 Micro SDHC R40 Memory Card","62.849999999999994","3","0.0","13.1985","No"
"1","1962","US-2023-138247","2023-12-24","2023-12-29","Standard Class","BF-11170","Ben Ferrer","Home Office","United States","Los Angeles","California","90045","West","TEC-PH-10000213","Technology","Phones","Seidio BD2-HK3IPH5-BK DILEX Case and Holster Combo for Apple iPhone 5/5s - Black","173.65600000000003","7","0.2","17.365599999999993","No"
"1","1963","US-2023-138247","2023-12-24","2023-12-29","Standard Class","BF-11170","Ben Ferrer","Home Office","United States","Los Angeles","California","90045","West","TEC-PH-10001530","Technology","Phones","Cisco Unified IP Phone 7945G VoIP phone","818.3760000000001","3","0.2","51.148499999999984","No"
"1","1964","US-2023-111451","2023-12-26","2023-12-28","First Class","KL-16555","Kelly Lampkin","Corporate","United States","Colorado Springs","Colorado","80906","West","FUR-CH-10001891","Furniture","Chairs","Global Deluxe Office Fabric Chairs","230.35200000000003","3","0.2","20.155800000000013","No"
"1","1965","US-2023-152030","2023-12-26","2023-12-28","Second Class","AD-10180","Alan Dominguez","Home Office","United States","Houston","Texas","77041","Central","FUR-CH-10004063","Furniture","Chairs","Global Deluxe High-Back Manager's Chair","600.558","3","0.3","-8.579400000000078","No"
"1","1966","US-2023-106264","2023-12-26","2023-12-30","Standard Class","CK-12595","Clytie Kelty","Consumer","United States","San Diego","California","92024","West","FUR-FU-10001852","Furniture","Furnishings","Eldon Regeneration Recycled Desk Accessories, Smoke","3.48","2","0.0","1.1136","No"
"1","1967","US-2023-111451","2023-12-26","2023-12-28","First Class","KL-16555","Kelly Lampkin","Corporate","United States","Colorado Springs","Colorado","80906","West","FUR-FU-10002918","Furniture","Furnishings","Eldon ClusterMat Chair Mat with Cordless Antistatic Protection","218.35200000000003","3","0.2","-24.5646","No"
"1","1968","US-2023-111451","2023-12-26","2023-12-28","First Class","KL-16555","Kelly Lampkin","Corporate","United States","Colorado Springs","Colorado","80906","West","FUR-FU-10004091","Furniture","Furnishings","Howard Miller 13"" Diameter Goldtone Round Wall Clock","300.416","8","0.2","78.8592","No"
"1","1969","US-2023-139598","2023-12-26","2023-12-31","Standard Class","MG-17695","Maureen Gnade","Consumer","United States","Philadelphia","Pennsylvania","19134","East","OFF-AP-10002998","Office Supplies","Appliances","Holmes 99% HEPA Air Purifier","34.656","2","0.2","5.631599999999997","No"
"1","1970","US-2023-139598","2023-12-26","2023-12-31","Standard Class","MG-17695","Maureen Gnade","Consumer","United States","Philadelphia","Pennsylvania","19134","East","OFF-AP-10003287","Office Supplies","Appliances","Tripp Lite TLP810NET Broadband Surge for Modem/Fax","81.552","2","0.2","8.155199999999997","No"
"1","1971","US-2023-101427","2023-12-26","2023-12-30","Standard Class","AY-10555","Andy Yotov","Corporate","United States","Philadelphia","Pennsylvania","19140","East","OFF-AR-10002257","Office Supplies","Art","Eldon Spacemaker Box, Quick-Snap Lid, Clear","8.016","3","0.2","1.102199999999999","No"
"1","1972","US-2023-111171","2023-12-26","2023-12-31","Standard Class","CA-12265","Christina Anderson","Consumer","United States","Chicago","Illinois","60610","Central","OFF-BI-10002103","Office Supplies","Binders","Cardinal Slant-D Ring Binder, Heavy Gauge Vinyl","8.689999999999998","5","0.8","-14.773","No"
"1","1973","US-2023-111451","2023-12-26","2023-12-28","First Class","KL-16555","Kelly Lampkin","Corporate","United States","Colorado Springs","Colorado","80906","West","OFF-BI-10004593","Office Supplies","Binders","Ibico Laser Imprintable Binding System Covers","78.60000000000001","5","0.7","-62.88000000000001","No"
"1","1974","US-2023-111451","2023-12-26","2023-12-28","First Class","KL-16555","Kelly Lampkin","Corporate","United States","Colorado Springs","Colorado","80906","West","OFF-FA-10004854","Office Supplies","Fasteners","Vinyl Coated Wire Paper Clips in Organizer Box, 800/Box","27.552000000000003","3","0.2","9.298799999999996","No"
"1","1975","US-2023-139598","2023-12-26","2023-12-31","Standard Class","MG-17695","Maureen Gnade","Consumer","United States","Philadelphia","Pennsylvania","19134","East","OFF-PA-10004569","Office Supplies","Paper","Wirebound Message Books, Two 4 1/4"" x 5"" Forms per Page","18.264000000000003","3","0.2","6.1640999999999995","No"
"1","1976","US-2023-168473","2023-12-26","2024-01-01","Standard Class","TB-21520","Tracy Blumstein","Consumer","United States","New York City","New York","10009","East","OFF-ST-10000563","Office Supplies","Storage","Fellowes Bankers Box Stor/Drawer Steel Plus","191.88","6","0.0","19.188","No"
"1","1977","US-2023-139598","2023-12-26","2023-12-31","Standard Class","MG-17695","Maureen Gnade","Consumer","United States","Philadelphia","Pennsylvania","19134","East","OFF-ST-10001370","Office Supplies","Storage","Sensible Storage WireTech Storage Systems","227.136","4","0.2","-42.58800000000004","No"
"1","1978","US-2023-106264","2023-12-26","2023-12-30","Standard Class","CK-12595","Clytie Kelty","Consumer","United States","San Diego","California","92024","West","OFF-SU-10002189","Office Supplies","Supplies","Acme Rosewood Handle Letter Opener","11.91","3","0.0","0.1190999999999995","No"
"1","1979","US-2023-163447","2023-12-27","2023-12-31","Standard Class","TB-21190","Thomas Brumley","Home Office","United States","New York City","New York","10011","East","FUR-CH-10004477","Furniture","Chairs","Global Push Button Manager's Chair, Indigo","767.214","14","0.1","161.96739999999997","No"
"1","1980","US-2023-106334","2023-12-27","2024-01-02","Standard Class","JF-15490","Jeremy Farry","Consumer","United States","San Francisco","California","94122","West","FUR-CH-10004886","Furniture","Chairs","Bevis Steel Folding Chairs","230.28000000000003","3","0.2","23.02799999999999","No"
"1","1981","US-2023-162866","2023-12-27","2023-12-31","Standard Class","Co-12640","Corey-Lock","Consumer","United States","Skokie","Illinois","60076","Central","FUR-FU-10001473","Furniture","Furnishings","DAX Wood Document Frame","32.952000000000005","6","0.6","-19.771199999999997","No"
"1","1982","US-2023-159611","2023-12-27","2024-01-01","Second Class","KB-16315","Karl Braun","Consumer","United States","Cleveland","Ohio","44105","East","FUR-FU-10004904","Furniture","Furnishings","Eldon ""L"" Workstation Diamond Chairmat","182.35200000000003","3","0.2","-18.23520000000002","No"
"1","1983","US-2023-166961","2023-12-27","2023-12-31","Standard Class","CD-12790","Cynthia Delaney","Home Office","United States","Moreno Valley","California","92553","West","OFF-AP-10001366","Office Supplies","Appliances","Staple holder","10.98","1","0.0","2.964600000000001","No"
"1","1984","US-2023-165393","2023-12-27","2023-12-30","First Class","NC-18415","Nathan Cano","Consumer","United States","Fort Worth","Texas","76106","Central","OFF-BI-10001658","Office Supplies","Binders","GBC Standard Therm-A-Bind Covers","4.983999999999999","1","0.8","-8.472800000000003","No"
"1","1985","US-2023-166961","2023-12-27","2023-12-31","Standard Class","CD-12790","Cynthia Delaney","Home Office","United States","Moreno Valley","California","92553","West","OFF-BI-10002353","Office Supplies","Binders","GBC VeloBind Cover Sets","37.056","3","0.2","13.896","No"
"1","1986","US-2023-148383","2023-12-27","2023-12-31","Standard Class","RP-19390","Resi Pölking","Consumer","United States","Phoenix","Arizona","85023","West","OFF-BI-10003650","Office Supplies","Binders","GBC DocuBind 300 Electric Binding Machine","946.7640000000002","6","0.7","-694.2936","No"
"1","1987","US-2023-166961","2023-12-27","2023-12-31","Standard Class","CD-12790","Cynthia Delaney","Home Office","United States","Moreno Valley","California","92553","West","OFF-FA-10003485","Office Supplies","Fasteners","Staples","7.86","3","0.0","3.6156","No"
"1","1988","US-2023-120243","2023-12-27","2023-12-30","Second Class","AT-10435","Alyssa Tate","Home Office","United States","Los Angeles","California","90004","West","OFF-LA-10004425","Office Supplies","Labels","Staple-on labels","11.56","4","0.0","5.4332","No"
"1","1989","US-2023-153087","2023-12-27","2024-01-03","Standard Class","TC-20980","Tamara Chand","Corporate","United States","Decatur","Alabama","35601","South","OFF-PA-10001243","Office Supplies","Paper","Xerox 1983","23.92","4","0.0","11.7208","No"
"1","1990","US-2023-106334","2023-12-27","2024-01-02","Standard Class","JF-15490","Jeremy Farry","Consumer","United States","San Francisco","California","94122","West","OFF-PA-10003657","Office Supplies","Paper","Xerox 1927","12.84","3","0.0","5.777999999999999","No"
"1","1991","US-2023-162866","2023-12-27","2023-12-31","Standard Class","Co-12640","Corey-Lock","Consumer","United States","Skokie","Illinois","60076","Central","OFF-ST-10002562","Office Supplies","Storage","Staple magnet","30.016000000000005","4","0.2","3.0016","No"
"1","1992","US-2023-159611","2023-12-27","2024-01-01","Second Class","KB-16315","Karl Braun","Consumer","United States","Cleveland","Ohio","44105","East","OFF-ST-10002790","Office Supplies","Storage","Safco Industrial Shelving","118.16","2","0.2","-25.108999999999988","No"
"1","1993","US-2023-166961","2023-12-27","2023-12-31","Standard Class","CD-12790","Cynthia Delaney","Home Office","United States","Moreno Valley","California","92553","West","OFF-ST-10004507","Office Supplies","Storage","Advantus Rolling Storage Box","51.45","3","0.0","13.8915","No"
"1","1994","US-2023-153087","2023-12-27","2024-01-03","Standard Class","TC-20980","Tamara Chand","Corporate","United States","Decatur","Alabama","35601","South","TEC-AC-10003198","Technology","Accessories","Enermax Acrylux Wireless Keyboard","498.0","5","0.0","184.26","No"
"1","1995","US-2023-141313","2023-12-28","2024-01-01","Standard Class","AJ-10780","Anthony Jacobs","Corporate","United States","Beverly","Massachusetts","1915","East","OFF-AP-10002651","Office Supplies","Appliances","Hoover Upright Vacuum With Dirt Cup","1737.1799999999998","6","0.0","503.78219999999976","No"
"1","1996","US-2023-164259","2023-12-28","2023-12-30","First Class","SP-20860","Sung Pak","Corporate","United States","Philadelphia","Pennsylvania","19143","East","OFF-AR-10003373","Office Supplies","Art","Boston School Pro Electric Pencil Sharpener, 1670","99.136","4","0.2","8.674399999999995","No"
"1","1997","US-2023-141313","2023-12-28","2024-01-01","Standard Class","AJ-10780","Anthony Jacobs","Corporate","United States","Beverly","Massachusetts","1915","East","OFF-PA-10003302","Office Supplies","Paper","Xerox 1906","141.76","4","0.0","66.62719999999999","No"
"1","1998","US-2023-141313","2023-12-28","2024-01-01","Standard Class","AJ-10780","Anthony Jacobs","Corporate","United States","Beverly","Massachusetts","1915","East","OFF-ST-10000689","Office Supplies","Storage","Fellowes Strictly Business Drawer File, Letter/Legal Size","704.25","5","0.0","84.51","No"
"1","1999","US-2023-143371","2023-12-28","2024-01-03","Standard Class","MD-17350","Maribeth Dona","Consumer","United States","Anaheim","California","92804","West","OFF-ST-10001128","Office Supplies","Storage","Carina Mini System Audio Rack, Model AR050B","998.82","9","0.0","29.96460000000006","No"
"1","2000","US-2023-143371","2023-12-28","2024-01-03","Standard Class","MD-17350","Maribeth Dona","Consumer","United States","Anaheim","California","92804","West","OFF-SU-10002537","Office Supplies","Supplies","Acme Box Cutter Scissors","51.150000000000006","5","0.0","13.299000000000005","No"
